status,source_metadata,source_pdf,original_title,learning_resource_types,target_folder,target_file
copied,01_Math/01_calculus/18.01sc-fall-2010/resources/--lpz7vfnki-1/data.json,01_Math/01_calculus/18.01sc-fall-2010/static_resources/9a47db4ed3c1d98a0f319aad76f355e5_--lPz7VFnKI.pdf,3play pdf file,,90_Unclassified_or_Transcript_PDFs,90_Unclassified_or_Transcript_PDFs/lPz7VFnKI.pdf
copied,01_Math/01_calculus/18.01sc-fall-2010/resources/--lpz7vfnki-11/data.json,01_Math/01_calculus/18.01sc-fall-2010/static_resources/2feed45a9ad9a5989bc0558b8356294f_--lPz7VFnKI.pdf,3play pdf file,,90_Unclassified_or_Transcript_PDFs,90_Unclassified_or_Transcript_PDFs/lPz7VFnKI_2.pdf
copied,01_Math/01_calculus/18.01sc-fall-2010/resources/--lpz7vfnki-13/data.json,01_Math/01_calculus/18.01sc-fall-2010/static_resources/f838f8b049f1ee919c10074e633157ab_--lPz7VFnKI.pdf,3play pdf file,,90_Unclassified_or_Transcript_PDFs,90_Unclassified_or_Transcript_PDFs/lPz7VFnKI_3.pdf
copied,01_Math/01_calculus/18.01sc-fall-2010/resources/--lpz7vfnki-15/data.json,01_Math/01_calculus/18.01sc-fall-2010/static_resources/07033e5dd4789f82df3cc729d1292341_--lPz7VFnKI.pdf,3play pdf file,,90_Unclassified_or_Transcript_PDFs,90_Unclassified_or_Transcript_PDFs/lPz7VFnKI_4.pdf
copied,01_Math/01_calculus/18.01sc-fall-2010/resources/--lpz7vfnki-17/data.json,01_Math/01_calculus/18.01sc-fall-2010/static_resources/a79d6cd80f70d758139370450ef8b112_--lPz7VFnKI.pdf,3play pdf file,,90_Unclassified_or_Transcript_PDFs,90_Unclassified_or_Transcript_PDFs/lPz7VFnKI_5.pdf
copied,01_Math/01_calculus/18.01sc-fall-2010/resources/--lpz7vfnki-3/data.json,01_Math/01_calculus/18.01sc-fall-2010/static_resources/aa19a00fb3bfb1311ca84f600e37c146_--lPz7VFnKI.pdf,3play pdf file,,90_Unclassified_or_Transcript_PDFs,90_Unclassified_or_Transcript_PDFs/lPz7VFnKI_6.pdf
copied,01_Math/01_calculus/18.01sc-fall-2010/resources/--lpz7vfnki-5/data.json,01_Math/01_calculus/18.01sc-fall-2010/static_resources/318a93441f1883de2fed265d86d7ab41_--lPz7VFnKI.pdf,3play pdf file,,90_Unclassified_or_Transcript_PDFs,90_Unclassified_or_Transcript_PDFs/lPz7VFnKI_7.pdf
copied,01_Math/01_calculus/18.01sc-fall-2010/resources/--lpz7vfnki-7/data.json,01_Math/01_calculus/18.01sc-fall-2010/static_resources/624e491775f1016311127eb71d3bee47_--lPz7VFnKI.pdf,3play pdf file,,90_Unclassified_or_Transcript_PDFs,90_Unclassified_or_Transcript_PDFs/lPz7VFnKI_8.pdf
copied,01_Math/01_calculus/18.01sc-fall-2010/resources/--lpz7vfnki-9/data.json,01_Math/01_calculus/18.01sc-fall-2010/static_resources/0f08568f888d620dc09c9e4f162a6518_--lPz7VFnKI.pdf,3play pdf file,,90_Unclassified_or_Transcript_PDFs,90_Unclassified_or_Transcript_PDFs/lPz7VFnKI_9.pdf
copied,01_Math/01_calculus/18.01sc-fall-2010/resources/-csepyesbsg-1/data.json,01_Math/01_calculus/18.01sc-fall-2010/static_resources/82ed9bb7ad3878b0bee19aafa129a4b9_-CsEPYeSBsg.pdf,3play pdf file,,90_Unclassified_or_Transcript_PDFs,90_Unclassified_or_Transcript_PDFs/CsEPYeSBsg.pdf
copied,01_Math/01_calculus/18.01sc-fall-2010/resources/-mi0b4h3rs0-1/data.json,01_Math/01_calculus/18.01sc-fall-2010/static_resources/769f45860152ce5af0a71c6a17da8b47_-MI0b4h3rS0.pdf,3play pdf file,,90_Unclassified_or_Transcript_PDFs,90_Unclassified_or_Transcript_PDFs/MI0b4h3rS0.pdf
copied,01_Math/01_calculus/18.01sc-fall-2010/resources/-mi0b4h3rs0-11/data.json,01_Math/01_calculus/18.01sc-fall-2010/static_resources/b0b6a41a620ffa303fb31279c5811e35_-MI0b4h3rS0.pdf,3play pdf file,,90_Unclassified_or_Transcript_PDFs,90_Unclassified_or_Transcript_PDFs/MI0b4h3rS0_2.pdf
copied,01_Math/01_calculus/18.01sc-fall-2010/resources/-mi0b4h3rs0-13/data.json,01_Math/01_calculus/18.01sc-fall-2010/static_resources/1e39e2bcd0a1ec688f387e683f3b9a04_-MI0b4h3rS0.pdf,3play pdf file,,90_Unclassified_or_Transcript_PDFs,90_Unclassified_or_Transcript_PDFs/MI0b4h3rS0_3.pdf
copied,01_Math/01_calculus/18.01sc-fall-2010/resources/-mi0b4h3rs0-15/data.json,01_Math/01_calculus/18.01sc-fall-2010/static_resources/d37bdccda463f98a701fd08fd65ea967_-MI0b4h3rS0.pdf,3play pdf file,,90_Unclassified_or_Transcript_PDFs,90_Unclassified_or_Transcript_PDFs/MI0b4h3rS0_4.pdf
copied,01_Math/01_calculus/18.01sc-fall-2010/resources/-mi0b4h3rs0-17/data.json,01_Math/01_calculus/18.01sc-fall-2010/static_resources/061da460e9f96cc818e9f69f35fbc8aa_-MI0b4h3rS0.pdf,3play pdf file,,90_Unclassified_or_Transcript_PDFs,90_Unclassified_or_Transcript_PDFs/MI0b4h3rS0_5.pdf
copied,01_Math/01_calculus/18.01sc-fall-2010/resources/-mi0b4h3rs0-3/data.json,01_Math/01_calculus/18.01sc-fall-2010/static_resources/7df414c3b345671e7c1417b30b546c29_-MI0b4h3rS0.pdf,3play pdf file,,90_Unclassified_or_Transcript_PDFs,90_Unclassified_or_Transcript_PDFs/MI0b4h3rS0_6.pdf
copied,01_Math/01_calculus/18.01sc-fall-2010/resources/-mi0b4h3rs0-5/data.json,01_Math/01_calculus/18.01sc-fall-2010/static_resources/03d543a566ca1d35080eedb7e017a670_-MI0b4h3rS0.pdf,3play pdf file,,90_Unclassified_or_Transcript_PDFs,90_Unclassified_or_Transcript_PDFs/MI0b4h3rS0_7.pdf
copied,01_Math/01_calculus/18.01sc-fall-2010/resources/-mi0b4h3rs0-7/data.json,01_Math/01_calculus/18.01sc-fall-2010/static_resources/4c91dda10d7928748b813db3b06056e9_-MI0b4h3rS0.pdf,3play pdf file,,90_Unclassified_or_Transcript_PDFs,90_Unclassified_or_Transcript_PDFs/MI0b4h3rS0_8.pdf
copied,01_Math/01_calculus/18.01sc-fall-2010/resources/-mi0b4h3rs0-9/data.json,01_Math/01_calculus/18.01sc-fall-2010/static_resources/c95979f9004b5735da3f266a3d6cd65b_-MI0b4h3rS0.pdf,3play pdf file,,90_Unclassified_or_Transcript_PDFs,90_Unclassified_or_Transcript_PDFs/MI0b4h3rS0_9.pdf
copied,01_Math/01_calculus/18.01sc-fall-2010/resources/0ygidauose4-1/data.json,01_Math/01_calculus/18.01sc-fall-2010/static_resources/a4ba651c7fa46e73636320e155d1c38a_0YGiDaUOse4.pdf,3play pdf file,,90_Unclassified_or_Transcript_PDFs,90_Unclassified_or_Transcript_PDFs/0YGiDaUOse4.pdf
copied,01_Math/01_calculus/18.01sc-fall-2010/resources/13uphn32mjs-1/data.json,01_Math/01_calculus/18.01sc-fall-2010/static_resources/fbafa31b338486321079d73375390964_13UPhn32Mjs.pdf,3play pdf file,,90_Unclassified_or_Transcript_PDFs,90_Unclassified_or_Transcript_PDFs/13UPhn32Mjs.pdf
copied,01_Math/01_calculus/18.01sc-fall-2010/resources/1424365-1/data.json,01_Math/01_calculus/18.01sc-fall-2010/static_resources/b743a17ffde5926a090a4f6e0fc5cfaa_1424365.pdf,3play pdf file,,90_Unclassified_or_Transcript_PDFs,90_Unclassified_or_Transcript_PDFs/1424365.pdf
copied,01_Math/01_calculus/18.01sc-fall-2010/resources/19x213y_uk4-1/data.json,01_Math/01_calculus/18.01sc-fall-2010/static_resources/e1f03a7f2ee2d823d25ddb45475a9741_19x213y_uk4.pdf,3play pdf file,,90_Unclassified_or_Transcript_PDFs,90_Unclassified_or_Transcript_PDFs/19x213y_uk4.pdf
copied,01_Math/01_calculus/18.01sc-fall-2010/resources/1cejtnumo1y-1/data.json,01_Math/01_calculus/18.01sc-fall-2010/static_resources/d2835649b9952c3b3c0c0aed9956bf70_1cejTnuMo1Y.pdf,3play pdf file,,90_Unclassified_or_Transcript_PDFs,90_Unclassified_or_Transcript_PDFs/1cejTnuMo1Y.pdf
copied,01_Math/01_calculus/18.01sc-fall-2010/resources/1rlctds2huq-1/data.json,01_Math/01_calculus/18.01sc-fall-2010/static_resources/c566b89ef510b8b8ec70644221fd9708_1RLctDS2hUQ.pdf,3play pdf file,,90_Unclassified_or_Transcript_PDFs,90_Unclassified_or_Transcript_PDFs/1RLctDS2hUQ.pdf
copied,01_Math/01_calculus/18.01sc-fall-2010/resources/1rlctds2huq-11/data.json,01_Math/01_calculus/18.01sc-fall-2010/static_resources/0cecd4d2b4853f9885ab54a8722caf29_1RLctDS2hUQ.pdf,3play pdf file,,90_Unclassified_or_Transcript_PDFs,90_Unclassified_or_Transcript_PDFs/1RLctDS2hUQ_2.pdf
copied,01_Math/01_calculus/18.01sc-fall-2010/resources/1rlctds2huq-13/data.json,01_Math/01_calculus/18.01sc-fall-2010/static_resources/7aa88c5b4389c0e1152f38e0b88e4afa_1RLctDS2hUQ.pdf,3play pdf file,,90_Unclassified_or_Transcript_PDFs,90_Unclassified_or_Transcript_PDFs/1RLctDS2hUQ_3.pdf
copied,01_Math/01_calculus/18.01sc-fall-2010/resources/1rlctds2huq-15/data.json,01_Math/01_calculus/18.01sc-fall-2010/static_resources/10cb1a7203567b3989e31d32d8e69acd_1RLctDS2hUQ.pdf,3play pdf file,,90_Unclassified_or_Transcript_PDFs,90_Unclassified_or_Transcript_PDFs/1RLctDS2hUQ_4.pdf
copied,01_Math/01_calculus/18.01sc-fall-2010/resources/1rlctds2huq-3/data.json,01_Math/01_calculus/18.01sc-fall-2010/static_resources/ec803905ff3d9b8a2d354d07ed57c120_1RLctDS2hUQ.pdf,3play pdf file,,90_Unclassified_or_Transcript_PDFs,90_Unclassified_or_Transcript_PDFs/1RLctDS2hUQ_5.pdf
copied,01_Math/01_calculus/18.01sc-fall-2010/resources/1rlctds2huq-5/data.json,01_Math/01_calculus/18.01sc-fall-2010/static_resources/54d5ef8d54201c140b588102958f4f84_1RLctDS2hUQ.pdf,3play pdf file,,90_Unclassified_or_Transcript_PDFs,90_Unclassified_or_Transcript_PDFs/1RLctDS2hUQ_6.pdf
copied,01_Math/01_calculus/18.01sc-fall-2010/resources/1rlctds2huq-7/data.json,01_Math/01_calculus/18.01sc-fall-2010/static_resources/b32c39efa1aed435fdfc1594f028ca3d_1RLctDS2hUQ.pdf,3play pdf file,,90_Unclassified_or_Transcript_PDFs,90_Unclassified_or_Transcript_PDFs/1RLctDS2hUQ_7.pdf
copied,01_Math/01_calculus/18.01sc-fall-2010/resources/1rlctds2huq-9/data.json,01_Math/01_calculus/18.01sc-fall-2010/static_resources/03ec61cd0ba4784647caf9da1dd6535c_1RLctDS2hUQ.pdf,3play pdf file,,90_Unclassified_or_Transcript_PDFs,90_Unclassified_or_Transcript_PDFs/1RLctDS2hUQ_8.pdf
copied,01_Math/01_calculus/18.01sc-fall-2010/resources/21784-1/data.json,01_Math/01_calculus/18.01sc-fall-2010/static_resources/e106b769a05af07e166558d8a0d78504_21784.pdf,3play pdf file,,90_Unclassified_or_Transcript_PDFs,90_Unclassified_or_Transcript_PDFs/21784.pdf
copied,01_Math/01_calculus/18.01sc-fall-2010/resources/21789-1/data.json,01_Math/01_calculus/18.01sc-fall-2010/static_resources/e0d2d2093a102614f61c8d390e6190c5_21789.pdf,3play pdf file,,90_Unclassified_or_Transcript_PDFs,90_Unclassified_or_Transcript_PDFs/21789.pdf
copied,01_Math/01_calculus/18.01sc-fall-2010/resources/2_7htv5evim-1/data.json,01_Math/01_calculus/18.01sc-fall-2010/static_resources/54a2eb3b68a44137647e8568911ad3d3_2_7htv5eviM.pdf,3play pdf file,,90_Unclassified_or_Transcript_PDFs,90_Unclassified_or_Transcript_PDFs/2_7htv5eviM.pdf
copied,01_Math/01_calculus/18.01sc-fall-2010/resources/2keggdbjkgu-1/data.json,01_Math/01_calculus/18.01sc-fall-2010/static_resources/21de0780b261063dfd60f253ee6b7dfd_2keGgDBJKGU.pdf,3play pdf file,,90_Unclassified_or_Transcript_PDFs,90_Unclassified_or_Transcript_PDFs/2keGgDBJKGU.pdf
copied,01_Math/01_calculus/18.01sc-fall-2010/resources/2y4tciwbvri-1/data.json,01_Math/01_calculus/18.01sc-fall-2010/static_resources/db9c34a07da5fc73ece1f3f7b62e3987_2y4tCiWbVRI.pdf,3play pdf file,,90_Unclassified_or_Transcript_PDFs,90_Unclassified_or_Transcript_PDFs/2y4tCiWbVRI.pdf
copied,01_Math/01_calculus/18.01sc-fall-2010/resources/4q37ioybq44-1/data.json,01_Math/01_calculus/18.01sc-fall-2010/static_resources/8cb015727548398fd5577cbc23fc7536_4Q37iOyBq44.pdf,3play pdf file,,90_Unclassified_or_Transcript_PDFs,90_Unclassified_or_Transcript_PDFs/4Q37iOyBq44.pdf
copied,01_Math/01_calculus/18.01sc-fall-2010/resources/4q37ioybq44-11/data.json,01_Math/01_calculus/18.01sc-fall-2010/static_resources/d55d43a50e6a14e2b2d2ed0ca6426c99_4Q37iOyBq44.pdf,3play pdf file,,90_Unclassified_or_Transcript_PDFs,90_Unclassified_or_Transcript_PDFs/4Q37iOyBq44_2.pdf
copied,01_Math/01_calculus/18.01sc-fall-2010/resources/4q37ioybq44-3/data.json,01_Math/01_calculus/18.01sc-fall-2010/static_resources/1eb3b6158e4eab3b5f7acd2f0fb7fff4_4Q37iOyBq44.pdf,3play pdf file,,90_Unclassified_or_Transcript_PDFs,90_Unclassified_or_Transcript_PDFs/4Q37iOyBq44_3.pdf
copied,01_Math/01_calculus/18.01sc-fall-2010/resources/4q37ioybq44-5/data.json,01_Math/01_calculus/18.01sc-fall-2010/static_resources/898c79f0c2630bf7c3958fccf46ebe44_4Q37iOyBq44.pdf,3play pdf file,,90_Unclassified_or_Transcript_PDFs,90_Unclassified_or_Transcript_PDFs/4Q37iOyBq44_4.pdf
copied,01_Math/01_calculus/18.01sc-fall-2010/resources/4q37ioybq44-7/data.json,01_Math/01_calculus/18.01sc-fall-2010/static_resources/c88d5f6be06216d68cdb4863e5d30768_4Q37iOyBq44.pdf,3play pdf file,,90_Unclassified_or_Transcript_PDFs,90_Unclassified_or_Transcript_PDFs/4Q37iOyBq44_5.pdf
copied,01_Math/01_calculus/18.01sc-fall-2010/resources/4q37ioybq44-9/data.json,01_Math/01_calculus/18.01sc-fall-2010/static_resources/f1fc2873ca0c9610743fd788713c9884_4Q37iOyBq44.pdf,3play pdf file,,90_Unclassified_or_Transcript_PDFs,90_Unclassified_or_Transcript_PDFs/4Q37iOyBq44_6.pdf
copied,01_Math/01_calculus/18.01sc-fall-2010/resources/4stkcvymnxk-1/data.json,01_Math/01_calculus/18.01sc-fall-2010/static_resources/8d37193e8735cfd399c21e84f92e4d42_4sTKcvYMNxk.pdf,3play pdf file,,90_Unclassified_or_Transcript_PDFs,90_Unclassified_or_Transcript_PDFs/4sTKcvYMNxk.pdf
copied,01_Math/01_calculus/18.01sc-fall-2010/resources/4stkcvymnxk-11/data.json,01_Math/01_calculus/18.01sc-fall-2010/static_resources/5001906bf5691cb84bbc4de69f45e662_4sTKcvYMNxk.pdf,3play pdf file,,90_Unclassified_or_Transcript_PDFs,90_Unclassified_or_Transcript_PDFs/4sTKcvYMNxk_2.pdf
copied,01_Math/01_calculus/18.01sc-fall-2010/resources/4stkcvymnxk-13/data.json,01_Math/01_calculus/18.01sc-fall-2010/static_resources/cc56f6d000bee7cffc2b8dbcb7711cc9_4sTKcvYMNxk.pdf,3play pdf file,,90_Unclassified_or_Transcript_PDFs,90_Unclassified_or_Transcript_PDFs/4sTKcvYMNxk_3.pdf
copied,01_Math/01_calculus/18.01sc-fall-2010/resources/4stkcvymnxk-15/data.json,01_Math/01_calculus/18.01sc-fall-2010/static_resources/fdf322554876cf34b68ff60ff40fd473_4sTKcvYMNxk.pdf,3play pdf file,,90_Unclassified_or_Transcript_PDFs,90_Unclassified_or_Transcript_PDFs/4sTKcvYMNxk_4.pdf
copied,01_Math/01_calculus/18.01sc-fall-2010/resources/4stkcvymnxk-3/data.json,01_Math/01_calculus/18.01sc-fall-2010/static_resources/c61dcfd9f825f9f2640598cda658a5e8_4sTKcvYMNxk.pdf,3play pdf file,,90_Unclassified_or_Transcript_PDFs,90_Unclassified_or_Transcript_PDFs/4sTKcvYMNxk_5.pdf
copied,01_Math/01_calculus/18.01sc-fall-2010/resources/4stkcvymnxk-5/data.json,01_Math/01_calculus/18.01sc-fall-2010/static_resources/013a7c85e288e42d7d22ee519948ea00_4sTKcvYMNxk.pdf,3play pdf file,,90_Unclassified_or_Transcript_PDFs,90_Unclassified_or_Transcript_PDFs/4sTKcvYMNxk_6.pdf
copied,01_Math/01_calculus/18.01sc-fall-2010/resources/4stkcvymnxk-7/data.json,01_Math/01_calculus/18.01sc-fall-2010/static_resources/a38321d41930394a55caa253cb47f3e4_4sTKcvYMNxk.pdf,3play pdf file,,90_Unclassified_or_Transcript_PDFs,90_Unclassified_or_Transcript_PDFs/4sTKcvYMNxk_7.pdf
copied,01_Math/01_calculus/18.01sc-fall-2010/resources/4stkcvymnxk-9/data.json,01_Math/01_calculus/18.01sc-fall-2010/static_resources/20c159a40371a30830f497fc99494bf4_4sTKcvYMNxk.pdf,3play pdf file,,90_Unclassified_or_Transcript_PDFs,90_Unclassified_or_Transcript_PDFs/4sTKcvYMNxk_8.pdf
copied,01_Math/01_calculus/18.01sc-fall-2010/resources/55ncrlbzsta-1/data.json,01_Math/01_calculus/18.01sc-fall-2010/static_resources/2f9a956462ea89d6852402f75d54317e_55ncRlBZstA.pdf,3play pdf file,,90_Unclassified_or_Transcript_PDFs,90_Unclassified_or_Transcript_PDFs/55ncRlBZstA.pdf
copied,01_Math/01_calculus/18.01sc-fall-2010/resources/5q_3fdokvrq-1/data.json,01_Math/01_calculus/18.01sc-fall-2010/static_resources/a6f84bb9a3e86bb369ccfe1e7f3dcf02_5q_3FDOkVRQ.pdf,3play pdf file,,90_Unclassified_or_Transcript_PDFs,90_Unclassified_or_Transcript_PDFs/5q_3FDOkVRQ.pdf
copied,01_Math/01_calculus/18.01sc-fall-2010/resources/5q_3fdokvrq-11/data.json,01_Math/01_calculus/18.01sc-fall-2010/static_resources/c3605471f8cc6a1f25cf148ca2ca58ed_5q_3FDOkVRQ.pdf,3play pdf file,,90_Unclassified_or_Transcript_PDFs,90_Unclassified_or_Transcript_PDFs/5q_3FDOkVRQ_2.pdf
copied,01_Math/01_calculus/18.01sc-fall-2010/resources/5q_3fdokvrq-13/data.json,01_Math/01_calculus/18.01sc-fall-2010/static_resources/93795c93ad5c7ebf80024bc8df21ceb6_5q_3FDOkVRQ.pdf,3play pdf file,,90_Unclassified_or_Transcript_PDFs,90_Unclassified_or_Transcript_PDFs/5q_3FDOkVRQ_3.pdf
copied,01_Math/01_calculus/18.01sc-fall-2010/resources/5q_3fdokvrq-15/data.json,01_Math/01_calculus/18.01sc-fall-2010/static_resources/4a104169351539023e82b0ae60cac6be_5q_3FDOkVRQ.pdf,3play pdf file,,90_Unclassified_or_Transcript_PDFs,90_Unclassified_or_Transcript_PDFs/5q_3FDOkVRQ_4.pdf
copied,01_Math/01_calculus/18.01sc-fall-2010/resources/5q_3fdokvrq-3/data.json,01_Math/01_calculus/18.01sc-fall-2010/static_resources/e6f98472ab584c2b8bb02f86fcbce655_5q_3FDOkVRQ.pdf,3play pdf file,,90_Unclassified_or_Transcript_PDFs,90_Unclassified_or_Transcript_PDFs/5q_3FDOkVRQ_5.pdf
copied,01_Math/01_calculus/18.01sc-fall-2010/resources/5q_3fdokvrq-5/data.json,01_Math/01_calculus/18.01sc-fall-2010/static_resources/2cbf4de986b56306d32dd3e632f374c7_5q_3FDOkVRQ.pdf,3play pdf file,,90_Unclassified_or_Transcript_PDFs,90_Unclassified_or_Transcript_PDFs/5q_3FDOkVRQ_6.pdf
copied,01_Math/01_calculus/18.01sc-fall-2010/resources/5q_3fdokvrq-7/data.json,01_Math/01_calculus/18.01sc-fall-2010/static_resources/b257b2e197cf8728e8ec6f18bec0d49f_5q_3FDOkVRQ.pdf,3play pdf file,,90_Unclassified_or_Transcript_PDFs,90_Unclassified_or_Transcript_PDFs/5q_3FDOkVRQ_7.pdf
copied,01_Math/01_calculus/18.01sc-fall-2010/resources/5q_3fdokvrq-9/data.json,01_Math/01_calculus/18.01sc-fall-2010/static_resources/440a760d8b5fb660d2572519bbe8a01a_5q_3FDOkVRQ.pdf,3play pdf file,,90_Unclassified_or_Transcript_PDFs,90_Unclassified_or_Transcript_PDFs/5q_3FDOkVRQ_8.pdf
copied,01_Math/01_calculus/18.01sc-fall-2010/resources/60vgknybpbg-1/data.json,01_Math/01_calculus/18.01sc-fall-2010/static_resources/b4a6b8f677273d5f1bfed1e253234ba7_60VGKnYBpbg.pdf,3play pdf file,,90_Unclassified_or_Transcript_PDFs,90_Unclassified_or_Transcript_PDFs/60VGKnYBpbg.pdf
copied,01_Math/01_calculus/18.01sc-fall-2010/resources/60vgknybpbg-11/data.json,01_Math/01_calculus/18.01sc-fall-2010/static_resources/5254e55cd4b64e7573b26c3c4e20f9be_60VGKnYBpbg.pdf,3play pdf file,,90_Unclassified_or_Transcript_PDFs,90_Unclassified_or_Transcript_PDFs/60VGKnYBpbg_2.pdf
copied,01_Math/01_calculus/18.01sc-fall-2010/resources/60vgknybpbg-3/data.json,01_Math/01_calculus/18.01sc-fall-2010/static_resources/15237b1b6b3d8242ea10127ccb7224f4_60VGKnYBpbg.pdf,3play pdf file,,90_Unclassified_or_Transcript_PDFs,90_Unclassified_or_Transcript_PDFs/60VGKnYBpbg_3.pdf
copied,01_Math/01_calculus/18.01sc-fall-2010/resources/60vgknybpbg-5/data.json,01_Math/01_calculus/18.01sc-fall-2010/static_resources/5aca2ea7f5fbd846e6b004b5f1440489_60VGKnYBpbg.pdf,3play pdf file,,90_Unclassified_or_Transcript_PDFs,90_Unclassified_or_Transcript_PDFs/60VGKnYBpbg_4.pdf
copied,01_Math/01_calculus/18.01sc-fall-2010/resources/60vgknybpbg-7/data.json,01_Math/01_calculus/18.01sc-fall-2010/static_resources/7381f835166916c45c8cf3de2e0a58c5_60VGKnYBpbg.pdf,3play pdf file,,90_Unclassified_or_Transcript_PDFs,90_Unclassified_or_Transcript_PDFs/60VGKnYBpbg_5.pdf
copied,01_Math/01_calculus/18.01sc-fall-2010/resources/60vgknybpbg-9/data.json,01_Math/01_calculus/18.01sc-fall-2010/static_resources/cb5cccd4db85dd0bfdcb22238203a453_60VGKnYBpbg.pdf,3play pdf file,,90_Unclassified_or_Transcript_PDFs,90_Unclassified_or_Transcript_PDFs/60VGKnYBpbg_6.pdf
copied,01_Math/01_calculus/18.01sc-fall-2010/resources/7ekztfctiuu-1/data.json,01_Math/01_calculus/18.01sc-fall-2010/static_resources/28b4181edb3e71d68837493207a00bf4_7EKztFcTiUU.pdf,3play pdf file,,90_Unclassified_or_Transcript_PDFs,90_Unclassified_or_Transcript_PDFs/7EKztFcTiUU.pdf
copied,01_Math/01_calculus/18.01sc-fall-2010/resources/7k1sb05pe0a-1/data.json,01_Math/01_calculus/18.01sc-fall-2010/static_resources/4e1930a8dfbfaebd7cf85c61d4676500_7K1sB05pE0A.pdf,3play pdf file,,90_Unclassified_or_Transcript_PDFs,90_Unclassified_or_Transcript_PDFs/7K1sB05pE0A.pdf
copied,01_Math/01_calculus/18.01sc-fall-2010/resources/7k1sb05pe0a-11/data.json,01_Math/01_calculus/18.01sc-fall-2010/static_resources/507e9225a6c91c96c390b1765ebac9e5_7K1sB05pE0A.pdf,3play pdf file,,90_Unclassified_or_Transcript_PDFs,90_Unclassified_or_Transcript_PDFs/7K1sB05pE0A_2.pdf
copied,01_Math/01_calculus/18.01sc-fall-2010/resources/7k1sb05pe0a-13/data.json,01_Math/01_calculus/18.01sc-fall-2010/static_resources/217e9898322c5c248ec9e3954558c4dd_7K1sB05pE0A.pdf,3play pdf file,,90_Unclassified_or_Transcript_PDFs,90_Unclassified_or_Transcript_PDFs/7K1sB05pE0A_3.pdf
copied,01_Math/01_calculus/18.01sc-fall-2010/resources/7k1sb05pe0a-15/data.json,01_Math/01_calculus/18.01sc-fall-2010/static_resources/a5bc60fec959c1285892f48b721d1ced_7K1sB05pE0A.pdf,3play pdf file,,90_Unclassified_or_Transcript_PDFs,90_Unclassified_or_Transcript_PDFs/7K1sB05pE0A_4.pdf
copied,01_Math/01_calculus/18.01sc-fall-2010/resources/7k1sb05pe0a-17/data.json,01_Math/01_calculus/18.01sc-fall-2010/static_resources/d131aa705f56e5f2154e670281cbfb45_7K1sB05pE0A.pdf,3play pdf file,,90_Unclassified_or_Transcript_PDFs,90_Unclassified_or_Transcript_PDFs/7K1sB05pE0A_5.pdf
copied,01_Math/01_calculus/18.01sc-fall-2010/resources/7k1sb05pe0a-3/data.json,01_Math/01_calculus/18.01sc-fall-2010/static_resources/c1d610176b56381eef4de4043b544eb8_7K1sB05pE0A.pdf,3play pdf file,,90_Unclassified_or_Transcript_PDFs,90_Unclassified_or_Transcript_PDFs/7K1sB05pE0A_6.pdf
copied,01_Math/01_calculus/18.01sc-fall-2010/resources/7k1sb05pe0a-5/data.json,01_Math/01_calculus/18.01sc-fall-2010/static_resources/b077a7907b8018d95efad7a876219997_7K1sB05pE0A.pdf,3play pdf file,,90_Unclassified_or_Transcript_PDFs,90_Unclassified_or_Transcript_PDFs/7K1sB05pE0A_7.pdf
copied,01_Math/01_calculus/18.01sc-fall-2010/resources/7k1sb05pe0a-7/data.json,01_Math/01_calculus/18.01sc-fall-2010/static_resources/ffb62aa212774eac9ededa9b51e9dadd_7K1sB05pE0A.pdf,3play pdf file,,90_Unclassified_or_Transcript_PDFs,90_Unclassified_or_Transcript_PDFs/7K1sB05pE0A_8.pdf
copied,01_Math/01_calculus/18.01sc-fall-2010/resources/7k1sb05pe0a-9/data.json,01_Math/01_calculus/18.01sc-fall-2010/static_resources/4adaa475a229f3dc0cfac17fffc08023_7K1sB05pE0A.pdf,3play pdf file,,90_Unclassified_or_Transcript_PDFs,90_Unclassified_or_Transcript_PDFs/7K1sB05pE0A_9.pdf
copied,01_Math/01_calculus/18.01sc-fall-2010/resources/7vvbtivxiw-1/data.json,01_Math/01_calculus/18.01sc-fall-2010/static_resources/5cc8658d7dec01542663e9a08f3be8b3_7vVBtiVXIw.pdf,3play pdf file,,90_Unclassified_or_Transcript_PDFs,90_Unclassified_or_Transcript_PDFs/7vVBtiVXIw.pdf
copied,01_Math/01_calculus/18.01sc-fall-2010/resources/98x2tyxxqdu-1/data.json,01_Math/01_calculus/18.01sc-fall-2010/static_resources/75ba0f7e5520271a33ddf5f3eadceaa5_98X2TyxXQdU.pdf,3play pdf file,,90_Unclassified_or_Transcript_PDFs,90_Unclassified_or_Transcript_PDFs/98X2TyxXQdU.pdf
copied,01_Math/01_calculus/18.01sc-fall-2010/resources/9j_vchpvmby-1/data.json,01_Math/01_calculus/18.01sc-fall-2010/static_resources/79fe68c39926026e34df3fab67806732_9J_VCHpvMbY.pdf,3play pdf file,,90_Unclassified_or_Transcript_PDFs,90_Unclassified_or_Transcript_PDFs/9J_VCHpvMbY.pdf
copied,01_Math/01_calculus/18.01sc-fall-2010/resources/9v25gg2qjye-1/data.json,01_Math/01_calculus/18.01sc-fall-2010/static_resources/b705fde005e6a97070408ac7e2bb650f_9v25gg2qJYE.pdf,3play pdf file,,90_Unclassified_or_Transcript_PDFs,90_Unclassified_or_Transcript_PDFs/9v25gg2qJYE.pdf
copied,01_Math/01_calculus/18.01sc-fall-2010/resources/9v25gg2qjye-11/data.json,01_Math/01_calculus/18.01sc-fall-2010/static_resources/f6369b9c097245665e4abf1403b078dc_9v25gg2qJYE.pdf,3play pdf file,,90_Unclassified_or_Transcript_PDFs,90_Unclassified_or_Transcript_PDFs/9v25gg2qJYE_2.pdf
copied,01_Math/01_calculus/18.01sc-fall-2010/resources/9v25gg2qjye-13/data.json,01_Math/01_calculus/18.01sc-fall-2010/static_resources/679b0d1a4f91498e10eb30ceea737d5e_9v25gg2qJYE.pdf,3play pdf file,,90_Unclassified_or_Transcript_PDFs,90_Unclassified_or_Transcript_PDFs/9v25gg2qJYE_3.pdf
copied,01_Math/01_calculus/18.01sc-fall-2010/resources/9v25gg2qjye-15/data.json,01_Math/01_calculus/18.01sc-fall-2010/static_resources/d47ef03ab10246dae74c379e5483c4ac_9v25gg2qJYE.pdf,3play pdf file,,90_Unclassified_or_Transcript_PDFs,90_Unclassified_or_Transcript_PDFs/9v25gg2qJYE_4.pdf
copied,01_Math/01_calculus/18.01sc-fall-2010/resources/9v25gg2qjye-17/data.json,01_Math/01_calculus/18.01sc-fall-2010/static_resources/8f57eb508f7c1127cead9a31d9edc70f_9v25gg2qJYE.pdf,3play pdf file,,90_Unclassified_or_Transcript_PDFs,90_Unclassified_or_Transcript_PDFs/9v25gg2qJYE_5.pdf
copied,01_Math/01_calculus/18.01sc-fall-2010/resources/9v25gg2qjye-19/data.json,01_Math/01_calculus/18.01sc-fall-2010/static_resources/e0ebb1368280022b1c231c42c22a1bdd_9v25gg2qJYE.pdf,3play pdf file,,90_Unclassified_or_Transcript_PDFs,90_Unclassified_or_Transcript_PDFs/9v25gg2qJYE_6.pdf
copied,01_Math/01_calculus/18.01sc-fall-2010/resources/9v25gg2qjye-21/data.json,01_Math/01_calculus/18.01sc-fall-2010/static_resources/51f28d27288850d203cad64287bb049b_9v25gg2qJYE.pdf,3play pdf file,,90_Unclassified_or_Transcript_PDFs,90_Unclassified_or_Transcript_PDFs/9v25gg2qJYE_7.pdf
copied,01_Math/01_calculus/18.01sc-fall-2010/resources/9v25gg2qjye-23/data.json,01_Math/01_calculus/18.01sc-fall-2010/static_resources/4eb64a1e539191e5c60c9b86d44a643f_9v25gg2qJYE.pdf,3play pdf file,,90_Unclassified_or_Transcript_PDFs,90_Unclassified_or_Transcript_PDFs/9v25gg2qJYE_8.pdf
copied,01_Math/01_calculus/18.01sc-fall-2010/resources/9v25gg2qjye-3/data.json,01_Math/01_calculus/18.01sc-fall-2010/static_resources/7c0fa027cf6f67b5550f79da4010e8cc_9v25gg2qJYE.pdf,3play pdf file,,90_Unclassified_or_Transcript_PDFs,90_Unclassified_or_Transcript_PDFs/9v25gg2qJYE_9.pdf
copied,01_Math/01_calculus/18.01sc-fall-2010/resources/9v25gg2qjye-5/data.json,01_Math/01_calculus/18.01sc-fall-2010/static_resources/7b3d34cdd020e19cfeb3ae5470347818_9v25gg2qJYE.pdf,3play pdf file,,90_Unclassified_or_Transcript_PDFs,90_Unclassified_or_Transcript_PDFs/9v25gg2qJYE_10.pdf
copied,01_Math/01_calculus/18.01sc-fall-2010/resources/9v25gg2qjye-7/data.json,01_Math/01_calculus/18.01sc-fall-2010/static_resources/b0ba61735f666dcb808fffddbca9947d_9v25gg2qJYE.pdf,3play pdf file,,90_Unclassified_or_Transcript_PDFs,90_Unclassified_or_Transcript_PDFs/9v25gg2qJYE_11.pdf
copied,01_Math/01_calculus/18.01sc-fall-2010/resources/9v25gg2qjye-9/data.json,01_Math/01_calculus/18.01sc-fall-2010/static_resources/d120e3bf7a3716dddb2e72463a9d42a7_9v25gg2qJYE.pdf,3play pdf file,,90_Unclassified_or_Transcript_PDFs,90_Unclassified_or_Transcript_PDFs/9v25gg2qJYE_12.pdf
copied,01_Math/01_calculus/18.01sc-fall-2010/resources/9ygomjdom6o-1/data.json,01_Math/01_calculus/18.01sc-fall-2010/static_resources/0246497df327e648930934a5b9797738_9YgOmJdom6o.pdf,3play pdf file,,90_Unclassified_or_Transcript_PDFs,90_Unclassified_or_Transcript_PDFs/9YgOmJdom6o.pdf
copied,01_Math/01_calculus/18.01sc-fall-2010/resources/aar099xh5w4-1/data.json,01_Math/01_calculus/18.01sc-fall-2010/static_resources/7ec759ae2979f25135e3baf7985528bf_aar099Xh5W4.pdf,3play pdf file,,90_Unclassified_or_Transcript_PDFs,90_Unclassified_or_Transcript_PDFs/aar099Xh5W4.pdf
copied,01_Math/01_calculus/18.01sc-fall-2010/resources/aefq2fyugay-1/data.json,01_Math/01_calculus/18.01sc-fall-2010/static_resources/ffc384f40ddbfcd0d0455cfd36431f54_aefQ2FYugAY.pdf,3play pdf file,,90_Unclassified_or_Transcript_PDFs,90_Unclassified_or_Transcript_PDFs/aefQ2FYugAY.pdf
copied,01_Math/01_calculus/18.01sc-fall-2010/resources/aeqa5d3gzti-1/data.json,01_Math/01_calculus/18.01sc-fall-2010/static_resources/00c4f5a8ff61b19e63059634b4333a2c_aeQA5d3gZTI.pdf,3play pdf file,,90_Unclassified_or_Transcript_PDFs,90_Unclassified_or_Transcript_PDFs/aeQA5d3gZTI.pdf
copied,01_Math/01_calculus/18.01sc-fall-2010/resources/aexp1zc6hls-1/data.json,01_Math/01_calculus/18.01sc-fall-2010/static_resources/f111812fcfd4ff690562f74387f6a041_aeXp1zC6Hls.pdf,3play pdf file,,90_Unclassified_or_Transcript_PDFs,90_Unclassified_or_Transcript_PDFs/aeXp1zC6Hls.pdf
copied,01_Math/01_calculus/18.01sc-fall-2010/resources/aexp1zc6hls-11/data.json,01_Math/01_calculus/18.01sc-fall-2010/static_resources/89f4c1546399a769a06f0d05179759c2_aeXp1zC6Hls.pdf,3play pdf file,,90_Unclassified_or_Transcript_PDFs,90_Unclassified_or_Transcript_PDFs/aeXp1zC6Hls_2.pdf
copied,01_Math/01_calculus/18.01sc-fall-2010/resources/aexp1zc6hls-13/data.json,01_Math/01_calculus/18.01sc-fall-2010/static_resources/df869ea6be7f1a22e90cb0fb7a04c989_aeXp1zC6Hls.pdf,3play pdf file,,90_Unclassified_or_Transcript_PDFs,90_Unclassified_or_Transcript_PDFs/aeXp1zC6Hls_3.pdf
copied,01_Math/01_calculus/18.01sc-fall-2010/resources/aexp1zc6hls-15/data.json,01_Math/01_calculus/18.01sc-fall-2010/static_resources/fe208d7bb362b4df95a94ece90d066e2_aeXp1zC6Hls.pdf,3play pdf file,,90_Unclassified_or_Transcript_PDFs,90_Unclassified_or_Transcript_PDFs/aeXp1zC6Hls_4.pdf
copied,01_Math/01_calculus/18.01sc-fall-2010/resources/aexp1zc6hls-3/data.json,01_Math/01_calculus/18.01sc-fall-2010/static_resources/b4b167927834aed93d67b56c952e6a3e_aeXp1zC6Hls.pdf,3play pdf file,,90_Unclassified_or_Transcript_PDFs,90_Unclassified_or_Transcript_PDFs/aeXp1zC6Hls_5.pdf
copied,01_Math/01_calculus/18.01sc-fall-2010/resources/aexp1zc6hls-5/data.json,01_Math/01_calculus/18.01sc-fall-2010/static_resources/777454d15d9a6d4eb8e83c94679eb19e_aeXp1zC6Hls.pdf,3play pdf file,,90_Unclassified_or_Transcript_PDFs,90_Unclassified_or_Transcript_PDFs/aeXp1zC6Hls_6.pdf
copied,01_Math/01_calculus/18.01sc-fall-2010/resources/aexp1zc6hls-7/data.json,01_Math/01_calculus/18.01sc-fall-2010/static_resources/75e480abc28a3ade1a743a0c234ee7d8_aeXp1zC6Hls.pdf,3play pdf file,,90_Unclassified_or_Transcript_PDFs,90_Unclassified_or_Transcript_PDFs/aeXp1zC6Hls_7.pdf
copied,01_Math/01_calculus/18.01sc-fall-2010/resources/aexp1zc6hls-9/data.json,01_Math/01_calculus/18.01sc-fall-2010/static_resources/f7e611e37de228b7f1b35e1011ef2b38_aeXp1zC6Hls.pdf,3play pdf file,,90_Unclassified_or_Transcript_PDFs,90_Unclassified_or_Transcript_PDFs/aeXp1zC6Hls_8.pdf
copied,01_Math/01_calculus/18.01sc-fall-2010/resources/al2lzkq4o5e-1/data.json,01_Math/01_calculus/18.01sc-fall-2010/static_resources/51118bb62ed1d8b9551659c388a7e1c4_al2lzKq4o5E.pdf,3play pdf file,,90_Unclassified_or_Transcript_PDFs,90_Unclassified_or_Transcript_PDFs/al2lzKq4o5E.pdf
copied,01_Math/01_calculus/18.01sc-fall-2010/resources/apzejcsycvm-1/data.json,01_Math/01_calculus/18.01sc-fall-2010/static_resources/f6a35623055206bd54a8c6d3f830cd5a_apzEJCsycVM.pdf,3play pdf file,,90_Unclassified_or_Transcript_PDFs,90_Unclassified_or_Transcript_PDFs/apzEJCsycVM.pdf
copied,01_Math/01_calculus/18.01sc-fall-2010/resources/awv4khibvcm-1/data.json,01_Math/01_calculus/18.01sc-fall-2010/static_resources/c55a4b7b809179598b5e0c6f0d05cc58_aWV4khIBvCM.pdf,3play pdf file,,90_Unclassified_or_Transcript_PDFs,90_Unclassified_or_Transcript_PDFs/aWV4khIBvCM.pdf
copied,01_Math/01_calculus/18.01sc-fall-2010/resources/bb-bgjdoqig-1/data.json,01_Math/01_calculus/18.01sc-fall-2010/static_resources/1cc680e96321348c5db7f2edc5fbe8d3_Bb-bgJdOqig.pdf,3play pdf file,,90_Unclassified_or_Transcript_PDFs,90_Unclassified_or_Transcript_PDFs/Bb_bgJdOqig.pdf
copied,01_Math/01_calculus/18.01sc-fall-2010/resources/bge3wb7h2pa-1/data.json,01_Math/01_calculus/18.01sc-fall-2010/static_resources/521d00de653c3ce34d413cd070ae16a1_BGE3wb7H2PA.pdf,3play pdf file,,90_Unclassified_or_Transcript_PDFs,90_Unclassified_or_Transcript_PDFs/BGE3wb7H2PA.pdf
copied,01_Math/01_calculus/18.01sc-fall-2010/resources/bge3wb7h2pa-11/data.json,01_Math/01_calculus/18.01sc-fall-2010/static_resources/0e511a36c309d6b3fcd607ec6db74db4_BGE3wb7H2PA.pdf,3play pdf file,,90_Unclassified_or_Transcript_PDFs,90_Unclassified_or_Transcript_PDFs/BGE3wb7H2PA_2.pdf
copied,01_Math/01_calculus/18.01sc-fall-2010/resources/bge3wb7h2pa-13/data.json,01_Math/01_calculus/18.01sc-fall-2010/static_resources/f58c4a96ab918fa99d544c021903e1de_BGE3wb7H2PA.pdf,3play pdf file,,90_Unclassified_or_Transcript_PDFs,90_Unclassified_or_Transcript_PDFs/BGE3wb7H2PA_3.pdf
copied,01_Math/01_calculus/18.01sc-fall-2010/resources/bge3wb7h2pa-15/data.json,01_Math/01_calculus/18.01sc-fall-2010/static_resources/1bbe0fe70a29a84b33d9a86dcdf5f18a_BGE3wb7H2PA.pdf,3play pdf file,,90_Unclassified_or_Transcript_PDFs,90_Unclassified_or_Transcript_PDFs/BGE3wb7H2PA_4.pdf
copied,01_Math/01_calculus/18.01sc-fall-2010/resources/bge3wb7h2pa-3/data.json,01_Math/01_calculus/18.01sc-fall-2010/static_resources/b0473dfafe737d25447be64b06bf305d_BGE3wb7H2PA.pdf,3play pdf file,,90_Unclassified_or_Transcript_PDFs,90_Unclassified_or_Transcript_PDFs/BGE3wb7H2PA_5.pdf
copied,01_Math/01_calculus/18.01sc-fall-2010/resources/bge3wb7h2pa-5/data.json,01_Math/01_calculus/18.01sc-fall-2010/static_resources/966e2c3131ed8a61d66b50a4171f8e7e_BGE3wb7H2PA.pdf,3play pdf file,,90_Unclassified_or_Transcript_PDFs,90_Unclassified_or_Transcript_PDFs/BGE3wb7H2PA_6.pdf
copied,01_Math/01_calculus/18.01sc-fall-2010/resources/bge3wb7h2pa-7/data.json,01_Math/01_calculus/18.01sc-fall-2010/static_resources/defd3b3172e6f84d773a5b030c70db63_BGE3wb7H2PA.pdf,3play pdf file,,90_Unclassified_or_Transcript_PDFs,90_Unclassified_or_Transcript_PDFs/BGE3wb7H2PA_7.pdf
copied,01_Math/01_calculus/18.01sc-fall-2010/resources/bge3wb7h2pa-9/data.json,01_Math/01_calculus/18.01sc-fall-2010/static_resources/97c5e7bc8799350437aac743c394579e_BGE3wb7H2PA.pdf,3play pdf file,,90_Unclassified_or_Transcript_PDFs,90_Unclassified_or_Transcript_PDFs/BGE3wb7H2PA_8.pdf
copied,01_Math/01_calculus/18.01sc-fall-2010/resources/bk5y6elcy_q-1/data.json,01_Math/01_calculus/18.01sc-fall-2010/static_resources/0d16d7da8e72e96aade35bce946d758a_Bk5y6Elcy_Q.pdf,3play pdf file,,90_Unclassified_or_Transcript_PDFs,90_Unclassified_or_Transcript_PDFs/Bk5y6Elcy_Q.pdf
copied,01_Math/01_calculus/18.01sc-fall-2010/resources/bnhirhnba1a-1/data.json,01_Math/01_calculus/18.01sc-fall-2010/static_resources/bfc44471a68b3eb5f9674eceb305961a_bnhIRhnBa1A.pdf,3play pdf file,,90_Unclassified_or_Transcript_PDFs,90_Unclassified_or_Transcript_PDFs/bnhIRhnBa1A.pdf
copied,01_Math/01_calculus/18.01sc-fall-2010/resources/bo8sfhppxzk-1/data.json,01_Math/01_calculus/18.01sc-fall-2010/static_resources/19b6bb768766f15797133a0c77cf5699_bo8SFHppXZk.pdf,3play pdf file,,90_Unclassified_or_Transcript_PDFs,90_Unclassified_or_Transcript_PDFs/bo8SFHppXZk.pdf
copied,01_Math/01_calculus/18.01sc-fall-2010/resources/bsaa0akmpeu-1/data.json,01_Math/01_calculus/18.01sc-fall-2010/static_resources/307bdb599cbf1a8a3395c0d2a02ef337_BSAA0akmPEU.pdf,3play pdf file,,90_Unclassified_or_Transcript_PDFs,90_Unclassified_or_Transcript_PDFs/BSAA0akmPEU.pdf
copied,01_Math/01_calculus/18.01sc-fall-2010/resources/bsaa0akmpeu-11/data.json,01_Math/01_calculus/18.01sc-fall-2010/static_resources/054017eccb1e607f3f2bd710ef12ff59_BSAA0akmPEU.pdf,3play pdf file,,90_Unclassified_or_Transcript_PDFs,90_Unclassified_or_Transcript_PDFs/BSAA0akmPEU_2.pdf
copied,01_Math/01_calculus/18.01sc-fall-2010/resources/bsaa0akmpeu-13/data.json,01_Math/01_calculus/18.01sc-fall-2010/static_resources/633b95a0211b9be521808a459e01038a_BSAA0akmPEU.pdf,3play pdf file,,90_Unclassified_or_Transcript_PDFs,90_Unclassified_or_Transcript_PDFs/BSAA0akmPEU_3.pdf
copied,01_Math/01_calculus/18.01sc-fall-2010/resources/bsaa0akmpeu-15/data.json,01_Math/01_calculus/18.01sc-fall-2010/static_resources/afdb4bc3ecc95f5a882ac740f4dceae8_BSAA0akmPEU.pdf,3play pdf file,,90_Unclassified_or_Transcript_PDFs,90_Unclassified_or_Transcript_PDFs/BSAA0akmPEU_4.pdf
copied,01_Math/01_calculus/18.01sc-fall-2010/resources/bsaa0akmpeu-17/data.json,01_Math/01_calculus/18.01sc-fall-2010/static_resources/48e5369ecffe10e2e30f9687a10eb43b_BSAA0akmPEU.pdf,3play pdf file,,90_Unclassified_or_Transcript_PDFs,90_Unclassified_or_Transcript_PDFs/BSAA0akmPEU_5.pdf
copied,01_Math/01_calculus/18.01sc-fall-2010/resources/bsaa0akmpeu-19/data.json,01_Math/01_calculus/18.01sc-fall-2010/static_resources/afc59b4b7deb5ba2d2ca404879fa9306_BSAA0akmPEU.pdf,3play pdf file,,90_Unclassified_or_Transcript_PDFs,90_Unclassified_or_Transcript_PDFs/BSAA0akmPEU_6.pdf
copied,01_Math/01_calculus/18.01sc-fall-2010/resources/bsaa0akmpeu-21/data.json,01_Math/01_calculus/18.01sc-fall-2010/static_resources/5b6202679924ce8c3dc05da191889d87_BSAA0akmPEU.pdf,3play pdf file,,90_Unclassified_or_Transcript_PDFs,90_Unclassified_or_Transcript_PDFs/BSAA0akmPEU_7.pdf
copied,01_Math/01_calculus/18.01sc-fall-2010/resources/bsaa0akmpeu-3/data.json,01_Math/01_calculus/18.01sc-fall-2010/static_resources/7e839f18c6511759c45414195c3a4c8b_BSAA0akmPEU.pdf,3play pdf file,,90_Unclassified_or_Transcript_PDFs,90_Unclassified_or_Transcript_PDFs/BSAA0akmPEU_8.pdf
copied,01_Math/01_calculus/18.01sc-fall-2010/resources/bsaa0akmpeu-5/data.json,01_Math/01_calculus/18.01sc-fall-2010/static_resources/bceb502330c56ddf2d492a194f2ee483_BSAA0akmPEU.pdf,3play pdf file,,90_Unclassified_or_Transcript_PDFs,90_Unclassified_or_Transcript_PDFs/BSAA0akmPEU_9.pdf
copied,01_Math/01_calculus/18.01sc-fall-2010/resources/bsaa0akmpeu-7/data.json,01_Math/01_calculus/18.01sc-fall-2010/static_resources/589045c7f88e8636919cf82a7e76a0bb_BSAA0akmPEU.pdf,3play pdf file,,90_Unclassified_or_Transcript_PDFs,90_Unclassified_or_Transcript_PDFs/BSAA0akmPEU_10.pdf
copied,01_Math/01_calculus/18.01sc-fall-2010/resources/bsaa0akmpeu-9/data.json,01_Math/01_calculus/18.01sc-fall-2010/static_resources/1a0b15feb3a160fe101ed68af8528f4b_BSAA0akmPEU.pdf,3play pdf file,,90_Unclassified_or_Transcript_PDFs,90_Unclassified_or_Transcript_PDFs/BSAA0akmPEU_11.pdf
copied,01_Math/01_calculus/18.01sc-fall-2010/resources/bsqngpkewim-1/data.json,01_Math/01_calculus/18.01sc-fall-2010/static_resources/de07f3427bd8f2d1431f8bba5ccd5475_BSqNgPkeWIM.pdf,3play pdf file,,90_Unclassified_or_Transcript_PDFs,90_Unclassified_or_Transcript_PDFs/BSqNgPkeWIM.pdf
copied,01_Math/01_calculus/18.01sc-fall-2010/resources/bv9kvdcj7yo-1/data.json,01_Math/01_calculus/18.01sc-fall-2010/static_resources/7f73070b5aa56d3ef85596d52091e981_Bv9kVDcj7yo.pdf,3play pdf file,,90_Unclassified_or_Transcript_PDFs,90_Unclassified_or_Transcript_PDFs/Bv9kVDcj7yo.pdf
copied,01_Math/01_calculus/18.01sc-fall-2010/resources/bv9kvdcj7yo-11/data.json,01_Math/01_calculus/18.01sc-fall-2010/static_resources/ecbc08c80cf1dc193d5c321c719f20f4_Bv9kVDcj7yo.pdf,3play pdf file,,90_Unclassified_or_Transcript_PDFs,90_Unclassified_or_Transcript_PDFs/Bv9kVDcj7yo_2.pdf
copied,01_Math/01_calculus/18.01sc-fall-2010/resources/bv9kvdcj7yo-13/data.json,01_Math/01_calculus/18.01sc-fall-2010/static_resources/8300bcd39662623e36face67d7110f51_Bv9kVDcj7yo.pdf,3play pdf file,,90_Unclassified_or_Transcript_PDFs,90_Unclassified_or_Transcript_PDFs/Bv9kVDcj7yo_3.pdf
copied,01_Math/01_calculus/18.01sc-fall-2010/resources/bv9kvdcj7yo-3/data.json,01_Math/01_calculus/18.01sc-fall-2010/static_resources/ea015930cd52e6e47e418259f8e3569f_Bv9kVDcj7yo.pdf,3play pdf file,,90_Unclassified_or_Transcript_PDFs,90_Unclassified_or_Transcript_PDFs/Bv9kVDcj7yo_4.pdf
copied,01_Math/01_calculus/18.01sc-fall-2010/resources/bv9kvdcj7yo-5/data.json,01_Math/01_calculus/18.01sc-fall-2010/static_resources/7fba208252e1c51e0c1f940aa545abdd_Bv9kVDcj7yo.pdf,3play pdf file,,90_Unclassified_or_Transcript_PDFs,90_Unclassified_or_Transcript_PDFs/Bv9kVDcj7yo_5.pdf
copied,01_Math/01_calculus/18.01sc-fall-2010/resources/bv9kvdcj7yo-7/data.json,01_Math/01_calculus/18.01sc-fall-2010/static_resources/2a64ab7950e4b2401071f9ece3138129_Bv9kVDcj7yo.pdf,3play pdf file,,90_Unclassified_or_Transcript_PDFs,90_Unclassified_or_Transcript_PDFs/Bv9kVDcj7yo_6.pdf
copied,01_Math/01_calculus/18.01sc-fall-2010/resources/bv9kvdcj7yo-9/data.json,01_Math/01_calculus/18.01sc-fall-2010/static_resources/3db747d5a4bbe239d12307fe4039e39d_Bv9kVDcj7yo.pdf,3play pdf file,,90_Unclassified_or_Transcript_PDFs,90_Unclassified_or_Transcript_PDFs/Bv9kVDcj7yo_7.pdf
copied,01_Math/01_calculus/18.01sc-fall-2010/resources/c9luv3o6emw-1/data.json,01_Math/01_calculus/18.01sc-fall-2010/static_resources/215f94bf8619303d54eae70a6d1632f6_C9luv3o6emw.pdf,3play pdf file,,90_Unclassified_or_Transcript_PDFs,90_Unclassified_or_Transcript_PDFs/C9luv3o6emw.pdf
copied,01_Math/01_calculus/18.01sc-fall-2010/resources/cdrmy39eybs-1/data.json,01_Math/01_calculus/18.01sc-fall-2010/static_resources/bf6c1bff43d963ef58a9d6d19ea981e3_cdRMY39EYbs.pdf,3play pdf file,,90_Unclassified_or_Transcript_PDFs,90_Unclassified_or_Transcript_PDFs/cdRMY39EYbs.pdf
copied,01_Math/01_calculus/18.01sc-fall-2010/resources/cmbvq16z0ga-1/data.json,01_Math/01_calculus/18.01sc-fall-2010/static_resources/82716bfa59a629f0c68e9ad89b60c701_CMbvq16z0gA.pdf,3play pdf file,,90_Unclassified_or_Transcript_PDFs,90_Unclassified_or_Transcript_PDFs/CMbvq16z0gA.pdf
copied,01_Math/01_calculus/18.01sc-fall-2010/resources/cxkocmvqm9s-1/data.json,01_Math/01_calculus/18.01sc-fall-2010/static_resources/0bfe0471ba66c673c57b0988a17bbed5_CXKoCMVqM9s.pdf,3play pdf file,,90_Unclassified_or_Transcript_PDFs,90_Unclassified_or_Transcript_PDFs/CXKoCMVqM9s.pdf
copied,01_Math/01_calculus/18.01sc-fall-2010/resources/cxkocmvqm9s-11/data.json,01_Math/01_calculus/18.01sc-fall-2010/static_resources/064f1ce06737810f6f037b22ff153dca_CXKoCMVqM9s.pdf,3play pdf file,,90_Unclassified_or_Transcript_PDFs,90_Unclassified_or_Transcript_PDFs/CXKoCMVqM9s_2.pdf
copied,01_Math/01_calculus/18.01sc-fall-2010/resources/cxkocmvqm9s-13/data.json,01_Math/01_calculus/18.01sc-fall-2010/static_resources/6672bfcccf3ae7c58c9d1ab456e6b459_CXKoCMVqM9s.pdf,3play pdf file,,90_Unclassified_or_Transcript_PDFs,90_Unclassified_or_Transcript_PDFs/CXKoCMVqM9s_3.pdf
copied,01_Math/01_calculus/18.01sc-fall-2010/resources/cxkocmvqm9s-15/data.json,01_Math/01_calculus/18.01sc-fall-2010/static_resources/8fc96b6d22aca763de12b80dbcb53817_CXKoCMVqM9s.pdf,3play pdf file,,90_Unclassified_or_Transcript_PDFs,90_Unclassified_or_Transcript_PDFs/CXKoCMVqM9s_4.pdf
copied,01_Math/01_calculus/18.01sc-fall-2010/resources/cxkocmvqm9s-3/data.json,01_Math/01_calculus/18.01sc-fall-2010/static_resources/b885116fb5ea2b6e427fc508696f633b_CXKoCMVqM9s.pdf,3play pdf file,,90_Unclassified_or_Transcript_PDFs,90_Unclassified_or_Transcript_PDFs/CXKoCMVqM9s_5.pdf
copied,01_Math/01_calculus/18.01sc-fall-2010/resources/cxkocmvqm9s-5/data.json,01_Math/01_calculus/18.01sc-fall-2010/static_resources/b93643d5df6855fd2b7f470b31dce1e2_CXKoCMVqM9s.pdf,3play pdf file,,90_Unclassified_or_Transcript_PDFs,90_Unclassified_or_Transcript_PDFs/CXKoCMVqM9s_6.pdf
copied,01_Math/01_calculus/18.01sc-fall-2010/resources/cxkocmvqm9s-7/data.json,01_Math/01_calculus/18.01sc-fall-2010/static_resources/5b8b2517cacd1b1ac9a862cffabf24dd_CXKoCMVqM9s.pdf,3play pdf file,,90_Unclassified_or_Transcript_PDFs,90_Unclassified_or_Transcript_PDFs/CXKoCMVqM9s_7.pdf
copied,01_Math/01_calculus/18.01sc-fall-2010/resources/cxkocmvqm9s-9/data.json,01_Math/01_calculus/18.01sc-fall-2010/static_resources/0ad83b01f4c2b3d906d6504f1263b100_CXKoCMVqM9s.pdf,3play pdf file,,90_Unclassified_or_Transcript_PDFs,90_Unclassified_or_Transcript_PDFs/CXKoCMVqM9s_8.pdf
copied,01_Math/01_calculus/18.01sc-fall-2010/resources/d484grz9zjy-1/data.json,01_Math/01_calculus/18.01sc-fall-2010/static_resources/6c67983d4bd8194a73aab2715fd67d94_d484GRz9zjY.pdf,3play pdf file,,90_Unclassified_or_Transcript_PDFs,90_Unclassified_or_Transcript_PDFs/d484GRz9zjY.pdf
copied,01_Math/01_calculus/18.01sc-fall-2010/resources/d7nf7pkddwm-1/data.json,01_Math/01_calculus/18.01sc-fall-2010/static_resources/98efc8351771ecacd32c109e58cba781_D7nf7pKddwM.pdf,3play pdf file,,90_Unclassified_or_Transcript_PDFs,90_Unclassified_or_Transcript_PDFs/D7nf7pKddwM.pdf
copied,01_Math/01_calculus/18.01sc-fall-2010/resources/e4curlxgjrm-1/data.json,01_Math/01_calculus/18.01sc-fall-2010/static_resources/ceeb60912f3f18dde3428f87c512929f_e4cURLXGjrM.pdf,3play pdf file,,90_Unclassified_or_Transcript_PDFs,90_Unclassified_or_Transcript_PDFs/e4cURLXGjrM.pdf
copied,01_Math/01_calculus/18.01sc-fall-2010/resources/e7or_jbguza-1/data.json,01_Math/01_calculus/18.01sc-fall-2010/static_resources/818f39d2b2f8a5c94aac9ee49282ba44_E7oR_JBgUzA.pdf,3play pdf file,,90_Unclassified_or_Transcript_PDFs,90_Unclassified_or_Transcript_PDFs/E7oR_JBgUzA.pdf
copied,01_Math/01_calculus/18.01sc-fall-2010/resources/eaei-y5ao_e-1/data.json,01_Math/01_calculus/18.01sc-fall-2010/static_resources/88dcb688e71f238b639d1a70aa12f531_Eaei-Y5AO_E.pdf,3play pdf file,,90_Unclassified_or_Transcript_PDFs,90_Unclassified_or_Transcript_PDFs/Eaei_Y5AO_E.pdf
copied,01_Math/01_calculus/18.01sc-fall-2010/resources/ed-rb3k_56u-1/data.json,01_Math/01_calculus/18.01sc-fall-2010/static_resources/e8e8766fc703402bdcb9846ba8040af0_ed-rB3k_56U.pdf,3play pdf file,,90_Unclassified_or_Transcript_PDFs,90_Unclassified_or_Transcript_PDFs/ed_rB3k_56U.pdf
copied,01_Math/01_calculus/18.01sc-fall-2010/resources/ehjuabyqf5a-1/data.json,01_Math/01_calculus/18.01sc-fall-2010/static_resources/79c28c42a4fdf500181baa9250e476da_eHJuAByQf5A.pdf,3play pdf file,,90_Unclassified_or_Transcript_PDFs,90_Unclassified_or_Transcript_PDFs/eHJuAByQf5A.pdf
copied,01_Math/01_calculus/18.01sc-fall-2010/resources/ehjuabyqf5a-11/data.json,01_Math/01_calculus/18.01sc-fall-2010/static_resources/963161a5a5f22a33062395d67bb26a03_eHJuAByQf5A.pdf,3play pdf file,,90_Unclassified_or_Transcript_PDFs,90_Unclassified_or_Transcript_PDFs/eHJuAByQf5A_2.pdf
copied,01_Math/01_calculus/18.01sc-fall-2010/resources/ehjuabyqf5a-13/data.json,01_Math/01_calculus/18.01sc-fall-2010/static_resources/59173f95ff8f866fad2a0f9e55a3ff7d_eHJuAByQf5A.pdf,3play pdf file,,90_Unclassified_or_Transcript_PDFs,90_Unclassified_or_Transcript_PDFs/eHJuAByQf5A_3.pdf
copied,01_Math/01_calculus/18.01sc-fall-2010/resources/ehjuabyqf5a-15/data.json,01_Math/01_calculus/18.01sc-fall-2010/static_resources/9d9a54a910e0115ab45f249e13533be1_eHJuAByQf5A.pdf,3play pdf file,,90_Unclassified_or_Transcript_PDFs,90_Unclassified_or_Transcript_PDFs/eHJuAByQf5A_4.pdf
copied,01_Math/01_calculus/18.01sc-fall-2010/resources/ehjuabyqf5a-17/data.json,01_Math/01_calculus/18.01sc-fall-2010/static_resources/8428b6e9a1357ba3cef1556de71cc154_eHJuAByQf5A.pdf,3play pdf file,,90_Unclassified_or_Transcript_PDFs,90_Unclassified_or_Transcript_PDFs/eHJuAByQf5A_5.pdf
copied,01_Math/01_calculus/18.01sc-fall-2010/resources/ehjuabyqf5a-3/data.json,01_Math/01_calculus/18.01sc-fall-2010/static_resources/09936931a0ae9ada383dbda1ca71c408_eHJuAByQf5A.pdf,3play pdf file,,90_Unclassified_or_Transcript_PDFs,90_Unclassified_or_Transcript_PDFs/eHJuAByQf5A_6.pdf
copied,01_Math/01_calculus/18.01sc-fall-2010/resources/ehjuabyqf5a-5/data.json,01_Math/01_calculus/18.01sc-fall-2010/static_resources/832f31d8b0d1397725c87e618c8fa9c6_eHJuAByQf5A.pdf,3play pdf file,,90_Unclassified_or_Transcript_PDFs,90_Unclassified_or_Transcript_PDFs/eHJuAByQf5A_7.pdf
copied,01_Math/01_calculus/18.01sc-fall-2010/resources/ehjuabyqf5a-7/data.json,01_Math/01_calculus/18.01sc-fall-2010/static_resources/dc1a89f64d82e31c721eaa1fe9b4b43b_eHJuAByQf5A.pdf,3play pdf file,,90_Unclassified_or_Transcript_PDFs,90_Unclassified_or_Transcript_PDFs/eHJuAByQf5A_8.pdf
copied,01_Math/01_calculus/18.01sc-fall-2010/resources/ehjuabyqf5a-9/data.json,01_Math/01_calculus/18.01sc-fall-2010/static_resources/6242b41e4448c11e8086b72bbb518061_eHJuAByQf5A.pdf,3play pdf file,,90_Unclassified_or_Transcript_PDFs,90_Unclassified_or_Transcript_PDFs/eHJuAByQf5A_9.pdf
copied,01_Math/01_calculus/18.01sc-fall-2010/resources/elwqephyjck-1/data.json,01_Math/01_calculus/18.01sc-fall-2010/static_resources/16b0fb222423a2f7192a9db97fab515e_ELWqePHYjCk.pdf,3play pdf file,,90_Unclassified_or_Transcript_PDFs,90_Unclassified_or_Transcript_PDFs/ELWqePHYjCk.pdf
copied,01_Math/01_calculus/18.01sc-fall-2010/resources/er5b_ybfmjo-1/data.json,01_Math/01_calculus/18.01sc-fall-2010/static_resources/871e7a5edb7eab5b4f4f3572e2cdc6b6_ER5B_YBFMJo.pdf,3play pdf file,,90_Unclassified_or_Transcript_PDFs,90_Unclassified_or_Transcript_PDFs/ER5B_YBFMJo.pdf
copied,01_Math/01_calculus/18.01sc-fall-2010/resources/er_tqobgo-i-1/data.json,01_Math/01_calculus/18.01sc-fall-2010/static_resources/4be9290bceb68241a2077ef1834d0449_er_tQOBgo-I.pdf,3play pdf file,,90_Unclassified_or_Transcript_PDFs,90_Unclassified_or_Transcript_PDFs/er_tQOBgo_I.pdf
copied,01_Math/01_calculus/18.01sc-fall-2010/resources/ercn3dafcmu-1/data.json,01_Math/01_calculus/18.01sc-fall-2010/static_resources/e03d2a97f806d554a4d402ace792c64a_eRCN3daFCmU.pdf,3play pdf file,,90_Unclassified_or_Transcript_PDFs,90_Unclassified_or_Transcript_PDFs/eRCN3daFCmU.pdf
copied,01_Math/01_calculus/18.01sc-fall-2010/resources/ercn3dafcmu-11/data.json,01_Math/01_calculus/18.01sc-fall-2010/static_resources/0f8cdd9aba7240ead69d120f27c762e1_eRCN3daFCmU.pdf,3play pdf file,,90_Unclassified_or_Transcript_PDFs,90_Unclassified_or_Transcript_PDFs/eRCN3daFCmU_2.pdf
copied,01_Math/01_calculus/18.01sc-fall-2010/resources/ercn3dafcmu-13/data.json,01_Math/01_calculus/18.01sc-fall-2010/static_resources/e2181a6e399870e629ff871f856b74b2_eRCN3daFCmU.pdf,3play pdf file,,90_Unclassified_or_Transcript_PDFs,90_Unclassified_or_Transcript_PDFs/eRCN3daFCmU_3.pdf
copied,01_Math/01_calculus/18.01sc-fall-2010/resources/ercn3dafcmu-15/data.json,01_Math/01_calculus/18.01sc-fall-2010/static_resources/ae2c94543030829d8ba8f31012417d80_eRCN3daFCmU.pdf,3play pdf file,,90_Unclassified_or_Transcript_PDFs,90_Unclassified_or_Transcript_PDFs/eRCN3daFCmU_4.pdf
copied,01_Math/01_calculus/18.01sc-fall-2010/resources/ercn3dafcmu-3/data.json,01_Math/01_calculus/18.01sc-fall-2010/static_resources/d6bdd1294d64b9f3394d61949fc20dd2_eRCN3daFCmU.pdf,3play pdf file,,90_Unclassified_or_Transcript_PDFs,90_Unclassified_or_Transcript_PDFs/eRCN3daFCmU_5.pdf
copied,01_Math/01_calculus/18.01sc-fall-2010/resources/ercn3dafcmu-5/data.json,01_Math/01_calculus/18.01sc-fall-2010/static_resources/f692da24a4abf6c32f8c7f0e3beafa0e_eRCN3daFCmU.pdf,3play pdf file,,90_Unclassified_or_Transcript_PDFs,90_Unclassified_or_Transcript_PDFs/eRCN3daFCmU_6.pdf
copied,01_Math/01_calculus/18.01sc-fall-2010/resources/ercn3dafcmu-7/data.json,01_Math/01_calculus/18.01sc-fall-2010/static_resources/e4ec1090c1ce84b0cdcc989eee0b7a4f_eRCN3daFCmU.pdf,3play pdf file,,90_Unclassified_or_Transcript_PDFs,90_Unclassified_or_Transcript_PDFs/eRCN3daFCmU_7.pdf
copied,01_Math/01_calculus/18.01sc-fall-2010/resources/ercn3dafcmu-9/data.json,01_Math/01_calculus/18.01sc-fall-2010/static_resources/75f01477fb3755ea092abe72419e9669_eRCN3daFCmU.pdf,3play pdf file,,90_Unclassified_or_Transcript_PDFs,90_Unclassified_or_Transcript_PDFs/eRCN3daFCmU_8.pdf
copied,01_Math/01_calculus/18.01sc-fall-2010/resources/fj7pblwbsmu-1/data.json,01_Math/01_calculus/18.01sc-fall-2010/static_resources/287d2a222147de59371f53ad5259eea6_Fj7pbLwbSmU.pdf,3play pdf file,,90_Unclassified_or_Transcript_PDFs,90_Unclassified_or_Transcript_PDFs/Fj7pbLwbSmU.pdf
copied,01_Math/01_calculus/18.01sc-fall-2010/resources/fk1n3tvqihc-1/data.json,01_Math/01_calculus/18.01sc-fall-2010/static_resources/3eb1ed4926038376071292571b97d4e7_FK1n3TVQIhc.pdf,3play pdf file,,90_Unclassified_or_Transcript_PDFs,90_Unclassified_or_Transcript_PDFs/FK1n3TVQIhc.pdf
copied,01_Math/01_calculus/18.01sc-fall-2010/resources/fk6cu99oseu-1/data.json,01_Math/01_calculus/18.01sc-fall-2010/static_resources/d09153f4cdba0d8e5bd7fe8cc14d646c_fK6cu99OSEU.pdf,3play pdf file,,90_Unclassified_or_Transcript_PDFs,90_Unclassified_or_Transcript_PDFs/fK6cu99OSEU.pdf
copied,01_Math/01_calculus/18.01sc-fall-2010/resources/g5bp8mtzkyk-1/data.json,01_Math/01_calculus/18.01sc-fall-2010/static_resources/ea56a9926f8666003d44c207301ec313_G5BP8mTzkyk.pdf,3play pdf file,,90_Unclassified_or_Transcript_PDFs,90_Unclassified_or_Transcript_PDFs/G5BP8mTzkyk.pdf
copied,01_Math/01_calculus/18.01sc-fall-2010/resources/g_hs1dan_x4-1/data.json,01_Math/01_calculus/18.01sc-fall-2010/static_resources/c34fac441fdde91f6b0429664aacafd0_G_HS1Dan_x4.pdf,3play pdf file,,90_Unclassified_or_Transcript_PDFs,90_Unclassified_or_Transcript_PDFs/G_HS1Dan_x4.pdf
copied,01_Math/01_calculus/18.01sc-fall-2010/resources/gbtma_uqpro-1/data.json,01_Math/01_calculus/18.01sc-fall-2010/static_resources/429dd2c9004eb635c630b3a02731a222_Gbtma_UQpro.pdf,3play pdf file,,90_Unclassified_or_Transcript_PDFs,90_Unclassified_or_Transcript_PDFs/Gbtma_UQpro.pdf
copied,01_Math/01_calculus/18.01sc-fall-2010/resources/haohufymsuk-1/data.json,01_Math/01_calculus/18.01sc-fall-2010/static_resources/42190074376fcf3a91cd261bbd49f82f_HaOHUfymsuk.pdf,3play pdf file,,90_Unclassified_or_Transcript_PDFs,90_Unclassified_or_Transcript_PDFs/HaOHUfymsuk.pdf
copied,01_Math/01_calculus/18.01sc-fall-2010/resources/hgeqxhsiq_g-1/data.json,01_Math/01_calculus/18.01sc-fall-2010/static_resources/65270fad43f72c13225b4b40c68b5a72_HgEqXhsIq_g.pdf,3play pdf file,,90_Unclassified_or_Transcript_PDFs,90_Unclassified_or_Transcript_PDFs/HgEqXhsIq_g.pdf
copied,01_Math/01_calculus/18.01sc-fall-2010/resources/hgeqxhsiq_g-11/data.json,01_Math/01_calculus/18.01sc-fall-2010/static_resources/fa005fd34463cdac14c7b8c800d09c77_HgEqXhsIq_g.pdf,3play pdf file,,90_Unclassified_or_Transcript_PDFs,90_Unclassified_or_Transcript_PDFs/HgEqXhsIq_g_2.pdf
copied,01_Math/01_calculus/18.01sc-fall-2010/resources/hgeqxhsiq_g-3/data.json,01_Math/01_calculus/18.01sc-fall-2010/static_resources/5e08a2c2e989ff378daa1066154abd9d_HgEqXhsIq_g.pdf,3play pdf file,,90_Unclassified_or_Transcript_PDFs,90_Unclassified_or_Transcript_PDFs/HgEqXhsIq_g_3.pdf
copied,01_Math/01_calculus/18.01sc-fall-2010/resources/hgeqxhsiq_g-5/data.json,01_Math/01_calculus/18.01sc-fall-2010/static_resources/0b90cb83079b487dcebc57a2ffb2cbb7_HgEqXhsIq_g.pdf,3play pdf file,,90_Unclassified_or_Transcript_PDFs,90_Unclassified_or_Transcript_PDFs/HgEqXhsIq_g_4.pdf
copied,01_Math/01_calculus/18.01sc-fall-2010/resources/hgeqxhsiq_g-7/data.json,01_Math/01_calculus/18.01sc-fall-2010/static_resources/6a574300449deaef8d2e34f640c93167_HgEqXhsIq_g.pdf,3play pdf file,,90_Unclassified_or_Transcript_PDFs,90_Unclassified_or_Transcript_PDFs/HgEqXhsIq_g_5.pdf
copied,01_Math/01_calculus/18.01sc-fall-2010/resources/hgeqxhsiq_g-9/data.json,01_Math/01_calculus/18.01sc-fall-2010/static_resources/b9c9139ed590887ae7bad31675069593_HgEqXhsIq_g.pdf,3play pdf file,,90_Unclassified_or_Transcript_PDFs,90_Unclassified_or_Transcript_PDFs/HgEqXhsIq_g_6.pdf
copied,01_Math/01_calculus/18.01sc-fall-2010/resources/hjzhpczmkl4-1/data.json,01_Math/01_calculus/18.01sc-fall-2010/static_resources/9756dff73c77da369362a34e22754eab_hjZhPczMkL4.pdf,3play pdf file,,90_Unclassified_or_Transcript_PDFs,90_Unclassified_or_Transcript_PDFs/hjZhPczMkL4.pdf
copied,01_Math/01_calculus/18.01sc-fall-2010/resources/hjzhpczmkl4-11/data.json,01_Math/01_calculus/18.01sc-fall-2010/static_resources/4e134ee184e3982d5acbd41b2029c9a3_hjZhPczMkL4.pdf,3play pdf file,,90_Unclassified_or_Transcript_PDFs,90_Unclassified_or_Transcript_PDFs/hjZhPczMkL4_2.pdf
copied,01_Math/01_calculus/18.01sc-fall-2010/resources/hjzhpczmkl4-13/data.json,01_Math/01_calculus/18.01sc-fall-2010/static_resources/c5403e849f65d5959cfce98fc7d4b458_hjZhPczMkL4.pdf,3play pdf file,,90_Unclassified_or_Transcript_PDFs,90_Unclassified_or_Transcript_PDFs/hjZhPczMkL4_3.pdf
copied,01_Math/01_calculus/18.01sc-fall-2010/resources/hjzhpczmkl4-15/data.json,01_Math/01_calculus/18.01sc-fall-2010/static_resources/c32c46f099e504d986a6ebcc013927fd_hjZhPczMkL4.pdf,3play pdf file,,90_Unclassified_or_Transcript_PDFs,90_Unclassified_or_Transcript_PDFs/hjZhPczMkL4_4.pdf
copied,01_Math/01_calculus/18.01sc-fall-2010/resources/hjzhpczmkl4-3/data.json,01_Math/01_calculus/18.01sc-fall-2010/static_resources/d3ec2a65cd43062c09e941ad0479a484_hjZhPczMkL4.pdf,3play pdf file,,90_Unclassified_or_Transcript_PDFs,90_Unclassified_or_Transcript_PDFs/hjZhPczMkL4_5.pdf
copied,01_Math/01_calculus/18.01sc-fall-2010/resources/hjzhpczmkl4-5/data.json,01_Math/01_calculus/18.01sc-fall-2010/static_resources/282359867b78e8bff22463cfb8a6b875_hjZhPczMkL4.pdf,3play pdf file,,90_Unclassified_or_Transcript_PDFs,90_Unclassified_or_Transcript_PDFs/hjZhPczMkL4_6.pdf
copied,01_Math/01_calculus/18.01sc-fall-2010/resources/hjzhpczmkl4-7/data.json,01_Math/01_calculus/18.01sc-fall-2010/static_resources/9ddce0f1a169687348c02b0f870fbad7_hjZhPczMkL4.pdf,3play pdf file,,90_Unclassified_or_Transcript_PDFs,90_Unclassified_or_Transcript_PDFs/hjZhPczMkL4_7.pdf
copied,01_Math/01_calculus/18.01sc-fall-2010/resources/hjzhpczmkl4-9/data.json,01_Math/01_calculus/18.01sc-fall-2010/static_resources/3d2af9ea5f95ba45ec8345da184314da_hjZhPczMkL4.pdf,3play pdf file,,90_Unclassified_or_Transcript_PDFs,90_Unclassified_or_Transcript_PDFs/hjZhPczMkL4_8.pdf
copied,01_Math/01_calculus/18.01sc-fall-2010/resources/hv5af_07toe-1/data.json,01_Math/01_calculus/18.01sc-fall-2010/static_resources/bfc310a4d2673d3f811f5e305165d99a_hV5af_07ToE.pdf,3play pdf file,,90_Unclassified_or_Transcript_PDFs,90_Unclassified_or_Transcript_PDFs/hV5af_07ToE.pdf
copied,01_Math/01_calculus/18.01sc-fall-2010/resources/iherquz8m-i-1/data.json,01_Math/01_calculus/18.01sc-fall-2010/static_resources/80be2141043181e93a49521b33936016_iHErQuZ8M-I.pdf,3play pdf file,,90_Unclassified_or_Transcript_PDFs,90_Unclassified_or_Transcript_PDFs/iHErQuZ8M_I.pdf
copied,01_Math/01_calculus/18.01sc-fall-2010/resources/jbkxbagmj6s-1/data.json,01_Math/01_calculus/18.01sc-fall-2010/static_resources/88daa6f6c267376b2c57ddf18a1396e8_jBkXbAgMj6s.pdf,3play pdf file,,90_Unclassified_or_Transcript_PDFs,90_Unclassified_or_Transcript_PDFs/jBkXbAgMj6s.pdf
copied,01_Math/01_calculus/18.01sc-fall-2010/resources/jbkxbagmj6s-11/data.json,01_Math/01_calculus/18.01sc-fall-2010/static_resources/ef2c83b3c9fba097d1388c26d9e7761a_jBkXbAgMj6s.pdf,3play pdf file,,90_Unclassified_or_Transcript_PDFs,90_Unclassified_or_Transcript_PDFs/jBkXbAgMj6s_2.pdf
copied,01_Math/01_calculus/18.01sc-fall-2010/resources/jbkxbagmj6s-3/data.json,01_Math/01_calculus/18.01sc-fall-2010/static_resources/e31a38c552e5446bcb63d451b6e41d18_jBkXbAgMj6s.pdf,3play pdf file,,90_Unclassified_or_Transcript_PDFs,90_Unclassified_or_Transcript_PDFs/jBkXbAgMj6s_3.pdf
copied,01_Math/01_calculus/18.01sc-fall-2010/resources/jbkxbagmj6s-5/data.json,01_Math/01_calculus/18.01sc-fall-2010/static_resources/d6a95e2cb5efbafe404de3f3ea4267d6_jBkXbAgMj6s.pdf,3play pdf file,,90_Unclassified_or_Transcript_PDFs,90_Unclassified_or_Transcript_PDFs/jBkXbAgMj6s_4.pdf
copied,01_Math/01_calculus/18.01sc-fall-2010/resources/jbkxbagmj6s-7/data.json,01_Math/01_calculus/18.01sc-fall-2010/static_resources/77b577f9eb05f3ba7745db43409452c6_jBkXbAgMj6s.pdf,3play pdf file,,90_Unclassified_or_Transcript_PDFs,90_Unclassified_or_Transcript_PDFs/jBkXbAgMj6s_5.pdf
copied,01_Math/01_calculus/18.01sc-fall-2010/resources/jbkxbagmj6s-9/data.json,01_Math/01_calculus/18.01sc-fall-2010/static_resources/794607295d59d4e3a05c449e522bc055_jBkXbAgMj6s.pdf,3play pdf file,,90_Unclassified_or_Transcript_PDFs,90_Unclassified_or_Transcript_PDFs/jBkXbAgMj6s_6.pdf
copied,01_Math/01_calculus/18.01sc-fall-2010/resources/jxpe2j069c-1/data.json,01_Math/01_calculus/18.01sc-fall-2010/static_resources/2ff7290cfdfbe1c20fdf102a645d456b_JXPe2J069c.pdf,3play pdf file,,90_Unclassified_or_Transcript_PDFs,90_Unclassified_or_Transcript_PDFs/JXPe2J069c.pdf
copied,01_Math/01_calculus/18.01sc-fall-2010/resources/jxpe2j069c-11/data.json,01_Math/01_calculus/18.01sc-fall-2010/static_resources/67b19c10c9a4c39aca777bbed0690395_JXPe2J069c.pdf,3play pdf file,,90_Unclassified_or_Transcript_PDFs,90_Unclassified_or_Transcript_PDFs/JXPe2J069c_2.pdf
copied,01_Math/01_calculus/18.01sc-fall-2010/resources/jxpe2j069c-3/data.json,01_Math/01_calculus/18.01sc-fall-2010/static_resources/bc020b4a0aab39564e5a0cbd87bb33cf_JXPe2J069c.pdf,3play pdf file,,90_Unclassified_or_Transcript_PDFs,90_Unclassified_or_Transcript_PDFs/JXPe2J069c_3.pdf
copied,01_Math/01_calculus/18.01sc-fall-2010/resources/jxpe2j069c-5/data.json,01_Math/01_calculus/18.01sc-fall-2010/static_resources/126402bbbf0b071b3ec1f0801e8dc163_JXPe2J069c.pdf,3play pdf file,,90_Unclassified_or_Transcript_PDFs,90_Unclassified_or_Transcript_PDFs/JXPe2J069c_4.pdf
copied,01_Math/01_calculus/18.01sc-fall-2010/resources/jxpe2j069c-7/data.json,01_Math/01_calculus/18.01sc-fall-2010/static_resources/cfe66a2763ea2d2954e15867ae6cc65c_JXPe2J069c.pdf,3play pdf file,,90_Unclassified_or_Transcript_PDFs,90_Unclassified_or_Transcript_PDFs/JXPe2J069c_5.pdf
copied,01_Math/01_calculus/18.01sc-fall-2010/resources/jxpe2j069c-9/data.json,01_Math/01_calculus/18.01sc-fall-2010/static_resources/33e1e034ed555d5b12fac93b03cc51b5_JXPe2J069c.pdf,3play pdf file,,90_Unclassified_or_Transcript_PDFs,90_Unclassified_or_Transcript_PDFs/JXPe2J069c_6.pdf
copied,01_Math/01_calculus/18.01sc-fall-2010/resources/kcpvbl953ey-1/data.json,01_Math/01_calculus/18.01sc-fall-2010/static_resources/a514a7bfee57f16e64e6376293e55dee_kCPVBl953eY.pdf,3play pdf file,,90_Unclassified_or_Transcript_PDFs,90_Unclassified_or_Transcript_PDFs/kCPVBl953eY.pdf
copied,01_Math/01_calculus/18.01sc-fall-2010/resources/kcpvbl953ey-11/data.json,01_Math/01_calculus/18.01sc-fall-2010/static_resources/3f901e83a75d7d41dc749da5791f2ff0_kCPVBl953eY.pdf,3play pdf file,,90_Unclassified_or_Transcript_PDFs,90_Unclassified_or_Transcript_PDFs/kCPVBl953eY_2.pdf
copied,01_Math/01_calculus/18.01sc-fall-2010/resources/kcpvbl953ey-13/data.json,01_Math/01_calculus/18.01sc-fall-2010/static_resources/8086b710075cdebfbe0489bf5013a3ea_kCPVBl953eY.pdf,3play pdf file,,90_Unclassified_or_Transcript_PDFs,90_Unclassified_or_Transcript_PDFs/kCPVBl953eY_3.pdf
copied,01_Math/01_calculus/18.01sc-fall-2010/resources/kcpvbl953ey-15/data.json,01_Math/01_calculus/18.01sc-fall-2010/static_resources/183c9faf197f8e36a237285e550ac1fe_kCPVBl953eY.pdf,3play pdf file,,90_Unclassified_or_Transcript_PDFs,90_Unclassified_or_Transcript_PDFs/kCPVBl953eY_4.pdf
copied,01_Math/01_calculus/18.01sc-fall-2010/resources/kcpvbl953ey-17/data.json,01_Math/01_calculus/18.01sc-fall-2010/static_resources/fe665ad9ddb8ad0f825f89d70189e51f_kCPVBl953eY.pdf,3play pdf file,,90_Unclassified_or_Transcript_PDFs,90_Unclassified_or_Transcript_PDFs/kCPVBl953eY_5.pdf
copied,01_Math/01_calculus/18.01sc-fall-2010/resources/kcpvbl953ey-3/data.json,01_Math/01_calculus/18.01sc-fall-2010/static_resources/390e941c79322c8d67298d702da77f69_kCPVBl953eY.pdf,3play pdf file,,90_Unclassified_or_Transcript_PDFs,90_Unclassified_or_Transcript_PDFs/kCPVBl953eY_6.pdf
copied,01_Math/01_calculus/18.01sc-fall-2010/resources/kcpvbl953ey-5/data.json,01_Math/01_calculus/18.01sc-fall-2010/static_resources/c140474535d2b8a6c2c2530d4c114b52_kCPVBl953eY.pdf,3play pdf file,,90_Unclassified_or_Transcript_PDFs,90_Unclassified_or_Transcript_PDFs/kCPVBl953eY_7.pdf
copied,01_Math/01_calculus/18.01sc-fall-2010/resources/kcpvbl953ey-7/data.json,01_Math/01_calculus/18.01sc-fall-2010/static_resources/4031c59a80261b01f51b283c19e65365_kCPVBl953eY.pdf,3play pdf file,,90_Unclassified_or_Transcript_PDFs,90_Unclassified_or_Transcript_PDFs/kCPVBl953eY_8.pdf
copied,01_Math/01_calculus/18.01sc-fall-2010/resources/kcpvbl953ey-9/data.json,01_Math/01_calculus/18.01sc-fall-2010/static_resources/76e08e2a80c7dcd0814a70abef48304b_kCPVBl953eY.pdf,3play pdf file,,90_Unclassified_or_Transcript_PDFs,90_Unclassified_or_Transcript_PDFs/kCPVBl953eY_9.pdf
copied,01_Math/01_calculus/18.01sc-fall-2010/resources/khwqke_tld0-1/data.json,01_Math/01_calculus/18.01sc-fall-2010/static_resources/165ddce620f59975bdb02e62cee7f438_KhwQKE_tld0.pdf,3play pdf file,,90_Unclassified_or_Transcript_PDFs,90_Unclassified_or_Transcript_PDFs/KhwQKE_tld0.pdf
copied,01_Math/01_calculus/18.01sc-fall-2010/resources/khwqke_tld0-11/data.json,01_Math/01_calculus/18.01sc-fall-2010/static_resources/586320a4e461fb095f3896ea90acc308_KhwQKE_tld0.pdf,3play pdf file,,90_Unclassified_or_Transcript_PDFs,90_Unclassified_or_Transcript_PDFs/KhwQKE_tld0_2.pdf
copied,01_Math/01_calculus/18.01sc-fall-2010/resources/khwqke_tld0-13/data.json,01_Math/01_calculus/18.01sc-fall-2010/static_resources/4267fe044443c15e5f36d19702d94ecf_KhwQKE_tld0.pdf,3play pdf file,,90_Unclassified_or_Transcript_PDFs,90_Unclassified_or_Transcript_PDFs/KhwQKE_tld0_3.pdf
copied,01_Math/01_calculus/18.01sc-fall-2010/resources/khwqke_tld0-15/data.json,01_Math/01_calculus/18.01sc-fall-2010/static_resources/fa62423d40c23ee8c2b3624dd3a70f88_KhwQKE_tld0.pdf,3play pdf file,,90_Unclassified_or_Transcript_PDFs,90_Unclassified_or_Transcript_PDFs/KhwQKE_tld0_4.pdf
copied,01_Math/01_calculus/18.01sc-fall-2010/resources/khwqke_tld0-17/data.json,01_Math/01_calculus/18.01sc-fall-2010/static_resources/08c46f8ede451b4341d4039c6ada513d_KhwQKE_tld0.pdf,3play pdf file,,90_Unclassified_or_Transcript_PDFs,90_Unclassified_or_Transcript_PDFs/KhwQKE_tld0_5.pdf
copied,01_Math/01_calculus/18.01sc-fall-2010/resources/khwqke_tld0-19/data.json,01_Math/01_calculus/18.01sc-fall-2010/static_resources/f014685cb9b88dc8cd059cacddd23f9c_KhwQKE_tld0.pdf,3play pdf file,,90_Unclassified_or_Transcript_PDFs,90_Unclassified_or_Transcript_PDFs/KhwQKE_tld0_6.pdf
copied,01_Math/01_calculus/18.01sc-fall-2010/resources/khwqke_tld0-3/data.json,01_Math/01_calculus/18.01sc-fall-2010/static_resources/f9f5c500b2906359bb170fe50f2f822e_KhwQKE_tld0.pdf,3play pdf file,,90_Unclassified_or_Transcript_PDFs,90_Unclassified_or_Transcript_PDFs/KhwQKE_tld0_7.pdf
copied,01_Math/01_calculus/18.01sc-fall-2010/resources/khwqke_tld0-5/data.json,01_Math/01_calculus/18.01sc-fall-2010/static_resources/0aa1b57b2fdc346bd96fb28ad7c49ad7_KhwQKE_tld0.pdf,3play pdf file,,90_Unclassified_or_Transcript_PDFs,90_Unclassified_or_Transcript_PDFs/KhwQKE_tld0_8.pdf
copied,01_Math/01_calculus/18.01sc-fall-2010/resources/khwqke_tld0-7/data.json,01_Math/01_calculus/18.01sc-fall-2010/static_resources/7f654b4f1365429dba624e552afbf265_KhwQKE_tld0.pdf,3play pdf file,,90_Unclassified_or_Transcript_PDFs,90_Unclassified_or_Transcript_PDFs/KhwQKE_tld0_9.pdf
copied,01_Math/01_calculus/18.01sc-fall-2010/resources/khwqke_tld0-9/data.json,01_Math/01_calculus/18.01sc-fall-2010/static_resources/3f37a68b275e0576780d31f21afc6012_KhwQKE_tld0.pdf,3play pdf file,,90_Unclassified_or_Transcript_PDFs,90_Unclassified_or_Transcript_PDFs/KhwQKE_tld0_10.pdf
copied,01_Math/01_calculus/18.01sc-fall-2010/resources/ksadc6z99de-1/data.json,01_Math/01_calculus/18.01sc-fall-2010/static_resources/389631b71459c1847536a0fb1448b216_ksAdC6Z99dE.pdf,3play pdf file,,90_Unclassified_or_Transcript_PDFs,90_Unclassified_or_Transcript_PDFs/ksAdC6Z99dE.pdf
copied,01_Math/01_calculus/18.01sc-fall-2010/resources/l2sjurezk0c-1/data.json,01_Math/01_calculus/18.01sc-fall-2010/static_resources/2de2a6174f673eea279af5e12ad18ceb_l2SjUREZk0c.pdf,3play pdf file,,90_Unclassified_or_Transcript_PDFs,90_Unclassified_or_Transcript_PDFs/l2SjUREZk0c.pdf
copied,01_Math/01_calculus/18.01sc-fall-2010/resources/lec1ses1ex1-secants/data.json,01_Math/01_calculus/18.01sc-fall-2010/static_resources/68a59e6c2e777ee29a9236d54f779a64_lec1ses1ex1-secants.pdf,lec1ses1ex1-secants.pdf,Lecture Notes,01_Differentiation,01_Differentiation/Ses01e_lec1ses1ex1_secants.pdf
copied,01_Math/01_calculus/18.01sc-fall-2010/resources/lec9ses2ex1-linearprod/data.json,01_Math/01_calculus/18.01sc-fall-2010/static_resources/f9559e0393ec511dd94023a5ea8b3aad_lec9ses2ex1-linearprod.pdf,lec9ses2ex1-linearprod.pdf,Lecture Notes,01_Differentiation,01_Differentiation/Ses02e_lec9ses2ex1_linearprod.pdf
copied,01_Math/01_calculus/18.01sc-fall-2010/resources/leojmamki-u-1/data.json,01_Math/01_calculus/18.01sc-fall-2010/static_resources/d8eea6d5d5d2d0ce4298a68a2b5d5274_lEOjMAmkI-U.pdf,3play pdf file,,90_Unclassified_or_Transcript_PDFs,90_Unclassified_or_Transcript_PDFs/lEOjMAmkI_U.pdf
copied,01_Math/01_calculus/18.01sc-fall-2010/resources/lpw6zanbsf8-1/data.json,01_Math/01_calculus/18.01sc-fall-2010/static_resources/1e5ccedb87c9ab1f831e9597da842b07_LpW6zanbSf8.pdf,3play pdf file,,90_Unclassified_or_Transcript_PDFs,90_Unclassified_or_Transcript_PDFs/LpW6zanbSf8.pdf
copied,01_Math/01_calculus/18.01sc-fall-2010/resources/ludi4-ycih8-1/data.json,01_Math/01_calculus/18.01sc-fall-2010/static_resources/4e1ef78aaa66bd9b418102a74042fbab_LUdI4-YCIh8.pdf,3play pdf file,,90_Unclassified_or_Transcript_PDFs,90_Unclassified_or_Transcript_PDFs/LUdI4_YCIh8.pdf
copied,01_Math/01_calculus/18.01sc-fall-2010/resources/mit18_01sc_pset1prb/data.json,01_Math/01_calculus/18.01sc-fall-2010/static_resources/1557acc7f3cd5d1538b71fe77bcf9ec0_MIT18_01SC_pset1prb.pdf,MIT18_01SC_pset1prb.pdf,,06_Problem_Sets,06_Problem_Sets/PSet01_Problems.pdf
copied,01_Math/01_calculus/18.01sc-fall-2010/resources/mit18_01sc_pset1prb-1/data.json,01_Math/01_calculus/18.01sc-fall-2010/static_resources/87d9380ba7de44cbeaca3b655844a1d4_MIT18_01SC_pset1prb.pdf,MIT18_01SC_pset1prb.pdf,Problem Sets,06_Problem_Sets,06_Problem_Sets/PSet01_Problems_2.pdf
copied,01_Math/01_calculus/18.01sc-fall-2010/resources/mit18_01sc_pset1sol/data.json,01_Math/01_calculus/18.01sc-fall-2010/static_resources/bc48678ef179556cc639b6b28e42d81c_MIT18_01SC_pset1sol.pdf,MIT18_01SC_pset1sol.pdf,Problem Sets; Problem Set Solutions,06_Problem_Sets,06_Problem_Sets/PSet01_Solutions.pdf
copied,01_Math/01_calculus/18.01sc-fall-2010/resources/mit18_01sc_pset1sol-1/data.json,01_Math/01_calculus/18.01sc-fall-2010/static_resources/84d01945d2eaf93351ca1371cbf98a5e_MIT18_01SC_pset1sol.pdf,MIT18_01SC_pset1sol.pdf,,06_Problem_Sets,06_Problem_Sets/PSet01_Solutions_2.pdf
copied,01_Math/01_calculus/18.01sc-fall-2010/resources/mit18_01sc_pset2prb/data.json,01_Math/01_calculus/18.01sc-fall-2010/static_resources/35c43e5a17926719668efb8a504e9717_MIT18_01SC_pset2prb.pdf,MIT18_01SC_pset2prb.pdf,,06_Problem_Sets,06_Problem_Sets/PSet02_Problems.pdf
copied,01_Math/01_calculus/18.01sc-fall-2010/resources/mit18_01sc_pset2prb-1/data.json,01_Math/01_calculus/18.01sc-fall-2010/static_resources/9ed0d442d25990a98c1c770ad331a17a_MIT18_01SC_pset2prb.pdf,MIT18_01SC_pset2prb.pdf,Problem Sets,06_Problem_Sets,06_Problem_Sets/PSet02_Problems_2.pdf
copied,01_Math/01_calculus/18.01sc-fall-2010/resources/mit18_01sc_pset2prb-2/data.json,01_Math/01_calculus/18.01sc-fall-2010/static_resources/0d7855ac225e4020cd3f258691a286cd_MIT18_01SC_pset2prb.pdf,MIT18_01SC_pset2prb.pdf,,06_Problem_Sets,06_Problem_Sets/PSet02_Problems_3.pdf
copied,01_Math/01_calculus/18.01sc-fall-2010/resources/mit18_01sc_pset2sol/data.json,01_Math/01_calculus/18.01sc-fall-2010/static_resources/f556ad6eaeb6efeeda61161d7a63c6d7_MIT18_01SC_pset2sol.pdf,MIT18_01SC_pset2sol.pdf,Problem Sets; Problem Set Solutions,06_Problem_Sets,06_Problem_Sets/PSet02_Solutions.pdf
copied,01_Math/01_calculus/18.01sc-fall-2010/resources/mit18_01sc_pset2sol-1/data.json,01_Math/01_calculus/18.01sc-fall-2010/static_resources/ef541d988c5d0e71beb756d5c0104561_MIT18_01SC_pset2sol.pdf,MIT18_01SC_pset2sol.pdf,,06_Problem_Sets,06_Problem_Sets/PSet02_Solutions_2.pdf
copied,01_Math/01_calculus/18.01sc-fall-2010/resources/mit18_01sc_pset2sol-2/data.json,01_Math/01_calculus/18.01sc-fall-2010/static_resources/56a6f202a52849dd06f37dece53df29d_MIT18_01SC_pset2sol.pdf,MIT18_01SC_pset2sol.pdf,,06_Problem_Sets,06_Problem_Sets/PSet02_Solutions_3.pdf
copied,01_Math/01_calculus/18.01sc-fall-2010/resources/mit18_01sc_pset3prb/data.json,01_Math/01_calculus/18.01sc-fall-2010/static_resources/eaabc6c74a11402341dbc120fffa5ea5_MIT18_01SC_pset3prb.pdf,MIT18_01SC_pset3prb.pdf,Problem Sets,06_Problem_Sets,06_Problem_Sets/PSet03_Problems.pdf
copied,01_Math/01_calculus/18.01sc-fall-2010/resources/mit18_01sc_pset3prb-1/data.json,01_Math/01_calculus/18.01sc-fall-2010/static_resources/b2afcc400bbfa669d9eeaca005bdd857_MIT18_01SC_pset3prb.pdf,MIT18_01SC_pset3prb.pdf,,06_Problem_Sets,06_Problem_Sets/PSet03_Problems_2.pdf
copied,01_Math/01_calculus/18.01sc-fall-2010/resources/mit18_01sc_pset3prb-2/data.json,01_Math/01_calculus/18.01sc-fall-2010/static_resources/e79f21f791b08d2c5d257fee8642d60c_MIT18_01SC_pset3prb.pdf,MIT18_01SC_pset3prb.pdf,,06_Problem_Sets,06_Problem_Sets/PSet03_Problems_3.pdf
copied,01_Math/01_calculus/18.01sc-fall-2010/resources/mit18_01sc_pset3sol/data.json,01_Math/01_calculus/18.01sc-fall-2010/static_resources/0c2dce083a72b3578eb1803326353b67_MIT18_01SC_pset3sol.pdf,MIT18_01SC_pset3sol.pdf,,06_Problem_Sets,06_Problem_Sets/PSet03_Solutions.pdf
copied,01_Math/01_calculus/18.01sc-fall-2010/resources/mit18_01sc_pset3sol-1/data.json,01_Math/01_calculus/18.01sc-fall-2010/static_resources/a48839fb6b53e634f6d063fd99340380_MIT18_01SC_pset3sol.pdf,MIT18_01SC_pset3sol.pdf,Problem Sets; Problem Set Solutions,06_Problem_Sets,06_Problem_Sets/PSet03_Solutions_2.pdf
copied,01_Math/01_calculus/18.01sc-fall-2010/resources/mit18_01sc_pset3sol-2/data.json,01_Math/01_calculus/18.01sc-fall-2010/static_resources/5138ddfb964e2764f467a13486de5cbc_MIT18_01SC_pset3sol.pdf,MIT18_01SC_pset3sol.pdf,,06_Problem_Sets,06_Problem_Sets/PSet03_Solutions_3.pdf
copied,01_Math/01_calculus/18.01sc-fall-2010/resources/mit18_01sc_pset4prb/data.json,01_Math/01_calculus/18.01sc-fall-2010/static_resources/3e92239404881253b589329ff8de0800_MIT18_01SC_pset4prb.pdf,MIT18_01SC_pset4prb.pdf,,06_Problem_Sets,06_Problem_Sets/PSet04_Problems.pdf
copied,01_Math/01_calculus/18.01sc-fall-2010/resources/mit18_01sc_pset4prb-1/data.json,01_Math/01_calculus/18.01sc-fall-2010/static_resources/8c4568635d5df671ce7859d2ec6f68b7_MIT18_01SC_pset4prb.pdf,MIT18_01SC_pset4prb.pdf,,06_Problem_Sets,06_Problem_Sets/PSet04_Problems_2.pdf
copied,01_Math/01_calculus/18.01sc-fall-2010/resources/mit18_01sc_pset4prb-2/data.json,01_Math/01_calculus/18.01sc-fall-2010/static_resources/92e9fe301b92d11995b3775aedb4bd6a_MIT18_01SC_pset4prb.pdf,MIT18_01SC_pset4prb.pdf,Problem Sets,06_Problem_Sets,06_Problem_Sets/PSet04_Problems_3.pdf
copied,01_Math/01_calculus/18.01sc-fall-2010/resources/mit18_01sc_pset4prb-3/data.json,01_Math/01_calculus/18.01sc-fall-2010/static_resources/2557f5e0942da4ca041a690ad29fb4db_MIT18_01SC_pset4prb.pdf,MIT18_01SC_pset4prb.pdf,,06_Problem_Sets,06_Problem_Sets/PSet04_Problems_4.pdf
copied,01_Math/01_calculus/18.01sc-fall-2010/resources/mit18_01sc_pset4sol/data.json,01_Math/01_calculus/18.01sc-fall-2010/static_resources/4a247b0655701dfebcbd4e235c16c726_MIT18_01SC_pset4sol.pdf,MIT18_01SC_pset4sol.pdf,Problem Sets; Problem Set Solutions,06_Problem_Sets,06_Problem_Sets/PSet04_Solutions.pdf
copied,01_Math/01_calculus/18.01sc-fall-2010/resources/mit18_01sc_pset4sol-1/data.json,01_Math/01_calculus/18.01sc-fall-2010/static_resources/0c5de02d4b2863ad003703f9b5ee1783_MIT18_01SC_pset4sol.pdf,MIT18_01SC_pset4sol.pdf,,06_Problem_Sets,06_Problem_Sets/PSet04_Solutions_2.pdf
copied,01_Math/01_calculus/18.01sc-fall-2010/resources/mit18_01sc_pset4sol-2/data.json,01_Math/01_calculus/18.01sc-fall-2010/static_resources/257c14227640a82d98c472c179bfcb2c_MIT18_01SC_pset4sol.pdf,MIT18_01SC_pset4sol.pdf,,06_Problem_Sets,06_Problem_Sets/PSet04_Solutions_3.pdf
copied,01_Math/01_calculus/18.01sc-fall-2010/resources/mit18_01sc_pset4sol-3/data.json,01_Math/01_calculus/18.01sc-fall-2010/static_resources/d79b8c2edf681e2b38ddce74c468ea26_MIT18_01SC_pset4sol.pdf,MIT18_01SC_pset4sol.pdf,,06_Problem_Sets,06_Problem_Sets/PSet04_Solutions_4.pdf
copied,01_Math/01_calculus/18.01sc-fall-2010/resources/mit18_01sc_pset5prb/data.json,01_Math/01_calculus/18.01sc-fall-2010/static_resources/50d9ff5b7a30fe96bd69017ca5104d6e_MIT18_01SC_pset5prb.pdf,MIT18_01SC_pset5prb.pdf,Problem Sets,06_Problem_Sets,06_Problem_Sets/PSet05_Problems.pdf
copied,01_Math/01_calculus/18.01sc-fall-2010/resources/mit18_01sc_pset5prb-1/data.json,01_Math/01_calculus/18.01sc-fall-2010/static_resources/598a8927f50810215e7b6de64027e0e7_MIT18_01SC_pset5prb.pdf,MIT18_01SC_pset5prb.pdf,,06_Problem_Sets,06_Problem_Sets/PSet05_Problems_2.pdf
copied,01_Math/01_calculus/18.01sc-fall-2010/resources/mit18_01sc_pset5prb-2/data.json,01_Math/01_calculus/18.01sc-fall-2010/static_resources/cfe0b375ce6c0d7bb231f30e4fa18e44_MIT18_01SC_pset5prb.pdf,MIT18_01SC_pset5prb.pdf,,06_Problem_Sets,06_Problem_Sets/PSet05_Problems_3.pdf
copied,01_Math/01_calculus/18.01sc-fall-2010/resources/mit18_01sc_pset5sol/data.json,01_Math/01_calculus/18.01sc-fall-2010/static_resources/06979381db650b91c0de9d6755f03154_MIT18_01SC_pset5sol.pdf,MIT18_01SC_pset5sol.pdf,Problem Sets; Problem Set Solutions,06_Problem_Sets,06_Problem_Sets/PSet05_Solutions.pdf
copied,01_Math/01_calculus/18.01sc-fall-2010/resources/mit18_01sc_pset5sol-1/data.json,01_Math/01_calculus/18.01sc-fall-2010/static_resources/d4e4321ab77eedd17d29e30bea7d0965_MIT18_01SC_pset5sol.pdf,MIT18_01SC_pset5sol.pdf,,06_Problem_Sets,06_Problem_Sets/PSet05_Solutions_2.pdf
copied,01_Math/01_calculus/18.01sc-fall-2010/resources/mit18_01sc_pset5sol-2/data.json,01_Math/01_calculus/18.01sc-fall-2010/static_resources/b8f998f4a1e047a51a59f1db698062af_MIT18_01SC_pset5sol.pdf,MIT18_01SC_pset5sol.pdf,,06_Problem_Sets,06_Problem_Sets/PSet05_Solutions_3.pdf
copied,01_Math/01_calculus/18.01sc-fall-2010/resources/mit18_01scf10_ex01prb/data.json,01_Math/01_calculus/18.01sc-fall-2010/static_resources/e7035a3c1ce003dca5766a3746101695_MIT18_01SCF10_ex01prb.pdf,MIT18_01SCF10_ex01prb.pdf,Problem Sets,06_Problem_Sets,06_Problem_Sets/Exercise001_Problems.pdf
copied,01_Math/01_calculus/18.01sc-fall-2010/resources/mit18_01scf10_ex01sol/data.json,01_Math/01_calculus/18.01sc-fall-2010/static_resources/4c79fff7e6ea9fb28d9c6002995757c6_MIT18_01SCF10_ex01sol.pdf,MIT18_01SCF10_ex01sol.pdf,Problem Sets; Problem Set Solutions,06_Problem_Sets,06_Problem_Sets/Exercise001_Solutions.pdf
copied,01_Math/01_calculus/18.01sc-fall-2010/resources/mit18_01scf10_ex02prb/data.json,01_Math/01_calculus/18.01sc-fall-2010/static_resources/8f1965641704eb5b4e78246c67564a60_MIT18_01SCF10_ex02prb.pdf,MIT18_01SCF10_ex02prb.pdf,Problem Sets,06_Problem_Sets,06_Problem_Sets/Exercise002_Problems.pdf
copied,01_Math/01_calculus/18.01sc-fall-2010/resources/mit18_01scf10_ex02sol/data.json,01_Math/01_calculus/18.01sc-fall-2010/static_resources/bde06f55dbe791c648649b4b942df999_MIT18_01SCF10_ex02sol.pdf,MIT18_01SCF10_ex02sol.pdf,Problem Sets; Problem Set Solutions,06_Problem_Sets,06_Problem_Sets/Exercise002_Solutions.pdf
copied,01_Math/01_calculus/18.01sc-fall-2010/resources/mit18_01scf10_ex03prb/data.json,01_Math/01_calculus/18.01sc-fall-2010/static_resources/1c60cf6442dcbf9d6bfeb939127f430e_MIT18_01SCF10_ex03prb.pdf,MIT18_01SCF10_ex03prb.pdf,Problem Sets,06_Problem_Sets,06_Problem_Sets/Exercise003_Problems.pdf
copied,01_Math/01_calculus/18.01sc-fall-2010/resources/mit18_01scf10_ex03sol/data.json,01_Math/01_calculus/18.01sc-fall-2010/static_resources/bc7b17413d57bcd7da90592fbba2bdf7_MIT18_01SCF10_ex03sol.pdf,MIT18_01SCF10_ex03sol.pdf,Problem Sets; Problem Set Solutions,06_Problem_Sets,06_Problem_Sets/Exercise003_Solutions.pdf
copied,01_Math/01_calculus/18.01sc-fall-2010/resources/mit18_01scf10_ex04prb/data.json,01_Math/01_calculus/18.01sc-fall-2010/static_resources/f8502402ca94817edcc6cd996eb538ad_MIT18_01SCF10_ex04prb.pdf,MIT18_01SCF10_ex04prb.pdf,Problem Sets,06_Problem_Sets,06_Problem_Sets/Exercise004_Problems.pdf
copied,01_Math/01_calculus/18.01sc-fall-2010/resources/mit18_01scf10_ex04sol/data.json,01_Math/01_calculus/18.01sc-fall-2010/static_resources/992aa5605f07998477a1f9e2cba0737d_MIT18_01SCF10_ex04sol.pdf,MIT18_01SCF10_ex04sol.pdf,Problem Sets; Problem Set Solutions,06_Problem_Sets,06_Problem_Sets/Exercise004_Solutions.pdf
copied,01_Math/01_calculus/18.01sc-fall-2010/resources/mit18_01scf10_ex05prb/data.json,01_Math/01_calculus/18.01sc-fall-2010/static_resources/a1e0d052dd845914254bffa2686b3fa5_MIT18_01SCF10_ex05prb.pdf,MIT18_01SCF10_ex05prb.pdf,Problem Sets,06_Problem_Sets,06_Problem_Sets/Exercise005_Problems.pdf
copied,01_Math/01_calculus/18.01sc-fall-2010/resources/mit18_01scf10_ex05sol/data.json,01_Math/01_calculus/18.01sc-fall-2010/static_resources/5014374a5054c09b52041b1fe02774ba_MIT18_01SCF10_ex05sol.pdf,MIT18_01SCF10_ex05sol.pdf,Problem Sets; Problem Set Solutions,06_Problem_Sets,06_Problem_Sets/Exercise005_Solutions.pdf
copied,01_Math/01_calculus/18.01sc-fall-2010/resources/mit18_01scf10_ex07prb/data.json,01_Math/01_calculus/18.01sc-fall-2010/static_resources/c29d87caee7001fc2b32365c40bc7c93_MIT18_01SCF10_ex07prb.pdf,MIT18_01SCF10_ex07prb.pdf,Problem Sets,06_Problem_Sets,06_Problem_Sets/Exercise007_Problems.pdf
copied,01_Math/01_calculus/18.01sc-fall-2010/resources/mit18_01scf10_ex07sol/data.json,01_Math/01_calculus/18.01sc-fall-2010/static_resources/62ed1c8d2b1d28026a66480a7ce55a42_MIT18_01SCF10_ex07sol.pdf,MIT18_01SCF10_ex07sol.pdf,Problem Sets; Problem Set Solutions,06_Problem_Sets,06_Problem_Sets/Exercise007_Solutions.pdf
copied,01_Math/01_calculus/18.01sc-fall-2010/resources/mit18_01scf10_ex08prb/data.json,01_Math/01_calculus/18.01sc-fall-2010/static_resources/915b9b766e0427c2af591b286f4e37ff_MIT18_01SCF10_ex08prb.pdf,MIT18_01SCF10_ex08prb.pdf,Problem Sets,06_Problem_Sets,06_Problem_Sets/Exercise008_Problems.pdf
copied,01_Math/01_calculus/18.01sc-fall-2010/resources/mit18_01scf10_ex08sol/data.json,01_Math/01_calculus/18.01sc-fall-2010/static_resources/79b4433976af9485f4e6d84919bc61de_MIT18_01SCF10_ex08sol.pdf,MIT18_01SCF10_ex08sol.pdf,Problem Sets; Problem Set Solutions,06_Problem_Sets,06_Problem_Sets/Exercise008_Solutions.pdf
copied,01_Math/01_calculus/18.01sc-fall-2010/resources/mit18_01scf10_ex09prb/data.json,01_Math/01_calculus/18.01sc-fall-2010/static_resources/83e5279a611d9d3f52314a5176c34df8_MIT18_01SCF10_ex09prb.pdf,MIT18_01SCF10_ex09prb.pdf,Problem Sets,06_Problem_Sets,06_Problem_Sets/Exercise009_Problems.pdf
copied,01_Math/01_calculus/18.01sc-fall-2010/resources/mit18_01scf10_ex09sol/data.json,01_Math/01_calculus/18.01sc-fall-2010/static_resources/b274df23e6ada7c665e6cfe72928b197_MIT18_01SCF10_ex09sol.pdf,MIT18_01SCF10_ex09sol.pdf,Problem Sets; Problem Set Solutions,06_Problem_Sets,06_Problem_Sets/Exercise009_Solutions.pdf
copied,01_Math/01_calculus/18.01sc-fall-2010/resources/mit18_01scf10_ex100prb/data.json,01_Math/01_calculus/18.01sc-fall-2010/static_resources/ff9bfeeb6e762bcfc5e54ce32ee69b7c_MIT18_01SCF10_ex100prb.pdf,MIT18_01SCF10_ex100prb.pdf,,90_Unclassified_or_Transcript_PDFs,90_Unclassified_or_Transcript_PDFs/MIT18_01SCF10_ex100prb.pdf
copied,01_Math/01_calculus/18.01sc-fall-2010/resources/mit18_01scf10_ex100sol/data.json,01_Math/01_calculus/18.01sc-fall-2010/static_resources/e5f4299378ee87484d49640281ca1828_MIT18_01SCF10_ex100sol.pdf,MIT18_01SCF10_ex100sol.pdf,Problem Sets; Problem Set Solutions,06_Problem_Sets,06_Problem_Sets/Exercise100_Solutions.pdf
copied,01_Math/01_calculus/18.01sc-fall-2010/resources/mit18_01scf10_ex101prb/data.json,01_Math/01_calculus/18.01sc-fall-2010/static_resources/0f0e4cb3f521e99b1300d0ed3cf0c7ef_MIT18_01SCF10_ex101prb.pdf,MIT18_01SCF10_ex101prb.pdf,Problem Sets,06_Problem_Sets,06_Problem_Sets/Exercise101_Problems.pdf
copied,01_Math/01_calculus/18.01sc-fall-2010/resources/mit18_01scf10_ex101sol/data.json,01_Math/01_calculus/18.01sc-fall-2010/static_resources/f5a44e75403692c5cfbf7882a79d77d3_MIT18_01SCF10_ex101sol.pdf,MIT18_01SCF10_ex101sol.pdf,Problem Sets; Problem Set Solutions,06_Problem_Sets,06_Problem_Sets/Exercise101_Solutions.pdf
copied,01_Math/01_calculus/18.01sc-fall-2010/resources/mit18_01scf10_ex10prb/data.json,01_Math/01_calculus/18.01sc-fall-2010/static_resources/7f48447afdcb22803f568bf5653707c5_MIT18_01SCF10_ex10prb.pdf,MIT18_01SCF10_ex10prb.pdf,Problem Sets,06_Problem_Sets,06_Problem_Sets/Exercise010_Problems.pdf
copied,01_Math/01_calculus/18.01sc-fall-2010/resources/mit18_01scf10_ex10sol/data.json,01_Math/01_calculus/18.01sc-fall-2010/static_resources/52f9d8dc2dd679f9b04aad2d581ac7b7_MIT18_01SCF10_ex10sol.pdf,MIT18_01SCF10_ex10sol.pdf,Problem Sets; Problem Set Solutions,06_Problem_Sets,06_Problem_Sets/Exercise010_Solutions.pdf
copied,01_Math/01_calculus/18.01sc-fall-2010/resources/mit18_01scf10_ex11prb/data.json,01_Math/01_calculus/18.01sc-fall-2010/static_resources/cc1f0327010197b9b87e66b3408b27ec_MIT18_01SCF10_ex11prb.pdf,MIT18_01SCF10_ex11prb.pdf,Problem Sets,06_Problem_Sets,06_Problem_Sets/Exercise011_Problems.pdf
copied,01_Math/01_calculus/18.01sc-fall-2010/resources/mit18_01scf10_ex11sol/data.json,01_Math/01_calculus/18.01sc-fall-2010/static_resources/185582db40ef98dd7c70eab7736ae70f_MIT18_01SCF10_ex11sol.pdf,MIT18_01SCF10_ex11sol.pdf,Problem Sets; Problem Set Solutions,06_Problem_Sets,06_Problem_Sets/Exercise011_Solutions.pdf
copied,01_Math/01_calculus/18.01sc-fall-2010/resources/mit18_01scf10_ex12prb/data.json,01_Math/01_calculus/18.01sc-fall-2010/static_resources/3c591168dbbfee5a8d89fd6cc3daf97e_MIT18_01SCF10_ex12prb.pdf,MIT18_01SCF10_ex12prb.pdf,Problem Sets,06_Problem_Sets,06_Problem_Sets/Exercise012_Problems.pdf
copied,01_Math/01_calculus/18.01sc-fall-2010/resources/mit18_01scf10_ex12sol/data.json,01_Math/01_calculus/18.01sc-fall-2010/static_resources/c8a0089e4888f8d7bdef0fdd920c3760_MIT18_01SCF10_ex12sol.pdf,MIT18_01SCF10_ex12sol.pdf,Problem Sets; Problem Set Solutions,06_Problem_Sets,06_Problem_Sets/Exercise012_Solutions.pdf
copied,01_Math/01_calculus/18.01sc-fall-2010/resources/mit18_01scf10_ex13prb/data.json,01_Math/01_calculus/18.01sc-fall-2010/static_resources/6e273c25410614e27b916b697d86aac7_MIT18_01SCF10_ex13prb.pdf,MIT18_01SCF10_ex13prb.pdf,Problem Sets,06_Problem_Sets,06_Problem_Sets/Exercise013_Problems.pdf
copied,01_Math/01_calculus/18.01sc-fall-2010/resources/mit18_01scf10_ex13sol/data.json,01_Math/01_calculus/18.01sc-fall-2010/static_resources/713bd74e2658227fad9374a885208c23_MIT18_01SCF10_ex13sol.pdf,MIT18_01SCF10_ex13sol.pdf,Problem Sets; Problem Set Solutions,06_Problem_Sets,06_Problem_Sets/Exercise013_Solutions.pdf
copied,01_Math/01_calculus/18.01sc-fall-2010/resources/mit18_01scf10_ex14prb/data.json,01_Math/01_calculus/18.01sc-fall-2010/static_resources/7a7d3f0e340ddff6b31f08134f9ef302_MIT18_01SCF10_ex14prb.pdf,MIT18_01SCF10_ex14prb.pdf,Problem Sets,06_Problem_Sets,06_Problem_Sets/Exercise014_Problems.pdf
copied,01_Math/01_calculus/18.01sc-fall-2010/resources/mit18_01scf10_ex14sol/data.json,01_Math/01_calculus/18.01sc-fall-2010/static_resources/df4b202a59855a2a7bdd3c4dc44aad5c_MIT18_01SCF10_ex14sol.pdf,MIT18_01SCF10_ex14sol.pdf,Problem Sets; Problem Set Solutions,06_Problem_Sets,06_Problem_Sets/Exercise014_Solutions.pdf
copied,01_Math/01_calculus/18.01sc-fall-2010/resources/mit18_01scf10_ex15prb/data.json,01_Math/01_calculus/18.01sc-fall-2010/static_resources/5194ae000d2b14dc7a9e377fc2eff268_MIT18_01SCF10_ex15prb.pdf,MIT18_01SCF10_ex15prb.pdf,Problem Sets,06_Problem_Sets,06_Problem_Sets/Exercise015_Problems.pdf
copied,01_Math/01_calculus/18.01sc-fall-2010/resources/mit18_01scf10_ex15sol/data.json,01_Math/01_calculus/18.01sc-fall-2010/static_resources/11c6317417bdf6c7f976183481025646_MIT18_01SCF10_ex15sol.pdf,MIT18_01SCF10_ex15sol.pdf,Problem Sets; Problem Set Solutions,06_Problem_Sets,06_Problem_Sets/Exercise015_Solutions.pdf
copied,01_Math/01_calculus/18.01sc-fall-2010/resources/mit18_01scf10_ex16prb/data.json,01_Math/01_calculus/18.01sc-fall-2010/static_resources/fe31d67dca131a9e328bad9d864e2a0f_MIT18_01SCF10_ex16prb.pdf,MIT18_01SCF10_ex16prb.pdf,Problem Sets,06_Problem_Sets,06_Problem_Sets/Exercise016_Problems.pdf
copied,01_Math/01_calculus/18.01sc-fall-2010/resources/mit18_01scf10_ex16sol/data.json,01_Math/01_calculus/18.01sc-fall-2010/static_resources/41a61f858e066ddcb402f34c0e4697af_MIT18_01SCF10_ex16sol.pdf,MIT18_01SCF10_ex16sol.pdf,Problem Sets; Problem Set Solutions,06_Problem_Sets,06_Problem_Sets/Exercise016_Solutions.pdf
copied,01_Math/01_calculus/18.01sc-fall-2010/resources/mit18_01scf10_ex17prb/data.json,01_Math/01_calculus/18.01sc-fall-2010/static_resources/dd69d3c6a003824b372038b310574867_MIT18_01SCF10_ex17prb.pdf,MIT18_01SCF10_ex17prb.pdf,Problem Sets,06_Problem_Sets,06_Problem_Sets/Exercise017_Problems.pdf
copied,01_Math/01_calculus/18.01sc-fall-2010/resources/mit18_01scf10_ex17sol/data.json,01_Math/01_calculus/18.01sc-fall-2010/static_resources/579220ae8e0b138fc956ee127c4f9879_MIT18_01SCF10_ex17sol.pdf,MIT18_01SCF10_ex17sol.pdf,Problem Sets; Problem Set Solutions,06_Problem_Sets,06_Problem_Sets/Exercise017_Solutions.pdf
copied,01_Math/01_calculus/18.01sc-fall-2010/resources/mit18_01scf10_ex19aprb/data.json,01_Math/01_calculus/18.01sc-fall-2010/static_resources/cd0bdfcdfd8bd1ab482edfc795431c30_MIT18_01SCF10_ex19aprb.pdf,MIT18_01SCF10_ex19aprb.pdf,Problem Sets,06_Problem_Sets,06_Problem_Sets/Exercise019_Problems.pdf
copied,01_Math/01_calculus/18.01sc-fall-2010/resources/mit18_01scf10_ex19asol/data.json,01_Math/01_calculus/18.01sc-fall-2010/static_resources/a6e9cc2a2e086191f7ef6311d933431b_MIT18_01SCF10_ex19asol.pdf,MIT18_01SCF10_ex19asol.pdf,Problem Sets; Problem Set Solutions,06_Problem_Sets,06_Problem_Sets/Exercise019_Solutions.pdf
copied,01_Math/01_calculus/18.01sc-fall-2010/resources/mit18_01scf10_ex19bprb/data.json,01_Math/01_calculus/18.01sc-fall-2010/static_resources/d32149b689f995816ebabd6214b838fe_MIT18_01SCF10_ex19bprb.pdf,MIT18_01SCF10_ex19bprb.pdf,Problem Sets,06_Problem_Sets,06_Problem_Sets/Exercise019_Problems_2.pdf
copied,01_Math/01_calculus/18.01sc-fall-2010/resources/mit18_01scf10_ex19bsol/data.json,01_Math/01_calculus/18.01sc-fall-2010/static_resources/8988d219f9ea21f081844df41b649e9e_MIT18_01SCF10_ex19bsol.pdf,MIT18_01SCF10_ex19bsol.pdf,Problem Sets; Problem Set Solutions,06_Problem_Sets,06_Problem_Sets/Exercise019_Solutions_2.pdf
copied,01_Math/01_calculus/18.01sc-fall-2010/resources/mit18_01scf10_ex20prb/data.json,01_Math/01_calculus/18.01sc-fall-2010/static_resources/19beee5694df5686f971de3c1bc4abec_MIT18_01SCF10_ex20prb.pdf,MIT18_01SCF10_ex20prb.pdf,Problem Sets,06_Problem_Sets,06_Problem_Sets/Exercise020_Problems.pdf
copied,01_Math/01_calculus/18.01sc-fall-2010/resources/mit18_01scf10_ex20sol/data.json,01_Math/01_calculus/18.01sc-fall-2010/static_resources/ba64527096fa7e015c043cba55982c8b_MIT18_01SCF10_ex20sol.pdf,MIT18_01SCF10_ex20sol.pdf,Problem Sets; Problem Set Solutions,06_Problem_Sets,06_Problem_Sets/Exercise020_Solutions.pdf
copied,01_Math/01_calculus/18.01sc-fall-2010/resources/mit18_01scf10_ex23prb/data.json,01_Math/01_calculus/18.01sc-fall-2010/static_resources/f94c79bce97c8292a73f4a678200d80e_MIT18_01SCF10_ex23prb.pdf,MIT18_01SCF10_ex23prb.pdf,Problem Sets,06_Problem_Sets,06_Problem_Sets/Exercise023_Problems.pdf
copied,01_Math/01_calculus/18.01sc-fall-2010/resources/mit18_01scf10_ex23sol/data.json,01_Math/01_calculus/18.01sc-fall-2010/static_resources/3ec09c2e10fb07da17fccb0097419b3c_MIT18_01SCF10_ex23sol.pdf,MIT18_01SCF10_ex23sol.pdf,Problem Sets; Problem Set Solutions,06_Problem_Sets,06_Problem_Sets/Exercise023_Solutions.pdf
copied,01_Math/01_calculus/18.01sc-fall-2010/resources/mit18_01scf10_ex24prb/data.json,01_Math/01_calculus/18.01sc-fall-2010/static_resources/6e8aadf9ec0a5e4e299ff94932d72f40_MIT18_01SCF10_ex24prb.pdf,MIT18_01SCF10_ex24prb.pdf,Problem Sets,06_Problem_Sets,06_Problem_Sets/Exercise024_Problems.pdf
copied,01_Math/01_calculus/18.01sc-fall-2010/resources/mit18_01scf10_ex24sol/data.json,01_Math/01_calculus/18.01sc-fall-2010/static_resources/71d62ab9e8517a42728509375403a51f_MIT18_01SCF10_ex24sol.pdf,MIT18_01SCF10_ex24sol.pdf,Problem Sets; Problem Set Solutions,06_Problem_Sets,06_Problem_Sets/Exercise024_Solutions.pdf
copied,01_Math/01_calculus/18.01sc-fall-2010/resources/mit18_01scf10_ex25prb/data.json,01_Math/01_calculus/18.01sc-fall-2010/static_resources/782c303393c5b39e3a34f51d315441b7_MIT18_01SCF10_ex25prb.pdf,MIT18_01SCF10_ex25prb.pdf,Problem Sets,06_Problem_Sets,06_Problem_Sets/Exercise025_Problems.pdf
copied,01_Math/01_calculus/18.01sc-fall-2010/resources/mit18_01scf10_ex25sol/data.json,01_Math/01_calculus/18.01sc-fall-2010/static_resources/f806d7f06df82639483a24d467a4fa28_MIT18_01SCF10_ex25sol.pdf,MIT18_01SCF10_ex25sol.pdf,Problem Sets; Problem Set Solutions,06_Problem_Sets,06_Problem_Sets/Exercise025_Solutions.pdf
copied,01_Math/01_calculus/18.01sc-fall-2010/resources/mit18_01scf10_ex26prb/data.json,01_Math/01_calculus/18.01sc-fall-2010/static_resources/dfcfe7b27c373626da08816b84885cdc_MIT18_01SCF10_ex26prb.pdf,MIT18_01SCF10_ex26prb.pdf,Problem Sets,06_Problem_Sets,06_Problem_Sets/Exercise026_Problems.pdf
copied,01_Math/01_calculus/18.01sc-fall-2010/resources/mit18_01scf10_ex26sol/data.json,01_Math/01_calculus/18.01sc-fall-2010/static_resources/962423b16573a8a78bc7d1cba680f305_MIT18_01SCF10_ex26sol.pdf,MIT18_01SCF10_ex26sol.pdf,Problem Sets; Problem Set Solutions,06_Problem_Sets,06_Problem_Sets/Exercise026_Solutions.pdf
copied,01_Math/01_calculus/18.01sc-fall-2010/resources/mit18_01scf10_ex28prb/data.json,01_Math/01_calculus/18.01sc-fall-2010/static_resources/ac72acef5944940fc75a76ca8bee16a9_MIT18_01SCF10_ex28prb.pdf,MIT18_01SCF10_ex28prb.pdf,Problem Sets,06_Problem_Sets,06_Problem_Sets/Exercise028_Problems.pdf
copied,01_Math/01_calculus/18.01sc-fall-2010/resources/mit18_01scf10_ex28sol/data.json,01_Math/01_calculus/18.01sc-fall-2010/static_resources/e222d667734a7909e218f4fdcafe553e_MIT18_01SCF10_ex28sol.pdf,MIT18_01SCF10_ex28sol.pdf,Problem Sets; Problem Set Solutions,06_Problem_Sets,06_Problem_Sets/Exercise028_Solutions.pdf
copied,01_Math/01_calculus/18.01sc-fall-2010/resources/mit18_01scf10_ex30prb/data.json,01_Math/01_calculus/18.01sc-fall-2010/static_resources/8f30d27e4838ab767b4f9c4a5538df18_MIT18_01SCF10_ex30prb.pdf,MIT18_01SCF10_ex30prb.pdf,Problem Sets,06_Problem_Sets,06_Problem_Sets/Exercise030_Problems.pdf
copied,01_Math/01_calculus/18.01sc-fall-2010/resources/mit18_01scf10_ex30sol/data.json,01_Math/01_calculus/18.01sc-fall-2010/static_resources/9b8a2a35294350b387e24b0d8adfd632_MIT18_01SCF10_ex30sol.pdf,MIT18_01SCF10_ex30sol.pdf,Problem Sets; Problem Set Solutions,06_Problem_Sets,06_Problem_Sets/Exercise030_Solutions.pdf
copied,01_Math/01_calculus/18.01sc-fall-2010/resources/mit18_01scf10_ex31prb/data.json,01_Math/01_calculus/18.01sc-fall-2010/static_resources/f10b7a0168356ed2b47d9f64f4d33ad1_MIT18_01SCF10_ex31prb.pdf,MIT18_01SCF10_ex31prb.pdf,Problem Sets,06_Problem_Sets,06_Problem_Sets/Exercise031_Problems.pdf
copied,01_Math/01_calculus/18.01sc-fall-2010/resources/mit18_01scf10_ex31sol/data.json,01_Math/01_calculus/18.01sc-fall-2010/static_resources/96600de0e27040425d88b89d45a722a7_MIT18_01SCF10_ex31sol.pdf,MIT18_01SCF10_ex31sol.pdf,Problem Sets; Problem Set Solutions,06_Problem_Sets,06_Problem_Sets/Exercise031_Solutions.pdf
copied,01_Math/01_calculus/18.01sc-fall-2010/resources/mit18_01scf10_ex33prb/data.json,01_Math/01_calculus/18.01sc-fall-2010/static_resources/2947cca0729b9f0426cd848feaefb5e1_MIT18_01SCF10_ex33prb.pdf,MIT18_01SCF10_ex33prb.pdf,Problem Sets,06_Problem_Sets,06_Problem_Sets/Exercise033_Problems.pdf
copied,01_Math/01_calculus/18.01sc-fall-2010/resources/mit18_01scf10_ex33sol/data.json,01_Math/01_calculus/18.01sc-fall-2010/static_resources/04e5867c11f73c934cc810c772617eb1_MIT18_01SCF10_ex33sol.pdf,MIT18_01SCF10_ex33sol.pdf,Problem Sets; Problem Set Solutions,06_Problem_Sets,06_Problem_Sets/Exercise033_Solutions.pdf
copied,01_Math/01_calculus/18.01sc-fall-2010/resources/mit18_01scf10_ex34prb/data.json,01_Math/01_calculus/18.01sc-fall-2010/static_resources/a91bdbc7b1b980bf109fe3feb0b42b01_MIT18_01SCF10_ex34prb.pdf,MIT18_01SCF10_ex34prb.pdf,Problem Sets,06_Problem_Sets,06_Problem_Sets/Exercise034_Problems.pdf
copied,01_Math/01_calculus/18.01sc-fall-2010/resources/mit18_01scf10_ex34sol/data.json,01_Math/01_calculus/18.01sc-fall-2010/static_resources/fa6fe41a34bc6ea7e0d9d4f6482e5c19_MIT18_01SCF10_ex34sol.pdf,MIT18_01SCF10_ex34sol.pdf,Problem Sets; Problem Set Solutions,06_Problem_Sets,06_Problem_Sets/Exercise034_Solutions.pdf
copied,01_Math/01_calculus/18.01sc-fall-2010/resources/mit18_01scf10_ex35prb/data.json,01_Math/01_calculus/18.01sc-fall-2010/static_resources/d2fe64df2bcc49269e8434b79e37acaa_MIT18_01SCF10_ex35prb.pdf,MIT18_01SCF10_ex35prb.pdf,Problem Sets,06_Problem_Sets,06_Problem_Sets/Exercise035_Problems.pdf
copied,01_Math/01_calculus/18.01sc-fall-2010/resources/mit18_01scf10_ex35sol/data.json,01_Math/01_calculus/18.01sc-fall-2010/static_resources/0779a559464b16a018a0508a08449470_MIT18_01SCF10_ex35sol.pdf,MIT18_01SCF10_ex35sol.pdf,Problem Sets; Problem Set Solutions,06_Problem_Sets,06_Problem_Sets/Exercise035_Solutions.pdf
copied,01_Math/01_calculus/18.01sc-fall-2010/resources/mit18_01scf10_ex36prb/data.json,01_Math/01_calculus/18.01sc-fall-2010/static_resources/9832ec4cfd8ed8ebff5712987cad068c_MIT18_01SCF10_ex36prb.pdf,MIT18_01SCF10_ex36prb.pdf,Problem Sets,06_Problem_Sets,06_Problem_Sets/Exercise036_Problems.pdf
copied,01_Math/01_calculus/18.01sc-fall-2010/resources/mit18_01scf10_ex36sol/data.json,01_Math/01_calculus/18.01sc-fall-2010/static_resources/1013dffcf4b057f9d6366960bc648f87_MIT18_01SCF10_ex36sol.pdf,MIT18_01SCF10_ex36sol.pdf,Problem Sets; Problem Set Solutions,06_Problem_Sets,06_Problem_Sets/Exercise036_Solutions.pdf
copied,01_Math/01_calculus/18.01sc-fall-2010/resources/mit18_01scf10_ex37prb/data.json,01_Math/01_calculus/18.01sc-fall-2010/static_resources/c083a2a2def41a9c22a0f09e4c1fa623_MIT18_01SCF10_ex37prb.pdf,MIT18_01SCF10_ex37prb.pdf,Problem Sets,06_Problem_Sets,06_Problem_Sets/Exercise037_Problems.pdf
copied,01_Math/01_calculus/18.01sc-fall-2010/resources/mit18_01scf10_ex37sol/data.json,01_Math/01_calculus/18.01sc-fall-2010/static_resources/f51f271e3252a71b8d698c3457f39c8e_MIT18_01SCF10_ex37sol.pdf,MIT18_01SCF10_ex37sol.pdf,Problem Sets; Problem Set Solutions,06_Problem_Sets,06_Problem_Sets/Exercise037_Solutions.pdf
copied,01_Math/01_calculus/18.01sc-fall-2010/resources/mit18_01scf10_ex38prb/data.json,01_Math/01_calculus/18.01sc-fall-2010/static_resources/7ba77820e3c62210093ba02359def088_MIT18_01SCF10_ex38prb.pdf,MIT18_01SCF10_ex38prb.pdf,Problem Sets,06_Problem_Sets,06_Problem_Sets/Exercise038_Problems.pdf
copied,01_Math/01_calculus/18.01sc-fall-2010/resources/mit18_01scf10_ex38sol/data.json,01_Math/01_calculus/18.01sc-fall-2010/static_resources/6b123e1ffe830e9ae2a4e61dfecbbb3b_MIT18_01SCF10_ex38sol.pdf,MIT18_01SCF10_ex38sol.pdf,Problem Sets; Problem Set Solutions,06_Problem_Sets,06_Problem_Sets/Exercise038_Solutions.pdf
copied,01_Math/01_calculus/18.01sc-fall-2010/resources/mit18_01scf10_ex39prb/data.json,01_Math/01_calculus/18.01sc-fall-2010/static_resources/f84f043305232520221e776274e80597_MIT18_01SCF10_ex39prb.pdf,MIT18_01SCF10_ex39prb.pdf,Problem Sets,06_Problem_Sets,06_Problem_Sets/Exercise039_Problems.pdf
copied,01_Math/01_calculus/18.01sc-fall-2010/resources/mit18_01scf10_ex39sol/data.json,01_Math/01_calculus/18.01sc-fall-2010/static_resources/75a33e099a2348a6b07267b0794a57d3_MIT18_01SCF10_ex39sol.pdf,MIT18_01SCF10_ex39sol.pdf,Problem Sets; Problem Set Solutions,06_Problem_Sets,06_Problem_Sets/Exercise039_Solutions.pdf
copied,01_Math/01_calculus/18.01sc-fall-2010/resources/mit18_01scf10_ex40prb/data.json,01_Math/01_calculus/18.01sc-fall-2010/static_resources/3a605920f61fe4414a84e6393c68252c_MIT18_01SCF10_ex40prb.pdf,MIT18_01SCF10_ex40prb.pdf,Problem Sets,06_Problem_Sets,06_Problem_Sets/Exercise040_Problems.pdf
copied,01_Math/01_calculus/18.01sc-fall-2010/resources/mit18_01scf10_ex40sol/data.json,01_Math/01_calculus/18.01sc-fall-2010/static_resources/b6a7ab20c45d42729cf511a6c85943de_MIT18_01SCF10_ex40sol.pdf,MIT18_01SCF10_ex40sol.pdf,Problem Sets; Problem Set Solutions,06_Problem_Sets,06_Problem_Sets/Exercise040_Solutions.pdf
copied,01_Math/01_calculus/18.01sc-fall-2010/resources/mit18_01scf10_ex43prb/data.json,01_Math/01_calculus/18.01sc-fall-2010/static_resources/e39753c48220e844b2fbf59a6ca3c284_MIT18_01SCF10_ex43prb.pdf,MIT18_01SCF10_ex43prb.pdf,Problem Sets,06_Problem_Sets,06_Problem_Sets/Exercise043_Problems.pdf
copied,01_Math/01_calculus/18.01sc-fall-2010/resources/mit18_01scf10_ex43sol/data.json,01_Math/01_calculus/18.01sc-fall-2010/static_resources/e0806c4ce8d4908951eaf15d0f7832cf_MIT18_01SCF10_ex43sol.pdf,MIT18_01SCF10_ex43sol.pdf,Problem Sets; Problem Set Solutions,06_Problem_Sets,06_Problem_Sets/Exercise043_Solutions.pdf
copied,01_Math/01_calculus/18.01sc-fall-2010/resources/mit18_01scf10_ex44prb/data.json,01_Math/01_calculus/18.01sc-fall-2010/static_resources/415b05e2291da2d2a2ebe4250f8544a7_MIT18_01SCF10_ex44prb.pdf,MIT18_01SCF10_ex44prb.pdf,Problem Sets,06_Problem_Sets,06_Problem_Sets/Exercise044_Problems.pdf
copied,01_Math/01_calculus/18.01sc-fall-2010/resources/mit18_01scf10_ex44sol/data.json,01_Math/01_calculus/18.01sc-fall-2010/static_resources/0bc1cc1eb12dc56901b80073959a100d_MIT18_01SCF10_ex44sol.pdf,MIT18_01SCF10_ex44sol.pdf,Problem Sets; Problem Set Solutions,06_Problem_Sets,06_Problem_Sets/Exercise044_Solutions.pdf
copied,01_Math/01_calculus/18.01sc-fall-2010/resources/mit18_01scf10_ex45prb/data.json,01_Math/01_calculus/18.01sc-fall-2010/static_resources/b09a9ab0e113c68d30dd7be9812fec19_MIT18_01SCF10_ex45prb.pdf,MIT18_01SCF10_ex45prb.pdf,Problem Sets,06_Problem_Sets,06_Problem_Sets/Exercise045_Problems.pdf
copied,01_Math/01_calculus/18.01sc-fall-2010/resources/mit18_01scf10_ex45sol/data.json,01_Math/01_calculus/18.01sc-fall-2010/static_resources/244ff558563ac817868a5d1b4494c234_MIT18_01SCF10_ex45sol.pdf,MIT18_01SCF10_ex45sol.pdf,Problem Sets; Problem Set Solutions,06_Problem_Sets,06_Problem_Sets/Exercise045_Solutions.pdf
copied,01_Math/01_calculus/18.01sc-fall-2010/resources/mit18_01scf10_ex46prb/data.json,01_Math/01_calculus/18.01sc-fall-2010/static_resources/e79beab68e0b64a7b4bd5ae06ee74313_MIT18_01SCF10_ex46prb.pdf,MIT18_01SCF10_ex46prb.pdf,Problem Sets,06_Problem_Sets,06_Problem_Sets/Exercise046_Problems.pdf
copied,01_Math/01_calculus/18.01sc-fall-2010/resources/mit18_01scf10_ex46sol/data.json,01_Math/01_calculus/18.01sc-fall-2010/static_resources/4753403f8cb7f8cc48f6e5196c051160_MIT18_01SCF10_ex46sol.pdf,MIT18_01SCF10_ex46sol.pdf,Problem Sets; Problem Set Solutions,06_Problem_Sets,06_Problem_Sets/Exercise046_Solutions.pdf
copied,01_Math/01_calculus/18.01sc-fall-2010/resources/mit18_01scf10_ex47prb/data.json,01_Math/01_calculus/18.01sc-fall-2010/static_resources/0d8492c86bd1ec85c635c27381afc54c_MIT18_01SCF10_ex47prb.pdf,MIT18_01SCF10_ex47prb.pdf,Problem Sets,06_Problem_Sets,06_Problem_Sets/Exercise047_Problems.pdf
copied,01_Math/01_calculus/18.01sc-fall-2010/resources/mit18_01scf10_ex47sol/data.json,01_Math/01_calculus/18.01sc-fall-2010/static_resources/be1d786d41039998137bfb36f7c7f8ef_MIT18_01SCF10_ex47sol.pdf,MIT18_01SCF10_ex47sol.pdf,Problem Sets; Problem Set Solutions,06_Problem_Sets,06_Problem_Sets/Exercise047_Solutions.pdf
copied,01_Math/01_calculus/18.01sc-fall-2010/resources/mit18_01scf10_ex48prb/data.json,01_Math/01_calculus/18.01sc-fall-2010/static_resources/f1fa0c837890f5106d02accbc4b1e610_MIT18_01SCF10_ex48prb.pdf,MIT18_01SCF10_ex48prb.pdf,Problem Sets,06_Problem_Sets,06_Problem_Sets/Exercise048_Problems.pdf
copied,01_Math/01_calculus/18.01sc-fall-2010/resources/mit18_01scf10_ex48sol/data.json,01_Math/01_calculus/18.01sc-fall-2010/static_resources/6b761d37d9d217a420ee2be18f8c1887_MIT18_01SCF10_ex48sol.pdf,MIT18_01SCF10_ex48sol.pdf,Problem Sets; Problem Set Solutions,06_Problem_Sets,06_Problem_Sets/Exercise048_Solutions.pdf
copied,01_Math/01_calculus/18.01sc-fall-2010/resources/mit18_01scf10_ex49prb/data.json,01_Math/01_calculus/18.01sc-fall-2010/static_resources/8bf9c58094c2838a33e33eced5b6473f_MIT18_01SCF10_ex49prb.pdf,MIT18_01SCF10_ex49prb.pdf,Problem Sets,06_Problem_Sets,06_Problem_Sets/Exercise049_Problems.pdf
copied,01_Math/01_calculus/18.01sc-fall-2010/resources/mit18_01scf10_ex49sol/data.json,01_Math/01_calculus/18.01sc-fall-2010/static_resources/4c5b3493101fac5c2cfb7d47deb10514_MIT18_01SCF10_ex49sol.pdf,MIT18_01SCF10_ex49sol.pdf,Problem Sets; Problem Set Solutions,06_Problem_Sets,06_Problem_Sets/Exercise049_Solutions.pdf
copied,01_Math/01_calculus/18.01sc-fall-2010/resources/mit18_01scf10_ex50prb/data.json,01_Math/01_calculus/18.01sc-fall-2010/static_resources/a7bb8a35dacf44c1ae34b89143656f82_MIT18_01SCF10_ex50prb.pdf,MIT18_01SCF10_ex50prb.pdf,Problem Sets,06_Problem_Sets,06_Problem_Sets/Exercise050_Problems.pdf
copied,01_Math/01_calculus/18.01sc-fall-2010/resources/mit18_01scf10_ex50sol/data.json,01_Math/01_calculus/18.01sc-fall-2010/static_resources/d57f59c50b7fe8eae95e25e0f64a44d1_MIT18_01SCF10_ex50sol.pdf,MIT18_01SCF10_ex50sol.pdf,Problem Sets; Problem Set Solutions,06_Problem_Sets,06_Problem_Sets/Exercise050_Solutions.pdf
copied,01_Math/01_calculus/18.01sc-fall-2010/resources/mit18_01scf10_ex54prb/data.json,01_Math/01_calculus/18.01sc-fall-2010/static_resources/80d5b62b17fde9c9f6c4dd9fd704e751_MIT18_01SCF10_ex54prb.pdf,MIT18_01SCF10_ex54prb.pdf,Problem Sets,06_Problem_Sets,06_Problem_Sets/Exercise054_Problems.pdf
copied,01_Math/01_calculus/18.01sc-fall-2010/resources/mit18_01scf10_ex54sol/data.json,01_Math/01_calculus/18.01sc-fall-2010/static_resources/65cd6b4b4cd6c5a49383ca3254fe8aed_MIT18_01SCF10_ex54sol.pdf,MIT18_01SCF10_ex54sol.pdf,Problem Sets; Problem Set Solutions,06_Problem_Sets,06_Problem_Sets/Exercise054_Solutions.pdf
copied,01_Math/01_calculus/18.01sc-fall-2010/resources/mit18_01scf10_ex55prb/data.json,01_Math/01_calculus/18.01sc-fall-2010/static_resources/48a084d99c5818645a829e3c49c356ed_MIT18_01SCF10_ex55prb.pdf,MIT18_01SCF10_ex55prb.pdf,Problem Sets,06_Problem_Sets,06_Problem_Sets/Exercise055_Problems.pdf
copied,01_Math/01_calculus/18.01sc-fall-2010/resources/mit18_01scf10_ex55sol/data.json,01_Math/01_calculus/18.01sc-fall-2010/static_resources/a1e1c55e6e45fe9e006fccdf88cfe6dc_MIT18_01SCF10_ex55sol.pdf,MIT18_01SCF10_ex55sol.pdf,Problem Sets; Problem Set Solutions,06_Problem_Sets,06_Problem_Sets/Exercise055_Solutions.pdf
copied,01_Math/01_calculus/18.01sc-fall-2010/resources/mit18_01scf10_ex56prb/data.json,01_Math/01_calculus/18.01sc-fall-2010/static_resources/a57dc0ba7d7df8fec4c7bb53acc3f9d1_MIT18_01SCF10_ex56prb.pdf,MIT18_01SCF10_ex56prb.pdf,Problem Sets,06_Problem_Sets,06_Problem_Sets/Exercise056_Problems.pdf
copied,01_Math/01_calculus/18.01sc-fall-2010/resources/mit18_01scf10_ex56sol/data.json,01_Math/01_calculus/18.01sc-fall-2010/static_resources/77095502ce97b96cf417432e8f750e08_MIT18_01SCF10_ex56sol.pdf,MIT18_01SCF10_ex56sol.pdf,Problem Sets; Problem Set Solutions,06_Problem_Sets,06_Problem_Sets/Exercise056_Solutions.pdf
copied,01_Math/01_calculus/18.01sc-fall-2010/resources/mit18_01scf10_ex57prb/data.json,01_Math/01_calculus/18.01sc-fall-2010/static_resources/d06918b918ec707d6923f240d8d9803e_MIT18_01SCF10_ex57prb.pdf,MIT18_01SCF10_ex57prb.pdf,Problem Sets,06_Problem_Sets,06_Problem_Sets/Exercise057_Problems.pdf
copied,01_Math/01_calculus/18.01sc-fall-2010/resources/mit18_01scf10_ex57sol/data.json,01_Math/01_calculus/18.01sc-fall-2010/static_resources/bc1ab4a7fc56f6acd939f29c072fe58f_MIT18_01SCF10_ex57sol.pdf,MIT18_01SCF10_ex57sol.pdf,Problem Sets; Problem Set Solutions,06_Problem_Sets,06_Problem_Sets/Exercise057_Solutions.pdf
copied,01_Math/01_calculus/18.01sc-fall-2010/resources/mit18_01scf10_ex58prb/data.json,01_Math/01_calculus/18.01sc-fall-2010/static_resources/26fd3790de98905fb54a05f427784e3c_MIT18_01SCF10_ex58prb.pdf,MIT18_01SCF10_ex58prb.pdf,Problem Sets,06_Problem_Sets,06_Problem_Sets/Exercise058_Problems.pdf
copied,01_Math/01_calculus/18.01sc-fall-2010/resources/mit18_01scf10_ex58sol/data.json,01_Math/01_calculus/18.01sc-fall-2010/static_resources/f7e181ed0aa0984ebe78f91dbd6915ca_MIT18_01SCF10_ex58sol.pdf,MIT18_01SCF10_ex58sol.pdf,Problem Sets; Problem Set Solutions,06_Problem_Sets,06_Problem_Sets/Exercise058_Solutions.pdf
copied,01_Math/01_calculus/18.01sc-fall-2010/resources/mit18_01scf10_ex59prb/data.json,01_Math/01_calculus/18.01sc-fall-2010/static_resources/d415dfc3a3d90d2600be6042a65b45c4_MIT18_01SCF10_ex59prb.pdf,MIT18_01SCF10_ex59prb.pdf,Problem Sets,06_Problem_Sets,06_Problem_Sets/Exercise059_Problems.pdf
copied,01_Math/01_calculus/18.01sc-fall-2010/resources/mit18_01scf10_ex59sol/data.json,01_Math/01_calculus/18.01sc-fall-2010/static_resources/6d5d4159c4543a9eb0da70a3ed82ba42_MIT18_01SCF10_ex59sol.pdf,MIT18_01SCF10_ex59sol.pdf,Problem Sets; Problem Set Solutions,06_Problem_Sets,06_Problem_Sets/Exercise059_Solutions.pdf
copied,01_Math/01_calculus/18.01sc-fall-2010/resources/mit18_01scf10_ex60prb/data.json,01_Math/01_calculus/18.01sc-fall-2010/static_resources/505691d67652838ea71566b872225032_MIT18_01SCF10_ex60prb.pdf,MIT18_01SCF10_ex60prb.pdf,Problem Sets,06_Problem_Sets,06_Problem_Sets/Exercise060_Problems.pdf
copied,01_Math/01_calculus/18.01sc-fall-2010/resources/mit18_01scf10_ex60sol/data.json,01_Math/01_calculus/18.01sc-fall-2010/static_resources/ea21a4fd21c7b1c845cc3bc6cdbb63ca_MIT18_01SCF10_ex60sol.pdf,MIT18_01SCF10_ex60sol.pdf,Problem Sets; Problem Set Solutions,06_Problem_Sets,06_Problem_Sets/Exercise060_Solutions.pdf
copied,01_Math/01_calculus/18.01sc-fall-2010/resources/mit18_01scf10_ex61prb/data.json,01_Math/01_calculus/18.01sc-fall-2010/static_resources/0e1ce7ab28c31951d09be951dc4a0ec0_MIT18_01SCF10_ex61prb.pdf,MIT18_01SCF10_ex61prb.pdf,Problem Sets,06_Problem_Sets,06_Problem_Sets/Exercise061_Problems.pdf
copied,01_Math/01_calculus/18.01sc-fall-2010/resources/mit18_01scf10_ex61sol/data.json,01_Math/01_calculus/18.01sc-fall-2010/static_resources/e491560602afb9eb66201df662246a52_MIT18_01SCF10_ex61sol.pdf,MIT18_01SCF10_ex61sol.pdf,Problem Sets; Problem Set Solutions,06_Problem_Sets,06_Problem_Sets/Exercise061_Solutions.pdf
copied,01_Math/01_calculus/18.01sc-fall-2010/resources/mit18_01scf10_ex63prb/data.json,01_Math/01_calculus/18.01sc-fall-2010/static_resources/aa8d3256e1dc70a7a1fb5b7734d90ab6_MIT18_01SCF10_ex63prb.pdf,MIT18_01SCF10_ex63prb.pdf,Problem Sets,06_Problem_Sets,06_Problem_Sets/Exercise063_Problems.pdf
copied,01_Math/01_calculus/18.01sc-fall-2010/resources/mit18_01scf10_ex63sol/data.json,01_Math/01_calculus/18.01sc-fall-2010/static_resources/defccdd353fb3162a123a5306dd2d92b_MIT18_01SCF10_ex63sol.pdf,MIT18_01SCF10_ex63sol.pdf,Problem Sets; Problem Set Solutions,06_Problem_Sets,06_Problem_Sets/Exercise063_Solutions.pdf
copied,01_Math/01_calculus/18.01sc-fall-2010/resources/mit18_01scf10_ex64prb/data.json,01_Math/01_calculus/18.01sc-fall-2010/static_resources/f15dde39fa9cddb40ade49bdf89094fc_MIT18_01SCF10_ex64prb.pdf,MIT18_01SCF10_ex64prb.pdf,Problem Sets,06_Problem_Sets,06_Problem_Sets/Exercise064_Problems.pdf
copied,01_Math/01_calculus/18.01sc-fall-2010/resources/mit18_01scf10_ex64sol/data.json,01_Math/01_calculus/18.01sc-fall-2010/static_resources/1994a577d20660142af2f4f13cd66fa0_MIT18_01SCF10_ex64sol.pdf,MIT18_01SCF10_ex64sol.pdf,Problem Sets; Problem Set Solutions,06_Problem_Sets,06_Problem_Sets/Exercise064_Solutions.pdf
copied,01_Math/01_calculus/18.01sc-fall-2010/resources/mit18_01scf10_ex68prb/data.json,01_Math/01_calculus/18.01sc-fall-2010/static_resources/9c16a5be38bb09619760c2467f0b64dc_MIT18_01SCF10_ex68prb.pdf,MIT18_01SCF10_ex68prb.pdf,Problem Sets,06_Problem_Sets,06_Problem_Sets/Exercise068_Problems.pdf
copied,01_Math/01_calculus/18.01sc-fall-2010/resources/mit18_01scf10_ex68sol/data.json,01_Math/01_calculus/18.01sc-fall-2010/static_resources/64eaee7a99c448ef616de3f083c487b9_MIT18_01SCF10_ex68sol.pdf,MIT18_01SCF10_ex68sol.pdf,Problem Sets; Problem Set Solutions,06_Problem_Sets,06_Problem_Sets/Exercise068_Solutions.pdf
copied,01_Math/01_calculus/18.01sc-fall-2010/resources/mit18_01scf10_ex69prb/data.json,01_Math/01_calculus/18.01sc-fall-2010/static_resources/a9eb7129f4d036d991d97f263277ef6b_MIT18_01SCF10_ex69prb.pdf,MIT18_01SCF10_ex69prb.pdf,Problem Sets,06_Problem_Sets,06_Problem_Sets/Exercise069_Problems.pdf
copied,01_Math/01_calculus/18.01sc-fall-2010/resources/mit18_01scf10_ex69sol/data.json,01_Math/01_calculus/18.01sc-fall-2010/static_resources/3d8a4f067f9f164a86bca621dbcf11c2_MIT18_01SCF10_ex69sol.pdf,MIT18_01SCF10_ex69sol.pdf,Problem Sets; Problem Set Solutions,06_Problem_Sets,06_Problem_Sets/Exercise069_Solutions.pdf
copied,01_Math/01_calculus/18.01sc-fall-2010/resources/mit18_01scf10_ex70prb/data.json,01_Math/01_calculus/18.01sc-fall-2010/static_resources/8b37b56d2f59ee41cc63f9e0410c4831_MIT18_01SCF10_ex70prb.pdf,MIT18_01SCF10_ex70prb.pdf,Problem Sets,06_Problem_Sets,06_Problem_Sets/Exercise070_Problems.pdf
copied,01_Math/01_calculus/18.01sc-fall-2010/resources/mit18_01scf10_ex70sol/data.json,01_Math/01_calculus/18.01sc-fall-2010/static_resources/b9d6f62d80c9783b30aa6c9379a5e771_MIT18_01SCF10_ex70sol.pdf,MIT18_01SCF10_ex70sol.pdf,Problem Sets; Problem Set Solutions,06_Problem_Sets,06_Problem_Sets/Exercise070_Solutions.pdf
copied,01_Math/01_calculus/18.01sc-fall-2010/resources/mit18_01scf10_ex71prb/data.json,01_Math/01_calculus/18.01sc-fall-2010/static_resources/a4f718fcbc599aaa69e7393645533210_MIT18_01SCF10_ex71prb.pdf,MIT18_01SCF10_ex71prb.pdf,Problem Sets,06_Problem_Sets,06_Problem_Sets/Exercise071_Problems.pdf
copied,01_Math/01_calculus/18.01sc-fall-2010/resources/mit18_01scf10_ex71sol/data.json,01_Math/01_calculus/18.01sc-fall-2010/static_resources/c05c05172bf0f7543b3c2daeaf308521_MIT18_01SCF10_ex71sol.pdf,MIT18_01SCF10_ex71sol.pdf,Problem Sets; Problem Set Solutions,06_Problem_Sets,06_Problem_Sets/Exercise071_Solutions.pdf
copied,01_Math/01_calculus/18.01sc-fall-2010/resources/mit18_01scf10_ex72prb/data.json,01_Math/01_calculus/18.01sc-fall-2010/static_resources/71d5270dd19cc8a0de7a3cf60d12c874_MIT18_01SCF10_ex72prb.pdf,MIT18_01SCF10_ex72prb.pdf,Problem Sets,06_Problem_Sets,06_Problem_Sets/Exercise072_Problems.pdf
copied,01_Math/01_calculus/18.01sc-fall-2010/resources/mit18_01scf10_ex72sol/data.json,01_Math/01_calculus/18.01sc-fall-2010/static_resources/9f237b024ea01e7c287fd426785d87f7_MIT18_01SCF10_ex72sol.pdf,MIT18_01SCF10_ex72sol.pdf,Problem Sets; Problem Set Solutions,06_Problem_Sets,06_Problem_Sets/Exercise072_Solutions.pdf
copied,01_Math/01_calculus/18.01sc-fall-2010/resources/mit18_01scf10_ex73prb/data.json,01_Math/01_calculus/18.01sc-fall-2010/static_resources/b172c1e0a6295d5e3487052c19135caa_MIT18_01SCF10_ex73prb.pdf,MIT18_01SCF10_ex73prb.pdf,Problem Sets,06_Problem_Sets,06_Problem_Sets/Exercise073_Problems.pdf
copied,01_Math/01_calculus/18.01sc-fall-2010/resources/mit18_01scf10_ex73sol/data.json,01_Math/01_calculus/18.01sc-fall-2010/static_resources/526b157031c0316556de629bf69c099d_MIT18_01SCF10_ex73sol.pdf,MIT18_01SCF10_ex73sol.pdf,Problem Sets; Problem Set Solutions,06_Problem_Sets,06_Problem_Sets/Exercise073_Solutions.pdf
copied,01_Math/01_calculus/18.01sc-fall-2010/resources/mit18_01scf10_ex74prb/data.json,01_Math/01_calculus/18.01sc-fall-2010/static_resources/160495eb552e15d3a310fb9a4d8844ef_MIT18_01SCF10_ex74prb.pdf,MIT18_01SCF10_ex74prb.pdf,Problem Sets,06_Problem_Sets,06_Problem_Sets/Exercise074_Problems.pdf
copied,01_Math/01_calculus/18.01sc-fall-2010/resources/mit18_01scf10_ex74sol/data.json,01_Math/01_calculus/18.01sc-fall-2010/static_resources/b1dc48ac3e5767fc71ca4d887ae9cbbc_MIT18_01SCF10_ex74sol.pdf,MIT18_01SCF10_ex74sol.pdf,Problem Sets; Problem Set Solutions,06_Problem_Sets,06_Problem_Sets/Exercise074_Solutions.pdf
copied,01_Math/01_calculus/18.01sc-fall-2010/resources/mit18_01scf10_ex75aprb/data.json,01_Math/01_calculus/18.01sc-fall-2010/static_resources/db74068e212305557bcec0edaf1a313b_MIT18_01SCF10_ex75aprb.pdf,MIT18_01SCF10_ex75aprb.pdf,Problem Sets,06_Problem_Sets,06_Problem_Sets/Exercise075_Problems.pdf
copied,01_Math/01_calculus/18.01sc-fall-2010/resources/mit18_01scf10_ex75asol/data.json,01_Math/01_calculus/18.01sc-fall-2010/static_resources/3d2d08d3e8db306abe6426cb9616eacd_MIT18_01SCF10_ex75asol.pdf,MIT18_01SCF10_ex75asol.pdf,Problem Sets; Problem Set Solutions,06_Problem_Sets,06_Problem_Sets/Exercise075_Solutions.pdf
copied,01_Math/01_calculus/18.01sc-fall-2010/resources/mit18_01scf10_ex75bprb/data.json,01_Math/01_calculus/18.01sc-fall-2010/static_resources/c946efb0a4f416a4ad1dd5217ad94f12_MIT18_01SCF10_ex75bprb.pdf,MIT18_01SCF10_ex75bprb.pdf,Problem Sets,06_Problem_Sets,06_Problem_Sets/Exercise075_Problems_2.pdf
copied,01_Math/01_calculus/18.01sc-fall-2010/resources/mit18_01scf10_ex75bsol/data.json,01_Math/01_calculus/18.01sc-fall-2010/static_resources/fd3a4a1d64f1bd6678b8346f50f273c8_MIT18_01SCF10_ex75bsol.pdf,MIT18_01SCF10_ex75bsol.pdf,Problem Sets; Problem Set Solutions,06_Problem_Sets,06_Problem_Sets/Exercise075_Solutions_2.pdf
copied,01_Math/01_calculus/18.01sc-fall-2010/resources/mit18_01scf10_ex76prb/data.json,01_Math/01_calculus/18.01sc-fall-2010/static_resources/f3ce76b69d575ae6b9903e57a0459f79_MIT18_01SCF10_ex76prb.pdf,MIT18_01SCF10_ex76prb.pdf,Problem Sets,06_Problem_Sets,06_Problem_Sets/Exercise076_Problems.pdf
copied,01_Math/01_calculus/18.01sc-fall-2010/resources/mit18_01scf10_ex76sol/data.json,01_Math/01_calculus/18.01sc-fall-2010/static_resources/a567b79f6219e6e2912118f3bca160fd_MIT18_01SCF10_ex76sol.pdf,MIT18_01SCF10_ex76sol.pdf,Problem Sets; Problem Set Solutions,06_Problem_Sets,06_Problem_Sets/Exercise076_Solutions.pdf
copied,01_Math/01_calculus/18.01sc-fall-2010/resources/mit18_01scf10_ex78prb/data.json,01_Math/01_calculus/18.01sc-fall-2010/static_resources/812dce705c905047b1555acc89547e85_MIT18_01SCF10_ex78prb.pdf,MIT18_01SCF10_ex78prb.pdf,Problem Sets,06_Problem_Sets,06_Problem_Sets/Exercise078_Problems.pdf
copied,01_Math/01_calculus/18.01sc-fall-2010/resources/mit18_01scf10_ex78sol/data.json,01_Math/01_calculus/18.01sc-fall-2010/static_resources/ed84aebb3083404e3ead41aae683b245_MIT18_01SCF10_ex78sol.pdf,MIT18_01SCF10_ex78sol.pdf,Problem Sets; Problem Set Solutions,06_Problem_Sets,06_Problem_Sets/Exercise078_Solutions.pdf
copied,01_Math/01_calculus/18.01sc-fall-2010/resources/mit18_01scf10_ex79prb/data.json,01_Math/01_calculus/18.01sc-fall-2010/static_resources/595db9139d7b8372fa33916b4c02bbce_MIT18_01SCF10_ex79prb.pdf,MIT18_01SCF10_ex79prb.pdf,Problem Sets,06_Problem_Sets,06_Problem_Sets/Exercise079_Problems.pdf
copied,01_Math/01_calculus/18.01sc-fall-2010/resources/mit18_01scf10_ex79sol/data.json,01_Math/01_calculus/18.01sc-fall-2010/static_resources/95219df9dd0ecab04b1170fd84348fc1_MIT18_01SCF10_ex79sol.pdf,MIT18_01SCF10_ex79sol.pdf,Problem Sets; Problem Set Solutions,06_Problem_Sets,06_Problem_Sets/Exercise079_Solutions.pdf
copied,01_Math/01_calculus/18.01sc-fall-2010/resources/mit18_01scf10_ex80prb/data.json,01_Math/01_calculus/18.01sc-fall-2010/static_resources/e66c80992e44903c541a243893c59cb8_MIT18_01SCF10_ex80prb.pdf,MIT18_01SCF10_ex80prb.pdf,Problem Sets,06_Problem_Sets,06_Problem_Sets/Exercise080_Problems.pdf
copied,01_Math/01_calculus/18.01sc-fall-2010/resources/mit18_01scf10_ex80sol/data.json,01_Math/01_calculus/18.01sc-fall-2010/static_resources/15f8e38786ae3b738375debb112ee660_MIT18_01SCF10_ex80sol.pdf,MIT18_01SCF10_ex80sol.pdf,Problem Sets; Problem Set Solutions,06_Problem_Sets,06_Problem_Sets/Exercise080_Solutions.pdf
copied,01_Math/01_calculus/18.01sc-fall-2010/resources/mit18_01scf10_ex81prb/data.json,01_Math/01_calculus/18.01sc-fall-2010/static_resources/73760153dca7b12c949d77f07f6140ca_MIT18_01SCF10_ex81prb.pdf,MIT18_01SCF10_ex81prb.pdf,Problem Sets,06_Problem_Sets,06_Problem_Sets/Exercise081_Problems.pdf
copied,01_Math/01_calculus/18.01sc-fall-2010/resources/mit18_01scf10_ex81sol/data.json,01_Math/01_calculus/18.01sc-fall-2010/static_resources/67baf73b6ba9ae11a967b3c792897b38_MIT18_01SCF10_ex81sol.pdf,MIT18_01SCF10_ex81sol.pdf,Problem Sets; Problem Set Solutions,06_Problem_Sets,06_Problem_Sets/Exercise081_Solutions.pdf
copied,01_Math/01_calculus/18.01sc-fall-2010/resources/mit18_01scf10_ex84prb/data.json,01_Math/01_calculus/18.01sc-fall-2010/static_resources/adfb75065705b627df52b84e0bc6161a_MIT18_01SCF10_ex84prb.pdf,MIT18_01SCF10_ex84prb.pdf,Problem Sets,06_Problem_Sets,06_Problem_Sets/Exercise084_Problems.pdf
copied,01_Math/01_calculus/18.01sc-fall-2010/resources/mit18_01scf10_ex84sol/data.json,01_Math/01_calculus/18.01sc-fall-2010/static_resources/407390a1de988f80074f8f5565b3749c_MIT18_01SCF10_ex84sol.pdf,MIT18_01SCF10_ex84sol.pdf,Problem Sets; Problem Set Solutions,06_Problem_Sets,06_Problem_Sets/Exercise084_Solutions.pdf
copied,01_Math/01_calculus/18.01sc-fall-2010/resources/mit18_01scf10_ex87prb/data.json,01_Math/01_calculus/18.01sc-fall-2010/static_resources/308a1ff099faf66c4dc14595014a3b2d_MIT18_01SCF10_ex87prb.pdf,MIT18_01SCF10_ex87prb.pdf,Problem Sets,06_Problem_Sets,06_Problem_Sets/Exercise087_Problems.pdf
copied,01_Math/01_calculus/18.01sc-fall-2010/resources/mit18_01scf10_ex87sol/data.json,01_Math/01_calculus/18.01sc-fall-2010/static_resources/7d8a36ca15f9a6791ae1f6a08d815f01_MIT18_01SCF10_ex87sol.pdf,MIT18_01SCF10_ex87sol.pdf,Problem Sets; Problem Set Solutions,06_Problem_Sets,06_Problem_Sets/Exercise087_Solutions.pdf
copied,01_Math/01_calculus/18.01sc-fall-2010/resources/mit18_01scf10_ex88prb/data.json,01_Math/01_calculus/18.01sc-fall-2010/static_resources/e39e92dbdd0c0942f2ffa428076342ea_MIT18_01SCF10_ex88prb.pdf,MIT18_01SCF10_ex88prb.pdf,Problem Sets,06_Problem_Sets,06_Problem_Sets/Exercise088_Problems.pdf
copied,01_Math/01_calculus/18.01sc-fall-2010/resources/mit18_01scf10_ex88sol/data.json,01_Math/01_calculus/18.01sc-fall-2010/static_resources/30e0d666646354593044bb9e2349bd02_MIT18_01SCF10_ex88sol.pdf,MIT18_01SCF10_ex88sol.pdf,Problem Sets; Problem Set Solutions,06_Problem_Sets,06_Problem_Sets/Exercise088_Solutions.pdf
copied,01_Math/01_calculus/18.01sc-fall-2010/resources/mit18_01scf10_ex90prb/data.json,01_Math/01_calculus/18.01sc-fall-2010/static_resources/aaf691e8f0704057c24c49783fa557a7_MIT18_01SCF10_ex90prb.pdf,MIT18_01SCF10_ex90prb.pdf,Problem Sets,06_Problem_Sets,06_Problem_Sets/Exercise090_Problems.pdf
copied,01_Math/01_calculus/18.01sc-fall-2010/resources/mit18_01scf10_ex90sol/data.json,01_Math/01_calculus/18.01sc-fall-2010/static_resources/299f052a016230a785ca6bf44b79d6db_MIT18_01SCF10_ex90sol.pdf,MIT18_01SCF10_ex90sol.pdf,Problem Sets; Problem Set Solutions,06_Problem_Sets,06_Problem_Sets/Exercise090_Solutions.pdf
copied,01_Math/01_calculus/18.01sc-fall-2010/resources/mit18_01scf10_ex91prb/data.json,01_Math/01_calculus/18.01sc-fall-2010/static_resources/a66fcfeb7409639c6cce6ad67831c25c_MIT18_01SCF10_ex91prb.pdf,MIT18_01SCF10_ex91prb.pdf,Problem Sets,06_Problem_Sets,06_Problem_Sets/Exercise091_Problems.pdf
copied,01_Math/01_calculus/18.01sc-fall-2010/resources/mit18_01scf10_ex91sol/data.json,01_Math/01_calculus/18.01sc-fall-2010/static_resources/07163bb0b7ba935b72ae14d3d0850ed2_MIT18_01SCF10_ex91sol.pdf,MIT18_01SCF10_ex91sol.pdf,Problem Sets; Problem Set Solutions,06_Problem_Sets,06_Problem_Sets/Exercise091_Solutions.pdf
copied,01_Math/01_calculus/18.01sc-fall-2010/resources/mit18_01scf10_ex92prb/data.json,01_Math/01_calculus/18.01sc-fall-2010/static_resources/884e762268c5467b0ed170f597085c80_MIT18_01SCF10_ex92prb.pdf,MIT18_01SCF10_ex92prb.pdf,Problem Sets,06_Problem_Sets,06_Problem_Sets/Exercise092_Problems.pdf
copied,01_Math/01_calculus/18.01sc-fall-2010/resources/mit18_01scf10_ex92sol/data.json,01_Math/01_calculus/18.01sc-fall-2010/static_resources/d6bdcc7164b54c3e84165f05a34cdc60_MIT18_01SCF10_ex92sol.pdf,MIT18_01SCF10_ex92sol.pdf,Problem Sets; Problem Set Solutions,06_Problem_Sets,06_Problem_Sets/Exercise092_Solutions.pdf
copied,01_Math/01_calculus/18.01sc-fall-2010/resources/mit18_01scf10_ex94prb/data.json,01_Math/01_calculus/18.01sc-fall-2010/static_resources/db8f7368a52ee6e69946ef40ecd5f9e3_MIT18_01SCF10_ex94prb.pdf,MIT18_01SCF10_ex94prb.pdf,Problem Sets,06_Problem_Sets,06_Problem_Sets/Exercise094_Problems.pdf
copied,01_Math/01_calculus/18.01sc-fall-2010/resources/mit18_01scf10_ex94sol/data.json,01_Math/01_calculus/18.01sc-fall-2010/static_resources/63683785ad834a6a8b6dcb66fcee9066_MIT18_01SCF10_ex94sol.pdf,MIT18_01SCF10_ex94sol.pdf,Problem Sets; Problem Set Solutions,06_Problem_Sets,06_Problem_Sets/Exercise094_Solutions.pdf
copied,01_Math/01_calculus/18.01sc-fall-2010/resources/mit18_01scf10_ex95prb/data.json,01_Math/01_calculus/18.01sc-fall-2010/static_resources/827156a850e1f9bc5617d8d0c5856f63_MIT18_01SCF10_ex95prb.pdf,MIT18_01SCF10_ex95prb.pdf,Problem Sets,06_Problem_Sets,06_Problem_Sets/Exercise095_Problems.pdf
copied,01_Math/01_calculus/18.01sc-fall-2010/resources/mit18_01scf10_ex95sol/data.json,01_Math/01_calculus/18.01sc-fall-2010/static_resources/deb763be346eb1b842a188b4d453149e_MIT18_01SCF10_ex95sol.pdf,MIT18_01SCF10_ex95sol.pdf,Problem Sets; Problem Set Solutions,06_Problem_Sets,06_Problem_Sets/Exercise095_Solutions.pdf
copied,01_Math/01_calculus/18.01sc-fall-2010/resources/mit18_01scf10_ex97prb/data.json,01_Math/01_calculus/18.01sc-fall-2010/static_resources/5fb2a9365a808d0df900662aabb63fe5_MIT18_01SCF10_ex97prb.pdf,MIT18_01SCF10_ex97prb.pdf,Problem Sets,06_Problem_Sets,06_Problem_Sets/Exercise097_Problems.pdf
copied,01_Math/01_calculus/18.01sc-fall-2010/resources/mit18_01scf10_ex97sol/data.json,01_Math/01_calculus/18.01sc-fall-2010/static_resources/ce95c6111e8e778a8105153518663d99_MIT18_01SCF10_ex97sol.pdf,MIT18_01SCF10_ex97sol.pdf,Problem Sets; Problem Set Solutions,06_Problem_Sets,06_Problem_Sets/Exercise097_Solutions.pdf
copied,01_Math/01_calculus/18.01sc-fall-2010/resources/mit18_01scf10_ex98prb/data.json,01_Math/01_calculus/18.01sc-fall-2010/static_resources/ead3fb58ee68fcf2feb7df2e52d2b702_MIT18_01SCF10_ex98prb.pdf,MIT18_01SCF10_ex98prb.pdf,Problem Sets,06_Problem_Sets,06_Problem_Sets/Exercise098_Problems.pdf
copied,01_Math/01_calculus/18.01sc-fall-2010/resources/mit18_01scf10_ex98sol/data.json,01_Math/01_calculus/18.01sc-fall-2010/static_resources/51bf782966d0896f0c183541e1c3cf22_MIT18_01SCF10_ex98sol.pdf,MIT18_01SCF10_ex98sol.pdf,Problem Sets; Problem Set Solutions,06_Problem_Sets,06_Problem_Sets/Exercise098_Solutions.pdf
copied,01_Math/01_calculus/18.01sc-fall-2010/resources/mit18_01scf10_exam1/data.json,01_Math/01_calculus/18.01sc-fall-2010/static_resources/887263248c3f66128de1205f06993524_MIT18_01SCF10_exam1.pdf,MIT18_01SCF10_exam1.pdf,Exams,07_Exams,07_Exams/Exam1_Problems.pdf
copied,01_Math/01_calculus/18.01sc-fall-2010/resources/mit18_01scf10_exam1sol/data.json,01_Math/01_calculus/18.01sc-fall-2010/static_resources/0817fc547c8edd2c29172f670a4d1d66_MIT18_01SCF10_exam1sol.pdf,MIT18_01SCF10_exam1sol.pdf,Exams; Exam Solutions,07_Exams,07_Exams/Exam1_Solutions.pdf
copied,01_Math/01_calculus/18.01sc-fall-2010/resources/mit18_01scf10_exam2/data.json,01_Math/01_calculus/18.01sc-fall-2010/static_resources/31f017f339405b5c2d7b273462522c23_MIT18_01SCF10_exam2.pdf,MIT18_01SCF10_exam2.pdf,Exams,07_Exams,07_Exams/Exam2_Problems.pdf
copied,01_Math/01_calculus/18.01sc-fall-2010/resources/mit18_01scf10_exam2sol/data.json,01_Math/01_calculus/18.01sc-fall-2010/static_resources/8bc1745cc348551cb9b30fb6cc7f9ecf_MIT18_01SCF10_exam2sol.pdf,MIT18_01SCF10_exam2sol.pdf,Exams; Exam Solutions,07_Exams,07_Exams/Exam2_Solutions.pdf
copied,01_Math/01_calculus/18.01sc-fall-2010/resources/mit18_01scf10_exam3/data.json,01_Math/01_calculus/18.01sc-fall-2010/static_resources/a24ae17a1585cc320e5502b586fdc08d_MIT18_01SCF10_exam3.pdf,MIT18_01SCF10_exam3.pdf,Exams,07_Exams,07_Exams/Exam3_Problems.pdf
copied,01_Math/01_calculus/18.01sc-fall-2010/resources/mit18_01scf10_exam3sol/data.json,01_Math/01_calculus/18.01sc-fall-2010/static_resources/2045fef2f2fa83e391fd95b39b083173_MIT18_01SCF10_exam3sol.pdf,MIT18_01SCF10_exam3sol.pdf,Exams; Exam Solutions,07_Exams,07_Exams/Exam3_Solutions.pdf
copied,01_Math/01_calculus/18.01sc-fall-2010/resources/mit18_01scf10_exam4/data.json,01_Math/01_calculus/18.01sc-fall-2010/static_resources/b8d6291f6109adf0a4b4cc623ef5f213_MIT18_01SCF10_exam4.pdf,MIT18_01SCF10_exam4.pdf,Exams,07_Exams,07_Exams/Exam4_Problems.pdf
copied,01_Math/01_calculus/18.01sc-fall-2010/resources/mit18_01scf10_exam4sol/data.json,01_Math/01_calculus/18.01sc-fall-2010/static_resources/f1c8096b6d2d8021709b313e87991bd0_MIT18_01SCF10_exam4sol.pdf,MIT18_01SCF10_exam4sol.pdf,Exams; Exam Solutions,07_Exams,07_Exams/Exam4_Solutions.pdf
copied,01_Math/01_calculus/18.01sc-fall-2010/resources/mit18_01scf10_final/data.json,01_Math/01_calculus/18.01sc-fall-2010/static_resources/93c7107d33490a892fdf426e5033062e_MIT18_01SCF10_final.pdf,18.01SC Final Exam,Exams,07_Exams,07_Exams/Final_Exam_Problems.pdf
copied,01_Math/01_calculus/18.01sc-fall-2010/resources/mit18_01scf10_finalsol/data.json,01_Math/01_calculus/18.01sc-fall-2010/static_resources/bbbf05286af4bd705af325080bea0e23_MIT18_01SCF10_finalsol.pdf,18.01SC Final Exam Solutions,Exams; Exam Solutions,07_Exams,07_Exams/Final_Exam_Solutions.pdf
copied,01_Math/01_calculus/18.01sc-fall-2010/resources/mit18_01scf10_ses100a/data.json,01_Math/01_calculus/18.01sc-fall-2010/static_resources/da3fe4bceb5535ea0a47b6ed2427c388_MIT18_01SCF10_Ses100a.pdf,MIT18_01SCF10_Ses100a.pdf,Lecture Notes,05_Infinite_Series_and_Improper_Integrals,05_Infinite_Series_and_Improper_Integrals/Ses100a_Lecture_Notes.pdf
copied,01_Math/01_calculus/18.01sc-fall-2010/resources/mit18_01scf10_ses100b/data.json,01_Math/01_calculus/18.01sc-fall-2010/static_resources/94c689d7f7dc061c175e5781df84a26b_MIT18_01SCF10_Ses100b.pdf,MIT18_01SCF10_Ses100b.pdf,Lecture Notes,05_Infinite_Series_and_Improper_Integrals,05_Infinite_Series_and_Improper_Integrals/Ses100b_Lecture_Notes.pdf
copied,01_Math/01_calculus/18.01sc-fall-2010/resources/mit18_01scf10_ses100c/data.json,01_Math/01_calculus/18.01sc-fall-2010/static_resources/91ad40497f984b811ea463edd4d5e755_MIT18_01SCF10_Ses100c.pdf,MIT18_01SCF10_Ses100c.pdf,Lecture Notes,05_Infinite_Series_and_Improper_Integrals,05_Infinite_Series_and_Improper_Integrals/Ses100c_Lecture_Notes.pdf
copied,01_Math/01_calculus/18.01sc-fall-2010/resources/mit18_01scf10_ses100d/data.json,01_Math/01_calculus/18.01sc-fall-2010/static_resources/33f76c6f2abf4190beb0a0cf29065926_MIT18_01SCF10_Ses100d.pdf,MIT18_01SCF10_Ses100d.pdf,Lecture Notes,05_Infinite_Series_and_Improper_Integrals,05_Infinite_Series_and_Improper_Integrals/Ses100d_Lecture_Notes.pdf
copied,01_Math/01_calculus/18.01sc-fall-2010/resources/mit18_01scf10_ses100e/data.json,01_Math/01_calculus/18.01sc-fall-2010/static_resources/4f477c5893e496cd5bf18e777e95414c_MIT18_01SCF10_Ses100e.pdf,MIT18_01SCF10_Ses100e.pdf,Lecture Notes,05_Infinite_Series_and_Improper_Integrals,05_Infinite_Series_and_Improper_Integrals/Ses100e_Lecture_Notes.pdf
copied,01_Math/01_calculus/18.01sc-fall-2010/resources/mit18_01scf10_ses101a/data.json,01_Math/01_calculus/18.01sc-fall-2010/static_resources/b36b8b8d0d0011be962513baabe7c760_MIT18_01SCF10_Ses101a.pdf,MIT18_01SCF10_Ses101a.pdf,Lecture Notes,05_Infinite_Series_and_Improper_Integrals,05_Infinite_Series_and_Improper_Integrals/Ses101a_Lecture_Notes.pdf
copied,01_Math/01_calculus/18.01sc-fall-2010/resources/mit18_01scf10_ses10a/data.json,01_Math/01_calculus/18.01sc-fall-2010/static_resources/709f6672888f18e22656ca8700218cb6_MIT18_01SCF10_Ses10a.pdf,MIT18_01SCF10_Ses10a.pdf,Lecture Notes,01_Differentiation,01_Differentiation/Ses10a_Lecture_Notes.pdf
copied,01_Math/01_calculus/18.01sc-fall-2010/resources/mit18_01scf10_ses10b/data.json,01_Math/01_calculus/18.01sc-fall-2010/static_resources/92a6a520aef0bfb5fd1f23265a3c3bcc_MIT18_01SCF10_Ses10b.pdf,MIT18_01SCF10_Ses10b.pdf,Lecture Notes,01_Differentiation,01_Differentiation/Ses10b_Lecture_Notes.pdf
copied,01_Math/01_calculus/18.01sc-fall-2010/resources/mit18_01scf10_ses11a/data.json,01_Math/01_calculus/18.01sc-fall-2010/static_resources/66ba9836b3c9e99138bc8d766d913bc5_MIT18_01SCF10_Ses11a.pdf,MIT18_01SCF10_Ses11a.pdf,Lecture Notes,01_Differentiation,01_Differentiation/Ses11a_Lecture_Notes.pdf
copied,01_Math/01_calculus/18.01sc-fall-2010/resources/mit18_01scf10_ses11b/data.json,01_Math/01_calculus/18.01sc-fall-2010/static_resources/cbb37b9d5d7083c3e48b9db01e32fb8c_MIT18_01SCF10_Ses11b.pdf,MIT18_01SCF10_Ses11b.pdf,Lecture Notes,01_Differentiation,01_Differentiation/Ses11b_Lecture_Notes.pdf
copied,01_Math/01_calculus/18.01sc-fall-2010/resources/mit18_01scf10_ses12a/data.json,01_Math/01_calculus/18.01sc-fall-2010/static_resources/bb1039861d7b28d75e6acbedf497639c_MIT18_01SCF10_Ses12a.pdf,MIT18_01SCF10_Ses12a.pdf,Lecture Notes,01_Differentiation,01_Differentiation/Ses12a_Lecture_Notes.pdf
copied,01_Math/01_calculus/18.01sc-fall-2010/resources/mit18_01scf10_ses12b/data.json,01_Math/01_calculus/18.01sc-fall-2010/static_resources/5c9581961d0f94feac9253771dd94547_MIT18_01SCF10_Ses12b.pdf,MIT18_01SCF10_Ses12b.pdf,Lecture Notes,01_Differentiation,01_Differentiation/Ses12b_Lecture_Notes.pdf
copied,01_Math/01_calculus/18.01sc-fall-2010/resources/mit18_01scf10_ses13a/data.json,01_Math/01_calculus/18.01sc-fall-2010/static_resources/c87d369196899c8a3171084e513c4c21_MIT18_01SCF10_Ses13a.pdf,MIT18_01SCF10_Ses13a.pdf,Lecture Notes,01_Differentiation,01_Differentiation/Ses13a_Lecture_Notes.pdf
copied,01_Math/01_calculus/18.01sc-fall-2010/resources/mit18_01scf10_ses13b/data.json,01_Math/01_calculus/18.01sc-fall-2010/static_resources/07738b62c007872f31bcfdf108ad1905_MIT18_01SCF10_Ses13b.pdf,MIT18_01SCF10_Ses13b.pdf,Lecture Notes,01_Differentiation,01_Differentiation/Ses13b_Lecture_Notes.pdf
copied,01_Math/01_calculus/18.01sc-fall-2010/resources/mit18_01scf10_ses14a/data.json,01_Math/01_calculus/18.01sc-fall-2010/static_resources/91b3ae8164bac6db7150dd155f5a357f_MIT18_01SCF10_Ses14a.pdf,MIT18_01SCF10_Ses14a.pdf,Lecture Notes,01_Differentiation,01_Differentiation/Ses14a_Lecture_Notes.pdf
copied,01_Math/01_calculus/18.01sc-fall-2010/resources/mit18_01scf10_ses14b/data.json,01_Math/01_calculus/18.01sc-fall-2010/static_resources/6a8991fa97657dced41133ec8c9e4f4d_MIT18_01SCF10_Ses14b.pdf,MIT18_01SCF10_Ses14b.pdf,Lecture Notes,01_Differentiation,01_Differentiation/Ses14b_Lecture_Notes.pdf
copied,01_Math/01_calculus/18.01sc-fall-2010/resources/mit18_01scf10_ses14c/data.json,01_Math/01_calculus/18.01sc-fall-2010/static_resources/5c1f8c77b588b193087f1a59dab495d8_MIT18_01SCF10_Ses14c.pdf,MIT18_01SCF10_Ses14c.pdf,Lecture Notes,01_Differentiation,01_Differentiation/Ses14c_Lecture_Notes.pdf
copied,01_Math/01_calculus/18.01sc-fall-2010/resources/mit18_01scf10_ses15a/data.json,01_Math/01_calculus/18.01sc-fall-2010/static_resources/157e1a358da2e7815736937bf75b8942_MIT18_01SCF10_Ses15a.pdf,MIT18_01SCF10_Ses15a.pdf,Lecture Notes,01_Differentiation,01_Differentiation/Ses15a_Lecture_Notes.pdf
copied,01_Math/01_calculus/18.01sc-fall-2010/resources/mit18_01scf10_ses15b/data.json,01_Math/01_calculus/18.01sc-fall-2010/static_resources/37028101f134cc6e0e41572fdc6735d8_MIT18_01SCF10_Ses15b.pdf,MIT18_01SCF10_Ses15b.pdf,Lecture Notes,01_Differentiation,01_Differentiation/Ses15b_Lecture_Notes.pdf
copied,01_Math/01_calculus/18.01sc-fall-2010/resources/mit18_01scf10_ses15c/data.json,01_Math/01_calculus/18.01sc-fall-2010/static_resources/857933bc947b1ed184c79a5710fc86bc_MIT18_01SCF10_Ses15c.pdf,MIT18_01SCF10_Ses15c.pdf,Lecture Notes,01_Differentiation,01_Differentiation/Ses15c_Lecture_Notes.pdf
copied,01_Math/01_calculus/18.01sc-fall-2010/resources/mit18_01scf10_ses16a/data.json,01_Math/01_calculus/18.01sc-fall-2010/static_resources/b24b2d455e45059be6ba7e2efb4d6529_MIT18_01SCF10_Ses16a.pdf,MIT18_01SCF10_Ses16a.pdf,Lecture Notes,01_Differentiation,01_Differentiation/Ses16a_Lecture_Notes.pdf
copied,01_Math/01_calculus/18.01sc-fall-2010/resources/mit18_01scf10_ses16b/data.json,01_Math/01_calculus/18.01sc-fall-2010/static_resources/2a31431f4430eb4b9e378d92d97447d9_MIT18_01SCF10_Ses16b.pdf,MIT18_01SCF10_Ses16b.pdf,Lecture Notes,01_Differentiation,01_Differentiation/Ses16b_Lecture_Notes.pdf
copied,01_Math/01_calculus/18.01sc-fall-2010/resources/mit18_01scf10_ses16c/data.json,01_Math/01_calculus/18.01sc-fall-2010/static_resources/a7688da9695183646e4394677c3a6022_MIT18_01SCF10_Ses16c.pdf,MIT18_01SCF10_Ses16c.pdf,Lecture Notes,01_Differentiation,01_Differentiation/Ses16c_Lecture_Notes.pdf
copied,01_Math/01_calculus/18.01sc-fall-2010/resources/mit18_01scf10_ses16d/data.json,01_Math/01_calculus/18.01sc-fall-2010/static_resources/8a4568c53334a525e3607584816aa460_MIT18_01SCF10_Ses16d.pdf,MIT18_01SCF10_Ses16d.pdf,Lecture Notes,01_Differentiation,01_Differentiation/Ses16d_Lecture_Notes.pdf
copied,01_Math/01_calculus/18.01sc-fall-2010/resources/mit18_01scf10_ses17a/data.json,01_Math/01_calculus/18.01sc-fall-2010/static_resources/e53328426f67383390674849ae3d670b_MIT18_01SCF10_Ses17a.pdf,MIT18_01SCF10_Ses17a.pdf,Lecture Notes,01_Differentiation,01_Differentiation/Ses17a_Lecture_Notes.pdf
copied,01_Math/01_calculus/18.01sc-fall-2010/resources/mit18_01scf10_ses17b/data.json,01_Math/01_calculus/18.01sc-fall-2010/static_resources/b946981e19f754ed2ab590cb7f9253c8_MIT18_01SCF10_Ses17b.pdf,MIT18_01SCF10_Ses17b.pdf,Lecture Notes,01_Differentiation,01_Differentiation/Ses17b_Lecture_Notes.pdf
copied,01_Math/01_calculus/18.01sc-fall-2010/resources/mit18_01scf10_ses17c/data.json,01_Math/01_calculus/18.01sc-fall-2010/static_resources/defa7c815e8c8471c6ddd99a9d0d730a_MIT18_01SCF10_Ses17c.pdf,MIT18_01SCF10_Ses17c.pdf,Lecture Notes,01_Differentiation,01_Differentiation/Ses17c_Lecture_Notes.pdf
copied,01_Math/01_calculus/18.01sc-fall-2010/resources/mit18_01scf10_ses17d/data.json,01_Math/01_calculus/18.01sc-fall-2010/static_resources/61aaf938aa0da3a7c2a975deebd5bbf4_MIT18_01SCF10_Ses17d.pdf,MIT18_01SCF10_Ses17d.pdf,Lecture Notes,01_Differentiation,01_Differentiation/Ses17d_Lecture_Notes.pdf
copied,01_Math/01_calculus/18.01sc-fall-2010/resources/mit18_01scf10_ses18a/data.json,01_Math/01_calculus/18.01sc-fall-2010/static_resources/149902aa1b5fcaed5a058e1d318efa58_MIT18_01SCF10_Ses18a.pdf,MIT18_01SCF10_Ses18a.pdf,Lecture Notes,01_Differentiation,01_Differentiation/Ses18a_Lecture_Notes.pdf
copied,01_Math/01_calculus/18.01sc-fall-2010/resources/mit18_01scf10_ses18b/data.json,01_Math/01_calculus/18.01sc-fall-2010/static_resources/baa49a75f1de7ff0c08ffd56428799b9_MIT18_01SCF10_Ses18b.pdf,MIT18_01SCF10_Ses18b.pdf,Lecture Notes,01_Differentiation,01_Differentiation/Ses18b_Lecture_Notes.pdf
copied,01_Math/01_calculus/18.01sc-fall-2010/resources/mit18_01scf10_ses18c/data.json,01_Math/01_calculus/18.01sc-fall-2010/static_resources/daed1696ddda614b210b8c363bb749e4_MIT18_01SCF10_Ses18c.pdf,MIT18_01SCF10_Ses18c.pdf,Lecture Notes,01_Differentiation,01_Differentiation/Ses18c_Lecture_Notes.pdf
copied,01_Math/01_calculus/18.01sc-fall-2010/resources/mit18_01scf10_ses18d/data.json,01_Math/01_calculus/18.01sc-fall-2010/static_resources/cc53f4a12df600e1e43b4f02b9badac7_MIT18_01SCF10_Ses18d.pdf,MIT18_01SCF10_Ses18d.pdf,,01_Differentiation,01_Differentiation/Ses18d_Lecture_Notes.pdf
copied,01_Math/01_calculus/18.01sc-fall-2010/resources/mit18_01scf10_ses19a/data.json,01_Math/01_calculus/18.01sc-fall-2010/static_resources/42da488e60554db54095585c536d5da9_MIT18_01SCF10_Ses19a.pdf,MIT18_01SCF10_Ses19a.pdf,Lecture Notes,01_Differentiation,01_Differentiation/Ses19a_Lecture_Notes.pdf
copied,01_Math/01_calculus/18.01sc-fall-2010/resources/mit18_01scf10_ses19b/data.json,01_Math/01_calculus/18.01sc-fall-2010/static_resources/3bc168e26c9ad1586dc820ef1b83c183_MIT18_01SCF10_Ses19b.pdf,MIT18_01SCF10_Ses19b.pdf,Lecture Notes,01_Differentiation,01_Differentiation/Ses19b_Lecture_Notes.pdf
copied,01_Math/01_calculus/18.01sc-fall-2010/resources/mit18_01scf10_ses1a/data.json,01_Math/01_calculus/18.01sc-fall-2010/static_resources/0bc79e2fec50338cb7238d92a3577322_MIT18_01SCF10_Ses1a.pdf,MIT18_01SCF10_Ses1a.pdf,Lecture Notes,01_Differentiation,01_Differentiation/Ses01a_Lecture_Notes.pdf
copied,01_Math/01_calculus/18.01sc-fall-2010/resources/mit18_01scf10_ses1b/data.json,01_Math/01_calculus/18.01sc-fall-2010/static_resources/acf917af6fb88659fe64f36e2b7c5d57_MIT18_01SCF10_Ses1b.pdf,MIT18_01SCF10_Ses1b.pdf,Lecture Notes,01_Differentiation,01_Differentiation/Ses01b_Lecture_Notes.pdf
copied,01_Math/01_calculus/18.01sc-fall-2010/resources/mit18_01scf10_ses1c/data.json,01_Math/01_calculus/18.01sc-fall-2010/static_resources/c1d53189e48dc5e363a361930a1327e1_MIT18_01SCF10_Ses1c.pdf,MIT18_01SCF10_Ses1c.pdf,Lecture Notes,01_Differentiation,01_Differentiation/Ses01c_Lecture_Notes.pdf
copied,01_Math/01_calculus/18.01sc-fall-2010/resources/mit18_01scf10_ses1d/data.json,01_Math/01_calculus/18.01sc-fall-2010/static_resources/aa7ab1728076df1db34ea18fabc4a6e1_MIT18_01SCF10_Ses1d.pdf,MIT18_01SCF10_Ses1d.pdf,Lecture Notes,01_Differentiation,01_Differentiation/Ses01d_Lecture_Notes.pdf
copied,01_Math/01_calculus/18.01sc-fall-2010/resources/mit18_01scf10_ses1e/data.json,01_Math/01_calculus/18.01sc-fall-2010/static_resources/6c49ce5c395bf37d3a05012418147486_MIT18_01SCF10_Ses1e.pdf,MIT18_01SCF10_Ses1e.pdf,Lecture Notes,01_Differentiation,01_Differentiation/Ses01e_Lecture_Notes.pdf
copied,01_Math/01_calculus/18.01sc-fall-2010/resources/mit18_01scf10_ses20a/data.json,01_Math/01_calculus/18.01sc-fall-2010/static_resources/ce3200a4eb0a928bf282ed6bb833ae27_MIT18_01SCF10_Ses20a.pdf,MIT18_01SCF10_Ses20a.pdf,Lecture Notes,01_Differentiation,01_Differentiation/Ses20a_Lecture_Notes.pdf
copied,01_Math/01_calculus/18.01sc-fall-2010/resources/mit18_01scf10_ses21a/data.json,01_Math/01_calculus/18.01sc-fall-2010/static_resources/22a520d8a1c315ad85c036d88678c826_MIT18_01SCF10_Ses21a.pdf,MIT18_01SCF10_Ses21a.pdf,Lecture Notes,01_Differentiation,01_Differentiation/Ses21a_Lecture_Notes.pdf
copied,01_Math/01_calculus/18.01sc-fall-2010/resources/mit18_01scf10_ses21b/data.json,01_Math/01_calculus/18.01sc-fall-2010/static_resources/b7022027c48d7c3aaa510f9f3d0f58ea_MIT18_01SCF10_Ses21b.pdf,MIT18_01SCF10_Ses21b.pdf,Lecture Notes,01_Differentiation,01_Differentiation/Ses21b_Lecture_Notes.pdf
copied,01_Math/01_calculus/18.01sc-fall-2010/resources/mit18_01scf10_ses21c/data.json,01_Math/01_calculus/18.01sc-fall-2010/static_resources/f8e05f6f6d7f75b54b6d990eaa667901_MIT18_01SCF10_Ses21c.pdf,MIT18_01SCF10_Ses21c.pdf,Lecture Notes,01_Differentiation,01_Differentiation/Ses21c_Lecture_Notes.pdf
copied,01_Math/01_calculus/18.01sc-fall-2010/resources/mit18_01scf10_ses21d/data.json,01_Math/01_calculus/18.01sc-fall-2010/static_resources/00aa4665e0584facf6ec2efc2a4dd83e_MIT18_01SCF10_Ses21d.pdf,MIT18_01SCF10_Ses21d.pdf,Lecture Notes,01_Differentiation,01_Differentiation/Ses21d_Lecture_Notes.pdf
copied,01_Math/01_calculus/18.01sc-fall-2010/resources/mit18_01scf10_ses21e/data.json,01_Math/01_calculus/18.01sc-fall-2010/static_resources/0c0c54310e8d6578fb46bb2453b6b3b0_MIT18_01SCF10_Ses21e.pdf,MIT18_01SCF10_Ses21e.pdf,Lecture Notes,01_Differentiation,01_Differentiation/Ses21e_Lecture_Notes.pdf
copied,01_Math/01_calculus/18.01sc-fall-2010/resources/mit18_01scf10_ses21f/data.json,01_Math/01_calculus/18.01sc-fall-2010/static_resources/063490be6ab8c2d6367d57dfedb3afe5_MIT18_01SCF10_Ses21f.pdf,MIT18_01SCF10_Ses21f.pdf,Lecture Notes,01_Differentiation,01_Differentiation/Ses21f_Lecture_Notes.pdf
copied,01_Math/01_calculus/18.01sc-fall-2010/resources/mit18_01scf10_ses21g/data.json,01_Math/01_calculus/18.01sc-fall-2010/static_resources/b3146a0288a1571b1f35b92c20449237_MIT18_01SCF10_Ses21g.pdf,MIT18_01SCF10_Ses21g.pdf,Supplemental Exam Materials,07_Exams,07_Exams/Ses21g_MIT18_01SCF10_Ses21g.pdf
copied,01_Math/01_calculus/18.01sc-fall-2010/resources/mit18_01scf10_ses23a/data.json,01_Math/01_calculus/18.01sc-fall-2010/static_resources/78d786626df9cf7f8b65c35f2b820428_MIT18_01SCF10_Ses23a.pdf,MIT18_01SCF10_Ses23a.pdf,Lecture Notes,02_Applications_of_Differentiation,02_Applications_of_Differentiation/Ses23a_Lecture_Notes.pdf
copied,01_Math/01_calculus/18.01sc-fall-2010/resources/mit18_01scf10_ses23b/data.json,01_Math/01_calculus/18.01sc-fall-2010/static_resources/f905b08a7e491fa0ea0c5f00cebbbe23_MIT18_01SCF10_Ses23b.pdf,MIT18_01SCF10_Ses23b.pdf,Lecture Notes,02_Applications_of_Differentiation,02_Applications_of_Differentiation/Ses23b_Lecture_Notes.pdf
copied,01_Math/01_calculus/18.01sc-fall-2010/resources/mit18_01scf10_ses23c/data.json,01_Math/01_calculus/18.01sc-fall-2010/static_resources/94a15969d6c72a07f8966fb2e594661d_MIT18_01SCF10_Ses23c.pdf,MIT18_01SCF10_Ses23c.pdf,Lecture Notes,02_Applications_of_Differentiation,02_Applications_of_Differentiation/Ses23c_Lecture_Notes.pdf
copied,01_Math/01_calculus/18.01sc-fall-2010/resources/mit18_01scf10_ses23d/data.json,01_Math/01_calculus/18.01sc-fall-2010/static_resources/5b82e4d8781ce4a188cc5a88e2cf4c07_MIT18_01SCF10_Ses23d.pdf,MIT18_01SCF10_Ses23d.pdf,Lecture Notes,02_Applications_of_Differentiation,02_Applications_of_Differentiation/Ses23d_Lecture_Notes.pdf
copied,01_Math/01_calculus/18.01sc-fall-2010/resources/mit18_01scf10_ses23e/data.json,01_Math/01_calculus/18.01sc-fall-2010/static_resources/29f7e8b35ecc89da1c7b8c2b6e7e9220_MIT18_01SCF10_Ses23e.pdf,MIT18_01SCF10_Ses23e.pdf,Lecture Notes,02_Applications_of_Differentiation,02_Applications_of_Differentiation/Ses23e_Lecture_Notes.pdf
copied,01_Math/01_calculus/18.01sc-fall-2010/resources/mit18_01scf10_ses24a/data.json,01_Math/01_calculus/18.01sc-fall-2010/static_resources/b13a0fb3e9f3900baf89e2d3649337a8_MIT18_01SCF10_Ses24a.pdf,MIT18_01SCF10_Ses24a.pdf,Lecture Notes,02_Applications_of_Differentiation,02_Applications_of_Differentiation/Ses24a_Lecture_Notes.pdf
copied,01_Math/01_calculus/18.01sc-fall-2010/resources/mit18_01scf10_ses24b/data.json,01_Math/01_calculus/18.01sc-fall-2010/static_resources/16389f86913ebbf492574dcd44ff9b49_MIT18_01SCF10_Ses24b.pdf,MIT18_01SCF10_Ses24b.pdf,Lecture Notes,02_Applications_of_Differentiation,02_Applications_of_Differentiation/Ses24b_Lecture_Notes.pdf
copied,01_Math/01_calculus/18.01sc-fall-2010/resources/mit18_01scf10_ses24c/data.json,01_Math/01_calculus/18.01sc-fall-2010/static_resources/3f38b2174b00184eca25eedef1c6b17f_MIT18_01SCF10_Ses24c.pdf,MIT18_01SCF10_Ses24c.pdf,Lecture Notes,02_Applications_of_Differentiation,02_Applications_of_Differentiation/Ses24c_Lecture_Notes.pdf
copied,01_Math/01_calculus/18.01sc-fall-2010/resources/mit18_01scf10_ses24d/data.json,01_Math/01_calculus/18.01sc-fall-2010/static_resources/016abeae7a6e2c220798361d6105dae7_MIT18_01SCF10_Ses24d.pdf,MIT18_01SCF10_Ses24d.pdf,Lecture Notes,02_Applications_of_Differentiation,02_Applications_of_Differentiation/Ses24d_Lecture_Notes.pdf
copied,01_Math/01_calculus/18.01sc-fall-2010/resources/mit18_01scf10_ses24e/data.json,01_Math/01_calculus/18.01sc-fall-2010/static_resources/6bfd76aaf26c1e40c41419010dfba1ff_MIT18_01SCF10_Ses24e.pdf,MIT18_01SCF10_Ses24e.pdf,Lecture Notes,02_Applications_of_Differentiation,02_Applications_of_Differentiation/Ses24e_Lecture_Notes.pdf
copied,01_Math/01_calculus/18.01sc-fall-2010/resources/mit18_01scf10_ses25a/data.json,01_Math/01_calculus/18.01sc-fall-2010/static_resources/892f317b64473e44f6be224eb957afc2_MIT18_01SCF10_Ses25a.pdf,MIT18_01SCF10_Ses25a.pdf,Lecture Notes,02_Applications_of_Differentiation,02_Applications_of_Differentiation/Ses25a_Lecture_Notes.pdf
copied,01_Math/01_calculus/18.01sc-fall-2010/resources/mit18_01scf10_ses25b/data.json,01_Math/01_calculus/18.01sc-fall-2010/static_resources/7e7cd7ea5dacc66997a9f15d1d6cb762_MIT18_01SCF10_Ses25b.pdf,MIT18_01SCF10_Ses25b.pdf,Lecture Notes,02_Applications_of_Differentiation,02_Applications_of_Differentiation/Ses25b_Lecture_Notes.pdf
copied,01_Math/01_calculus/18.01sc-fall-2010/resources/mit18_01scf10_ses25c/data.json,01_Math/01_calculus/18.01sc-fall-2010/static_resources/a5740d033bd09700415bb0589d0c5bff_MIT18_01SCF10_Ses25c.pdf,MIT18_01SCF10_Ses25c.pdf,Lecture Notes,02_Applications_of_Differentiation,02_Applications_of_Differentiation/Ses25c_Lecture_Notes.pdf
copied,01_Math/01_calculus/18.01sc-fall-2010/resources/mit18_01scf10_ses26a/data.json,01_Math/01_calculus/18.01sc-fall-2010/static_resources/9234711fa8f7df3d42d59fc652f0885f_MIT18_01SCF10_Ses26a.pdf,MIT18_01SCF10_Ses26a.pdf,Lecture Notes,02_Applications_of_Differentiation,02_Applications_of_Differentiation/Ses26a_Lecture_Notes.pdf
copied,01_Math/01_calculus/18.01sc-fall-2010/resources/mit18_01scf10_ses26b/data.json,01_Math/01_calculus/18.01sc-fall-2010/static_resources/a0e3b6d954bd96583f87daf355323163_MIT18_01SCF10_Ses26b.pdf,MIT18_01SCF10_Ses26b.pdf,Lecture Notes,02_Applications_of_Differentiation,02_Applications_of_Differentiation/Ses26b_Lecture_Notes.pdf
copied,01_Math/01_calculus/18.01sc-fall-2010/resources/mit18_01scf10_ses26c/data.json,01_Math/01_calculus/18.01sc-fall-2010/static_resources/5ea09bd950f5eb4b2d95f9e1fd64457f_MIT18_01SCF10_Ses26c.pdf,MIT18_01SCF10_Ses26c.pdf,Lecture Notes,02_Applications_of_Differentiation,02_Applications_of_Differentiation/Ses26c_Lecture_Notes.pdf
copied,01_Math/01_calculus/18.01sc-fall-2010/resources/mit18_01scf10_ses26d/data.json,01_Math/01_calculus/18.01sc-fall-2010/static_resources/fcd55cdf0ee838cc318322e3a21c2330_MIT18_01SCF10_Ses26d.pdf,MIT18_01SCF10_Ses26d.pdf,Lecture Notes,02_Applications_of_Differentiation,02_Applications_of_Differentiation/Ses26d_Lecture_Notes.pdf
copied,01_Math/01_calculus/18.01sc-fall-2010/resources/mit18_01scf10_ses27a/data.json,01_Math/01_calculus/18.01sc-fall-2010/static_resources/17daff6a263174dfa0a14b73a4d36d91_MIT18_01SCF10_Ses27a.pdf,MIT18_01SCF10_Ses27a.pdf,Lecture Notes,02_Applications_of_Differentiation,02_Applications_of_Differentiation/Ses27a_Lecture_Notes.pdf
copied,01_Math/01_calculus/18.01sc-fall-2010/resources/mit18_01scf10_ses27b/data.json,01_Math/01_calculus/18.01sc-fall-2010/static_resources/e30fefcc2e2529651ee6eebc8d7f664a_MIT18_01SCF10_Ses27b.pdf,MIT18_01SCF10_Ses27b.pdf,Lecture Notes,02_Applications_of_Differentiation,02_Applications_of_Differentiation/Ses27b_Lecture_Notes.pdf
copied,01_Math/01_calculus/18.01sc-fall-2010/resources/mit18_01scf10_ses27c/data.json,01_Math/01_calculus/18.01sc-fall-2010/static_resources/aa735916c7f7fcc1fa45ec8592c2085a_MIT18_01SCF10_Ses27c.pdf,MIT18_01SCF10_Ses27c.pdf,Lecture Notes,02_Applications_of_Differentiation,02_Applications_of_Differentiation/Ses27c_Lecture_Notes.pdf
copied,01_Math/01_calculus/18.01sc-fall-2010/resources/mit18_01scf10_ses28a/data.json,01_Math/01_calculus/18.01sc-fall-2010/static_resources/04248907c72e201f7e6441e43127d34f_MIT18_01SCF10_Ses28a.pdf,MIT18_01SCF10_Ses28a.pdf,Lecture Notes,02_Applications_of_Differentiation,02_Applications_of_Differentiation/Ses28a_Lecture_Notes.pdf
copied,01_Math/01_calculus/18.01sc-fall-2010/resources/mit18_01scf10_ses28b/data.json,01_Math/01_calculus/18.01sc-fall-2010/static_resources/a50461c0ed97fe386150e8319ddfd1c0_MIT18_01SCF10_Ses28b.pdf,MIT18_01SCF10_Ses28b.pdf,Lecture Notes,02_Applications_of_Differentiation,02_Applications_of_Differentiation/Ses28b_Lecture_Notes.pdf
copied,01_Math/01_calculus/18.01sc-fall-2010/resources/mit18_01scf10_ses29a/data.json,01_Math/01_calculus/18.01sc-fall-2010/static_resources/9184c0c66b24143e4e47b3e99a30159c_MIT18_01SCF10_Ses29a.pdf,MIT18_01SCF10_Ses29a.pdf,Lecture Notes,02_Applications_of_Differentiation,02_Applications_of_Differentiation/Ses29a_Lecture_Notes.pdf
copied,01_Math/01_calculus/18.01sc-fall-2010/resources/mit18_01scf10_ses29b/data.json,01_Math/01_calculus/18.01sc-fall-2010/static_resources/43ed0c4b807a389f90c49f7c1af7d891_MIT18_01SCF10_Ses29b.pdf,MIT18_01SCF10_Ses29b.pdf,Lecture Notes,02_Applications_of_Differentiation,02_Applications_of_Differentiation/Ses29b_Lecture_Notes.pdf
copied,01_Math/01_calculus/18.01sc-fall-2010/resources/mit18_01scf10_ses2a/data.json,01_Math/01_calculus/18.01sc-fall-2010/static_resources/257391e32134d2112560ea2b15976289_MIT18_01SCF10_Ses2a.pdf,MIT18_01SCF10_Ses2a.pdf,Lecture Notes,01_Differentiation,01_Differentiation/Ses02a_Lecture_Notes.pdf
copied,01_Math/01_calculus/18.01sc-fall-2010/resources/mit18_01scf10_ses2b/data.json,01_Math/01_calculus/18.01sc-fall-2010/static_resources/647e09bf25d96528720344251aea8e8a_MIT18_01SCF10_Ses2b.pdf,MIT18_01SCF10_Ses2b.pdf,Lecture Notes,01_Differentiation,01_Differentiation/Ses02b_Lecture_Notes.pdf
copied,01_Math/01_calculus/18.01sc-fall-2010/resources/mit18_01scf10_ses2c/data.json,01_Math/01_calculus/18.01sc-fall-2010/static_resources/a0ac1e4088a800a54a16839494fbd16e_MIT18_01SCF10_Ses2c.pdf,MIT18_01SCF10_Ses2c.pdf,Lecture Notes,01_Differentiation,01_Differentiation/Ses02c_Lecture_Notes.pdf
copied,01_Math/01_calculus/18.01sc-fall-2010/resources/mit18_01scf10_ses30a/data.json,01_Math/01_calculus/18.01sc-fall-2010/static_resources/cfe6429026ae441c61a097904ccda0cb_MIT18_01SCF10_Ses30a.pdf,MIT18_01SCF10_Ses30a.pdf,Lecture Notes,02_Applications_of_Differentiation,02_Applications_of_Differentiation/Ses30a_Lecture_Notes.pdf
copied,01_Math/01_calculus/18.01sc-fall-2010/resources/mit18_01scf10_ses30b/data.json,01_Math/01_calculus/18.01sc-fall-2010/static_resources/5c86686d3f87ef22bbe95b764078d3c0_MIT18_01SCF10_Ses30b.pdf,MIT18_01SCF10_Ses30b.pdf,Lecture Notes,02_Applications_of_Differentiation,02_Applications_of_Differentiation/Ses30b_Lecture_Notes.pdf
copied,01_Math/01_calculus/18.01sc-fall-2010/resources/mit18_01scf10_ses31a/data.json,01_Math/01_calculus/18.01sc-fall-2010/static_resources/456b7e5103bc532bc70e493a81aa2be9_MIT18_01SCF10_Ses31a.pdf,MIT18_01SCF10_Ses31a.pdf,Lecture Notes,02_Applications_of_Differentiation,02_Applications_of_Differentiation/Ses31a_Lecture_Notes.pdf
copied,01_Math/01_calculus/18.01sc-fall-2010/resources/mit18_01scf10_ses31b/data.json,01_Math/01_calculus/18.01sc-fall-2010/static_resources/e56891a3f0660f93860acb5828226adc_MIT18_01SCF10_Ses31b.pdf,MIT18_01SCF10_Ses31b.pdf,Lecture Notes,02_Applications_of_Differentiation,02_Applications_of_Differentiation/Ses31b_Lecture_Notes.pdf
copied,01_Math/01_calculus/18.01sc-fall-2010/resources/mit18_01scf10_ses31c/data.json,01_Math/01_calculus/18.01sc-fall-2010/static_resources/e5d68397cdc831a1f69d1ffd8970ddc9_MIT18_01SCF10_Ses31c.pdf,MIT18_01SCF10_Ses31c.pdf,Lecture Notes,02_Applications_of_Differentiation,02_Applications_of_Differentiation/Ses31c_Lecture_Notes.pdf
copied,01_Math/01_calculus/18.01sc-fall-2010/resources/mit18_01scf10_ses32a/data.json,01_Math/01_calculus/18.01sc-fall-2010/static_resources/80f8e2c7e7bccc45cf767e5b917331e7_MIT18_01SCF10_Ses32a.pdf,MIT18_01SCF10_Ses32a.pdf,Lecture Notes,02_Applications_of_Differentiation,02_Applications_of_Differentiation/Ses32a_Lecture_Notes.pdf
copied,01_Math/01_calculus/18.01sc-fall-2010/resources/mit18_01scf10_ses33a/data.json,01_Math/01_calculus/18.01sc-fall-2010/static_resources/40bc34f4471c7c813910d7e006b28919_MIT18_01SCF10_Ses33a.pdf,MIT18_01SCF10_Ses33a.pdf,Lecture Notes,02_Applications_of_Differentiation,02_Applications_of_Differentiation/Ses33a_Lecture_Notes.pdf
copied,01_Math/01_calculus/18.01sc-fall-2010/resources/mit18_01scf10_ses33b/data.json,01_Math/01_calculus/18.01sc-fall-2010/static_resources/c9317592db3623094a918cff09f3887f_MIT18_01SCF10_Ses33b.pdf,MIT18_01SCF10_Ses33b.pdf,Lecture Notes,02_Applications_of_Differentiation,02_Applications_of_Differentiation/Ses33b_Lecture_Notes.pdf
copied,01_Math/01_calculus/18.01sc-fall-2010/resources/mit18_01scf10_ses33c/data.json,01_Math/01_calculus/18.01sc-fall-2010/static_resources/d424c9a8f0fc24e28d42206a1fd63df1_MIT18_01SCF10_Ses33c.pdf,MIT18_01SCF10_Ses33c.pdf,Lecture Notes,02_Applications_of_Differentiation,02_Applications_of_Differentiation/Ses33c_Lecture_Notes.pdf
copied,01_Math/01_calculus/18.01sc-fall-2010/resources/mit18_01scf10_ses34a/data.json,01_Math/01_calculus/18.01sc-fall-2010/static_resources/e880603ec136cc8ebaa68c7d72c22024_MIT18_01SCF10_Ses34a.pdf,MIT18_01SCF10_Ses34a.pdf,Lecture Notes,02_Applications_of_Differentiation,02_Applications_of_Differentiation/Ses34a_Lecture_Notes.pdf
copied,01_Math/01_calculus/18.01sc-fall-2010/resources/mit18_01scf10_ses34b/data.json,01_Math/01_calculus/18.01sc-fall-2010/static_resources/70b03126d02cdf5b87bc59e6e515bc73_MIT18_01SCF10_Ses34b.pdf,hiMIT18_01SCF10_Ses34b.pdf,Lecture Notes,02_Applications_of_Differentiation,02_Applications_of_Differentiation/Ses34b_Lecture_Notes.pdf
copied,01_Math/01_calculus/18.01sc-fall-2010/resources/mit18_01scf10_ses35a/data.json,01_Math/01_calculus/18.01sc-fall-2010/static_resources/3fd61ef9eab29205d39ec29fce90c3c4_MIT18_01SCF10_Ses35a.pdf,MIT18_01SCF10_Ses35a.pdf,Lecture Notes,02_Applications_of_Differentiation,02_Applications_of_Differentiation/Ses35a_Lecture_Notes.pdf
copied,01_Math/01_calculus/18.01sc-fall-2010/resources/mit18_01scf10_ses35b/data.json,01_Math/01_calculus/18.01sc-fall-2010/static_resources/d564cd7fe40fca45b09ebf3e11fbe08c_MIT18_01SCF10_Ses35b.pdf,MIT18_01SCF10_Ses35b.pdf,Lecture Notes,02_Applications_of_Differentiation,02_Applications_of_Differentiation/Ses35b_Lecture_Notes.pdf
copied,01_Math/01_calculus/18.01sc-fall-2010/resources/mit18_01scf10_ses36a/data.json,01_Math/01_calculus/18.01sc-fall-2010/static_resources/162fa987acc7efd7ca8b3e96c6ab5177_MIT18_01SCF10_Ses36a.pdf,MIT18_01SCF10_Ses36a.pdf,Lecture Notes,02_Applications_of_Differentiation,02_Applications_of_Differentiation/Ses36a_Lecture_Notes.pdf
copied,01_Math/01_calculus/18.01sc-fall-2010/resources/mit18_01scf10_ses36b/data.json,01_Math/01_calculus/18.01sc-fall-2010/static_resources/2183e76e7202ac968f33d96f81f790d7_MIT18_01SCF10_Ses36b.pdf,MIT18_01SCF10_Ses36b.pdf,Lecture Notes,02_Applications_of_Differentiation,02_Applications_of_Differentiation/Ses36b_Lecture_Notes.pdf
copied,01_Math/01_calculus/18.01sc-fall-2010/resources/mit18_01scf10_ses37a/data.json,01_Math/01_calculus/18.01sc-fall-2010/static_resources/77e900e36bf3abd851fabbb1dd816c09_MIT18_01SCF10_Ses37a.pdf,MIT18_01SCF10_Ses37a.pdf,Lecture Notes,02_Applications_of_Differentiation,02_Applications_of_Differentiation/Ses37a_Lecture_Notes.pdf
copied,01_Math/01_calculus/18.01sc-fall-2010/resources/mit18_01scf10_ses37b/data.json,01_Math/01_calculus/18.01sc-fall-2010/static_resources/896ae83f82508f16467553c0a7530a2b_MIT18_01SCF10_Ses37b.pdf,MIT18_01SCF10_Ses37b.pdf,Lecture Notes,02_Applications_of_Differentiation,02_Applications_of_Differentiation/Ses37b_Lecture_Notes.pdf
copied,01_Math/01_calculus/18.01sc-fall-2010/resources/mit18_01scf10_ses37c/data.json,01_Math/01_calculus/18.01sc-fall-2010/static_resources/4cc131a648a70191a09bfccaa8228723_MIT18_01SCF10_Ses37c.pdf,MIT18_01SCF10_Ses37c.pdf,Lecture Notes,02_Applications_of_Differentiation,02_Applications_of_Differentiation/Ses37c_Lecture_Notes.pdf
copied,01_Math/01_calculus/18.01sc-fall-2010/resources/mit18_01scf10_ses37d/data.json,01_Math/01_calculus/18.01sc-fall-2010/static_resources/56d2c2c3f631bd9c3aa56fefaeb2ac21_MIT18_01SCF10_Ses37d.pdf,MIT18_01SCF10_Ses37d.pdf,Lecture Notes,02_Applications_of_Differentiation,02_Applications_of_Differentiation/Ses37d_Lecture_Notes.pdf
copied,01_Math/01_calculus/18.01sc-fall-2010/resources/mit18_01scf10_ses38a/data.json,01_Math/01_calculus/18.01sc-fall-2010/static_resources/4ae5ff13fdcb547a5b8e184f69f83043_MIT18_01SCF10_Ses38a.pdf,MIT18_01SCF10_Ses38a.pdf,Lecture Notes,02_Applications_of_Differentiation,02_Applications_of_Differentiation/Ses38a_Lecture_Notes.pdf
copied,01_Math/01_calculus/18.01sc-fall-2010/resources/mit18_01scf10_ses38b/data.json,01_Math/01_calculus/18.01sc-fall-2010/static_resources/9b87200113a867e6c8b22b35b75259f4_MIT18_01SCF10_Ses38b.pdf,MIT18_01SCF10_Ses38b.pdf,Lecture Notes,02_Applications_of_Differentiation,02_Applications_of_Differentiation/Ses38b_Lecture_Notes.pdf
copied,01_Math/01_calculus/18.01sc-fall-2010/resources/mit18_01scf10_ses38c/data.json,01_Math/01_calculus/18.01sc-fall-2010/static_resources/308cc1bbff50912cdeb1f290f3754459_MIT18_01SCF10_Ses38c.pdf,MIT18_01SCF10_Ses38c.pdf,Lecture Notes,02_Applications_of_Differentiation,02_Applications_of_Differentiation/Ses38c_Lecture_Notes.pdf
copied,01_Math/01_calculus/18.01sc-fall-2010/resources/mit18_01scf10_ses39a/data.json,01_Math/01_calculus/18.01sc-fall-2010/static_resources/10a90cf559c88b77a41d299a9cb89572_MIT18_01SCF10_Ses39a.pdf,MIT18_01SCF10_Ses39a.pdf,Lecture Notes,02_Applications_of_Differentiation,02_Applications_of_Differentiation/Ses39a_Lecture_Notes.pdf
copied,01_Math/01_calculus/18.01sc-fall-2010/resources/mit18_01scf10_ses39b/data.json,01_Math/01_calculus/18.01sc-fall-2010/static_resources/fc34d35fa0bf21a563d81469f2ab324c_MIT18_01SCF10_Ses39b.pdf,MIT18_01SCF10_Ses39b.pdf,Lecture Notes,02_Applications_of_Differentiation,02_Applications_of_Differentiation/Ses39b_Lecture_Notes.pdf
copied,01_Math/01_calculus/18.01sc-fall-2010/resources/mit18_01scf10_ses3a/data.json,01_Math/01_calculus/18.01sc-fall-2010/static_resources/f8d5c2c9a0c216415d02b12d7e11dad9_MIT18_01SCF10_Ses3a.pdf,MIT18_01SCF10_Ses3a.pdf,Lecture Notes,01_Differentiation,01_Differentiation/Ses03a_Lecture_Notes.pdf
copied,01_Math/01_calculus/18.01sc-fall-2010/resources/mit18_01scf10_ses3b/data.json,01_Math/01_calculus/18.01sc-fall-2010/static_resources/19fa7a24c44475621835523f84a3761b_MIT18_01SCF10_Ses3b.pdf,MIT18_01SCF10_Ses3b.pdf,Lecture Notes,01_Differentiation,01_Differentiation/Ses03b_Lecture_Notes.pdf
copied,01_Math/01_calculus/18.01sc-fall-2010/resources/mit18_01scf10_ses3c/data.json,01_Math/01_calculus/18.01sc-fall-2010/static_resources/abb7e03ceca1497311d16b409e43676e_MIT18_01SCF10_Ses3c.pdf,MIT18_01SCF10_Ses3c.pdf,Lecture Notes,01_Differentiation,01_Differentiation/Ses03c_Lecture_Notes.pdf
copied,01_Math/01_calculus/18.01sc-fall-2010/resources/mit18_01scf10_ses3d/data.json,01_Math/01_calculus/18.01sc-fall-2010/static_resources/93c761862844a9337f183e62c66d2216_MIT18_01SCF10_Ses3d.pdf,MIT18_01SCF10_Ses3d.pdf,Lecture Notes,01_Differentiation,01_Differentiation/Ses03d_Lecture_Notes.pdf
copied,01_Math/01_calculus/18.01sc-fall-2010/resources/mit18_01scf10_ses40a/data.json,01_Math/01_calculus/18.01sc-fall-2010/static_resources/731ad129eaae3c0210b0d3b71033bd57_MIT18_01SCF10_Ses40a.pdf,MIT18_01SCF10_Ses40a.pdf,Lecture Notes,02_Applications_of_Differentiation,02_Applications_of_Differentiation/Ses40a_Lecture_Notes.pdf
copied,01_Math/01_calculus/18.01sc-fall-2010/resources/mit18_01scf10_ses40b/data.json,01_Math/01_calculus/18.01sc-fall-2010/static_resources/cc8935567e20312a6879f532b8e19f30_MIT18_01SCF10_Ses40b.pdf,MIT18_01SCF10_Ses40b.pdf,Lecture Notes,02_Applications_of_Differentiation,02_Applications_of_Differentiation/Ses40b_Lecture_Notes.pdf
copied,01_Math/01_calculus/18.01sc-fall-2010/resources/mit18_01scf10_ses40c/data.json,01_Math/01_calculus/18.01sc-fall-2010/static_resources/fdad60c63032773eb98832f8b2b6e177_MIT18_01SCF10_Ses40c.pdf,MIT18_01SCF10_Ses40c.pdf,Lecture Notes,02_Applications_of_Differentiation,02_Applications_of_Differentiation/Ses40c_Lecture_Notes.pdf
copied,01_Math/01_calculus/18.01sc-fall-2010/resources/mit18_01scf10_ses41a/data.json,01_Math/01_calculus/18.01sc-fall-2010/static_resources/e90f948a7163116b10b8f9a6c09fbf2e_MIT18_01SCF10_Ses41a.pdf,MIT18_01SCF10_Ses41a.pdf,Lecture Notes,02_Applications_of_Differentiation,02_Applications_of_Differentiation/Ses41a_Lecture_Notes.pdf
copied,01_Math/01_calculus/18.01sc-fall-2010/resources/mit18_01scf10_ses43a/data.json,01_Math/01_calculus/18.01sc-fall-2010/static_resources/afc9cd2d3f0b87d0a313b3188013a102_MIT18_01SCF10_Ses43a.pdf,MIT18_01SCF10_Ses43a.pdf,Lecture Notes,03_Definite_Integrals,03_Definite_Integrals/Ses43a_Lecture_Notes.pdf
copied,01_Math/01_calculus/18.01sc-fall-2010/resources/mit18_01scf10_ses43b/data.json,01_Math/01_calculus/18.01sc-fall-2010/static_resources/4916e434b70b1e785c7642d7e0b65c23_MIT18_01SCF10_Ses43b.pdf,MIT18_01SCF10_Ses43b.pdf,Lecture Notes,03_Definite_Integrals,03_Definite_Integrals/Ses43b_Lecture_Notes.pdf
copied,01_Math/01_calculus/18.01sc-fall-2010/resources/mit18_01scf10_ses44a/data.json,01_Math/01_calculus/18.01sc-fall-2010/static_resources/3cdcdfc7dedd0c6b31c3d76a3df67841_MIT18_01SCF10_Ses44a.pdf,MIT18_01SCF10_Ses44a.pdf,Lecture Notes,03_Definite_Integrals,03_Definite_Integrals/Ses44a_Lecture_Notes.pdf
copied,01_Math/01_calculus/18.01sc-fall-2010/resources/mit18_01scf10_ses44b/data.json,01_Math/01_calculus/18.01sc-fall-2010/static_resources/234e6a3637298cdd8d8291bcdd7e4f73_MIT18_01SCF10_Ses44b.pdf,MIT18_01SCF10_Ses44b.pdf,Lecture Notes,03_Definite_Integrals,03_Definite_Integrals/Ses44b_Lecture_Notes.pdf
copied,01_Math/01_calculus/18.01sc-fall-2010/resources/mit18_01scf10_ses45a/data.json,01_Math/01_calculus/18.01sc-fall-2010/static_resources/c60ca1629f9a9058fe3b6fe3e114fa6b_MIT18_01SCF10_Ses45a.pdf,MIT18_01SCF10_Ses45a.pdf,Lecture Notes,03_Definite_Integrals,03_Definite_Integrals/Ses45a_Lecture_Notes.pdf
copied,01_Math/01_calculus/18.01sc-fall-2010/resources/mit18_01scf10_ses45b/data.json,01_Math/01_calculus/18.01sc-fall-2010/static_resources/a76b14bf67d60914d0ecb38e9d32cfb3_MIT18_01SCF10_Ses45b.pdf,MIT18_01SCF10_Ses45b.pdf,,03_Definite_Integrals,03_Definite_Integrals/Ses45b_Lecture_Notes.pdf
copied,01_Math/01_calculus/18.01sc-fall-2010/resources/mit18_01scf10_ses46a/data.json,01_Math/01_calculus/18.01sc-fall-2010/static_resources/523ebde51093f1b01b42191bde0ec1dc_MIT18_01SCF10_Ses46a.pdf,MIT18_01SCF10_Ses46a.pdf,Lecture Notes,03_Definite_Integrals,03_Definite_Integrals/Ses46a_Lecture_Notes.pdf
copied,01_Math/01_calculus/18.01sc-fall-2010/resources/mit18_01scf10_ses46b/data.json,01_Math/01_calculus/18.01sc-fall-2010/static_resources/1af70924e259b81011e34de4f576057a_MIT18_01SCF10_Ses46b.pdf,MIT18_01SCF10_Ses46b.pdf,Lecture Notes,03_Definite_Integrals,03_Definite_Integrals/Ses46b_Lecture_Notes.pdf
copied,01_Math/01_calculus/18.01sc-fall-2010/resources/mit18_01scf10_ses46c/data.json,01_Math/01_calculus/18.01sc-fall-2010/static_resources/6cb229e84cad282c1f02c9bd490950eb_MIT18_01SCF10_Ses46c.pdf,MIT18_01SCF10_Ses46c.pdf,Lecture Notes,03_Definite_Integrals,03_Definite_Integrals/Ses46c_Lecture_Notes.pdf
copied,01_Math/01_calculus/18.01sc-fall-2010/resources/mit18_01scf10_ses47a/data.json,01_Math/01_calculus/18.01sc-fall-2010/static_resources/3b9fc2f347fcbcbe38bd049f61f85f97_MIT18_01SCF10_Ses47a.pdf,MIT18_01SCF10_Ses47a.pdf,Lecture Notes,03_Definite_Integrals,03_Definite_Integrals/Ses47a_Lecture_Notes.pdf
copied,01_Math/01_calculus/18.01sc-fall-2010/resources/mit18_01scf10_ses47b/data.json,01_Math/01_calculus/18.01sc-fall-2010/static_resources/275befd7d65a08b6aff13d124e41d44a_MIT18_01SCF10_Ses47b.pdf,MIT18_01SCF10_Ses47b.pdf,Lecture Notes,03_Definite_Integrals,03_Definite_Integrals/Ses47b_Lecture_Notes.pdf
copied,01_Math/01_calculus/18.01sc-fall-2010/resources/mit18_01scf10_ses48a/data.json,01_Math/01_calculus/18.01sc-fall-2010/static_resources/da3127c093b8eb7e4ab99693f1485b6b_MIT18_01SCF10_Ses48a.pdf,MIT18_01SCF10_Ses48a.pdf,Lecture Notes,03_Definite_Integrals,03_Definite_Integrals/Ses48a_Lecture_Notes.pdf
copied,01_Math/01_calculus/18.01sc-fall-2010/resources/mit18_01scf10_ses48b/data.json,01_Math/01_calculus/18.01sc-fall-2010/static_resources/cd0bd7d8eca0ec001ba65b2bdf6e7ec5_MIT18_01SCF10_Ses48b.pdf,MIT18_01SCF10_Ses48b.pdf,Lecture Notes,03_Definite_Integrals,03_Definite_Integrals/Ses48b_Lecture_Notes.pdf
copied,01_Math/01_calculus/18.01sc-fall-2010/resources/mit18_01scf10_ses48c/data.json,01_Math/01_calculus/18.01sc-fall-2010/static_resources/8237b6e329240fcc89f2dc931bf41e14_MIT18_01SCF10_Ses48c.pdf,MIT18_01SCF10_Ses48c.pdf,Lecture Notes,03_Definite_Integrals,03_Definite_Integrals/Ses48c_Lecture_Notes.pdf
copied,01_Math/01_calculus/18.01sc-fall-2010/resources/mit18_01scf10_ses49a/data.json,01_Math/01_calculus/18.01sc-fall-2010/static_resources/e9c3e78435d55e8c4c547331786e36f0_MIT18_01SCF10_Ses49a.pdf,MIT18_01SCF10_Ses49a.pdf,Lecture Notes,03_Definite_Integrals,03_Definite_Integrals/Ses49a_Lecture_Notes.pdf
copied,01_Math/01_calculus/18.01sc-fall-2010/resources/mit18_01scf10_ses49b/data.json,01_Math/01_calculus/18.01sc-fall-2010/static_resources/08476c85c3ec5a3fe69348e0f00212a6_MIT18_01SCF10_Ses49b.pdf,MIT18_01SCF10_Ses49b.pdf,Lecture Notes,03_Definite_Integrals,03_Definite_Integrals/Ses49b_Lecture_Notes.pdf
copied,01_Math/01_calculus/18.01sc-fall-2010/resources/mit18_01scf10_ses49c/data.json,01_Math/01_calculus/18.01sc-fall-2010/static_resources/df3338c7a4e0f30c39b303d8e21b4d9d_MIT18_01SCF10_Ses49c.pdf,MIT18_01SCF10_Ses49c.pdf,Lecture Notes,03_Definite_Integrals,03_Definite_Integrals/Ses49c_Lecture_Notes.pdf
copied,01_Math/01_calculus/18.01sc-fall-2010/resources/mit18_01scf10_ses4a/data.json,01_Math/01_calculus/18.01sc-fall-2010/static_resources/7055d8a331cd9aef85193146a52943b2_MIT18_01SCF10_Ses4a.pdf,MIT18_01SCF10_Ses4a.pdf,Lecture Notes,01_Differentiation,01_Differentiation/Ses04a_Lecture_Notes.pdf
copied,01_Math/01_calculus/18.01sc-fall-2010/resources/mit18_01scf10_ses4b/data.json,01_Math/01_calculus/18.01sc-fall-2010/static_resources/98249dc379f2f104980eb24a9e7a3ad8_MIT18_01SCF10_Ses4b.pdf,MIT18_01SCF10_Ses4b.pdf,Lecture Notes,01_Differentiation,01_Differentiation/Ses04b_Lecture_Notes.pdf
copied,01_Math/01_calculus/18.01sc-fall-2010/resources/mit18_01scf10_ses50a/data.json,01_Math/01_calculus/18.01sc-fall-2010/static_resources/7ccbc2a966279b589d2e426d86285e27_MIT18_01SCF10_Ses50a.pdf,MIT18_01SCF10_Ses50a.pdf,Lecture Notes,03_Definite_Integrals,03_Definite_Integrals/Ses50a_Lecture_Notes.pdf
copied,01_Math/01_calculus/18.01sc-fall-2010/resources/mit18_01scf10_ses50b/data.json,01_Math/01_calculus/18.01sc-fall-2010/static_resources/520c9c6b406e92e59c533890c5c1e8f4_MIT18_01SCF10_Ses50b.pdf,MIT18_01SCF10_Ses50b.pdf,Lecture Notes,03_Definite_Integrals,03_Definite_Integrals/Ses50b_Lecture_Notes.pdf
copied,01_Math/01_calculus/18.01sc-fall-2010/resources/mit18_01scf10_ses50c/data.json,01_Math/01_calculus/18.01sc-fall-2010/static_resources/714de9d18a95a751ff797baa17fe6d17_MIT18_01SCF10_Ses50c.pdf,MIT18_01SCF10_Ses50c.pdf,Lecture Notes,03_Definite_Integrals,03_Definite_Integrals/Ses50c_Lecture_Notes.pdf
copied,01_Math/01_calculus/18.01sc-fall-2010/resources/mit18_01scf10_ses51a/data.json,01_Math/01_calculus/18.01sc-fall-2010/static_resources/2459faee7ec3308afd5cca2b95fad48e_MIT18_01SCF10_Ses51a.pdf,MIT18_01SCF10_Ses51a.pdf,Lecture Notes,03_Definite_Integrals,03_Definite_Integrals/Ses51a_Lecture_Notes.pdf
copied,01_Math/01_calculus/18.01sc-fall-2010/resources/mit18_01scf10_ses51b/data.json,01_Math/01_calculus/18.01sc-fall-2010/static_resources/af3531d2bd95ac4e5cfb3086472e2779_MIT18_01SCF10_Ses51b.pdf,MIT18_01SCF10_Ses51b.pdf,Lecture Notes,03_Definite_Integrals,03_Definite_Integrals/Ses51b_Lecture_Notes.pdf
copied,01_Math/01_calculus/18.01sc-fall-2010/resources/mit18_01scf10_ses52a/data.json,01_Math/01_calculus/18.01sc-fall-2010/static_resources/187c62fbcf12465228af0685b7afacc1_MIT18_01SCF10_Ses52a.pdf,MIT18_01SCF10_Ses52a.pdf,Lecture Notes,03_Definite_Integrals,03_Definite_Integrals/Ses52a_Lecture_Notes.pdf
copied,01_Math/01_calculus/18.01sc-fall-2010/resources/mit18_01scf10_ses52b/data.json,01_Math/01_calculus/18.01sc-fall-2010/static_resources/e5e4813ac3a0b21f61532842c7ce8a8c_MIT18_01SCF10_Ses52b.pdf,MIT18_01SCF10_Ses52b.pdf,Lecture Notes,03_Definite_Integrals,03_Definite_Integrals/Ses52b_Lecture_Notes.pdf
copied,01_Math/01_calculus/18.01sc-fall-2010/resources/mit18_01scf10_ses53a/data.json,01_Math/01_calculus/18.01sc-fall-2010/static_resources/357771ae0a60838d757b2e062650fe09_MIT18_01SCF10_Ses53a.pdf,MIT18_01SCF10_Ses53a.pdf,Lecture Notes,03_Definite_Integrals,03_Definite_Integrals/Ses53a_Lecture_Notes.pdf
copied,01_Math/01_calculus/18.01sc-fall-2010/resources/mit18_01scf10_ses53b/data.json,01_Math/01_calculus/18.01sc-fall-2010/static_resources/c8cdad3e6b8b128d19f54b884372a8e2_MIT18_01SCF10_Ses53b.pdf,MIT18_01SCF10_Ses53b.pdf,Lecture Notes,03_Definite_Integrals,03_Definite_Integrals/Ses53b_Lecture_Notes.pdf
copied,01_Math/01_calculus/18.01sc-fall-2010/resources/mit18_01scf10_ses54a/data.json,01_Math/01_calculus/18.01sc-fall-2010/static_resources/911e69c6592174f6865767e3db049f35_MIT18_01SCF10_Ses54a.pdf,MIT18_01SCF10_Ses54a.pdf,Lecture Notes,03_Definite_Integrals,03_Definite_Integrals/Ses54a_Lecture_Notes.pdf
copied,01_Math/01_calculus/18.01sc-fall-2010/resources/mit18_01scf10_ses54b/data.json,01_Math/01_calculus/18.01sc-fall-2010/static_resources/c8d35d09cacfda0964fa025aaf532e39_MIT18_01SCF10_Ses54b.pdf,MIT18_01SCF10_Ses54b.pdf,Lecture Notes,03_Definite_Integrals,03_Definite_Integrals/Ses54b_Lecture_Notes.pdf
copied,01_Math/01_calculus/18.01sc-fall-2010/resources/mit18_01scf10_ses55a/data.json,01_Math/01_calculus/18.01sc-fall-2010/static_resources/37ea67d3369c94db84ff2586ead82c37_MIT18_01SCF10_Ses55a.pdf,MIT18_01SCF10_Ses55a.pdf,Lecture Notes,03_Definite_Integrals,03_Definite_Integrals/Ses55a_Lecture_Notes.pdf
copied,01_Math/01_calculus/18.01sc-fall-2010/resources/mit18_01scf10_ses55b/data.json,01_Math/01_calculus/18.01sc-fall-2010/static_resources/bb84cc5d0b926d6c2c7429adcd68d33a_MIT18_01SCF10_Ses55b.pdf,MIT18_01SCF10_Ses55b.pdf,Lecture Notes,03_Definite_Integrals,03_Definite_Integrals/Ses55b_Lecture_Notes.pdf
copied,01_Math/01_calculus/18.01sc-fall-2010/resources/mit18_01scf10_ses56a/data.json,01_Math/01_calculus/18.01sc-fall-2010/static_resources/01d3a640ba2bee59aabec8a6e0a8361d_MIT18_01SCF10_Ses56a.pdf,MIT18_01SCF10_Ses56a.pdf,Lecture Notes,03_Definite_Integrals,03_Definite_Integrals/Ses56a_Lecture_Notes.pdf
copied,01_Math/01_calculus/18.01sc-fall-2010/resources/mit18_01scf10_ses56b/data.json,01_Math/01_calculus/18.01sc-fall-2010/static_resources/f150931414da32292aacb71a86a55acd_MIT18_01SCF10_Ses56b.pdf,MIT18_01SCF10_Ses56b.pdf,Lecture Notes,03_Definite_Integrals,03_Definite_Integrals/Ses56b_Lecture_Notes.pdf
copied,01_Math/01_calculus/18.01sc-fall-2010/resources/mit18_01scf10_ses57a/data.json,01_Math/01_calculus/18.01sc-fall-2010/static_resources/db95459072c80eb2d2cbdb18ec0824fb_MIT18_01SCF10_Ses57a.pdf,MIT18_01SCF10_Ses57a.pdf,Lecture Notes,03_Definite_Integrals,03_Definite_Integrals/Ses57a_Lecture_Notes.pdf
copied,01_Math/01_calculus/18.01sc-fall-2010/resources/mit18_01scf10_ses57b/data.json,01_Math/01_calculus/18.01sc-fall-2010/static_resources/3c3ec2a2bb1502261eb4ebcc6fb9a561_MIT18_01SCF10_Ses57b.pdf,MIT18_01SCF10_Ses57b.pdf,Lecture Notes,03_Definite_Integrals,03_Definite_Integrals/Ses57b_Lecture_Notes.pdf
copied,01_Math/01_calculus/18.01sc-fall-2010/resources/mit18_01scf10_ses58a/data.json,01_Math/01_calculus/18.01sc-fall-2010/static_resources/c25d26b04ffe46ac331b9c63c760048b_MIT18_01SCF10_Ses58a.pdf,MIT18_01SCF10_Ses58a.pdf,Lecture Notes,03_Definite_Integrals,03_Definite_Integrals/Ses58a_Lecture_Notes.pdf
copied,01_Math/01_calculus/18.01sc-fall-2010/resources/mit18_01scf10_ses59a/data.json,01_Math/01_calculus/18.01sc-fall-2010/static_resources/f0b193847ca8f817a239ad783b26db15_MIT18_01SCF10_Ses59a.pdf,MIT18_01SCF10_Ses59a.pdf,Lecture Notes,03_Definite_Integrals,03_Definite_Integrals/Ses59a_Lecture_Notes.pdf
copied,01_Math/01_calculus/18.01sc-fall-2010/resources/mit18_01scf10_ses59b/data.json,01_Math/01_calculus/18.01sc-fall-2010/static_resources/0987196a66a20a67fdb3e07197c8fedf_MIT18_01SCF10_Ses59b.pdf,MIT18_01SCF10_Ses59b.pdf,Lecture Notes,03_Definite_Integrals,03_Definite_Integrals/Ses59b_Lecture_Notes.pdf
copied,01_Math/01_calculus/18.01sc-fall-2010/resources/mit18_01scf10_ses5a/data.json,01_Math/01_calculus/18.01sc-fall-2010/static_resources/e9959b5c91eb8602638d940b3b20ab27_MIT18_01SCF10_Ses5a.pdf,MIT18_01SCF10_Ses5a.pdf,Lecture Notes,01_Differentiation,01_Differentiation/Ses05a_Lecture_Notes.pdf
copied,01_Math/01_calculus/18.01sc-fall-2010/resources/mit18_01scf10_ses5b/data.json,01_Math/01_calculus/18.01sc-fall-2010/static_resources/cc35d28af901284e0b33360b172309b3_MIT18_01SCF10_Ses5b.pdf,MIT18_01SCF10_Ses5b.pdf,Lecture Notes,01_Differentiation,01_Differentiation/Ses05b_Lecture_Notes.pdf
copied,01_Math/01_calculus/18.01sc-fall-2010/resources/mit18_01scf10_ses5c/data.json,01_Math/01_calculus/18.01sc-fall-2010/static_resources/08d1a256abcd86ac1a25dcb1b07a3516_MIT18_01SCF10_Ses5c.pdf,MIT18_01SCF10_Ses5c.pdf,Lecture Notes,01_Differentiation,01_Differentiation/Ses05c_Lecture_Notes.pdf
copied,01_Math/01_calculus/18.01sc-fall-2010/resources/mit18_01scf10_ses5d/data.json,01_Math/01_calculus/18.01sc-fall-2010/static_resources/f4318f7bf6253b00d93051b1efe6e2a0_MIT18_01SCF10_Ses5d.pdf,MIT18_01SCF10_Ses5d.pdf,Lecture Notes,01_Differentiation,01_Differentiation/Ses05d_Lecture_Notes.pdf
copied,01_Math/01_calculus/18.01sc-fall-2010/resources/mit18_01scf10_ses5e/data.json,01_Math/01_calculus/18.01sc-fall-2010/static_resources/80d39e825d96c3c4930171cb8c6e96fb_MIT18_01SCF10_Ses5e.pdf,MIT18_01SCF10_Ses5e.pdf,Lecture Notes,01_Differentiation,01_Differentiation/Ses05e_Lecture_Notes.pdf
copied,01_Math/01_calculus/18.01sc-fall-2010/resources/mit18_01scf10_ses60a/data.json,01_Math/01_calculus/18.01sc-fall-2010/static_resources/d47150e04af30cbc47b251fff57c435c_MIT18_01SCF10_Ses60a.pdf,MIT18_01SCF10_Ses60a.pdf,Lecture Notes,03_Definite_Integrals,03_Definite_Integrals/Ses60a_Lecture_Notes.pdf
copied,01_Math/01_calculus/18.01sc-fall-2010/resources/mit18_01scf10_ses60b/data.json,01_Math/01_calculus/18.01sc-fall-2010/static_resources/92336e25ed225ad926db6603678de789_MIT18_01SCF10_Ses60b.pdf,MIT18_01SCF10_Ses60b.pdf,Lecture Notes,03_Definite_Integrals,03_Definite_Integrals/Ses60b_Lecture_Notes.pdf
copied,01_Math/01_calculus/18.01sc-fall-2010/resources/mit18_01scf10_ses60c/data.json,01_Math/01_calculus/18.01sc-fall-2010/static_resources/053b8dbd302e7ac7d59244af973f8af5_MIT18_01SCF10_Ses60c.pdf,MIT18_01SCF10_Ses60c.pdf,Lecture Notes,03_Definite_Integrals,03_Definite_Integrals/Ses60c_Lecture_Notes.pdf
copied,01_Math/01_calculus/18.01sc-fall-2010/resources/mit18_01scf10_ses61a/data.json,01_Math/01_calculus/18.01sc-fall-2010/static_resources/14798b1a310b0f2917e2d1cecd7494bf_MIT18_01SCF10_Ses61a.pdf,MIT18_01SCF10_Ses61a.pdf,Lecture Notes,03_Definite_Integrals,03_Definite_Integrals/Ses61a_Lecture_Notes.pdf
copied,01_Math/01_calculus/18.01sc-fall-2010/resources/mit18_01scf10_ses61b/data.json,01_Math/01_calculus/18.01sc-fall-2010/static_resources/927c654635fcde8b889a90de5659c5f4_MIT18_01SCF10_Ses61b.pdf,MIT18_01SCF10_Ses61b.pdf,Lecture Notes,03_Definite_Integrals,03_Definite_Integrals/Ses61b_Lecture_Notes.pdf
copied,01_Math/01_calculus/18.01sc-fall-2010/resources/mit18_01scf10_ses61c/data.json,01_Math/01_calculus/18.01sc-fall-2010/static_resources/d9ddb3fceb1e2ced3dd2468d2754279c_MIT18_01SCF10_Ses61c.pdf,MIT18_01SCF10_Ses61c.pdf,Lecture Notes,03_Definite_Integrals,03_Definite_Integrals/Ses61c_Lecture_Notes.pdf
copied,01_Math/01_calculus/18.01sc-fall-2010/resources/mit18_01scf10_ses62a/data.json,01_Math/01_calculus/18.01sc-fall-2010/static_resources/ca87fbbc7c39c0e65522e050f1247b3d_MIT18_01SCF10_Ses62a.pdf,MIT18_01SCF10_Ses62a.pdf,Lecture Notes,03_Definite_Integrals,03_Definite_Integrals/Ses62a_Lecture_Notes.pdf
copied,01_Math/01_calculus/18.01sc-fall-2010/resources/mit18_01scf10_ses62b/data.json,01_Math/01_calculus/18.01sc-fall-2010/static_resources/6a9f76ca1bd1827a26b6a6918f1e0128_MIT18_01SCF10_Ses62b.pdf,MIT18_01SCF10_Ses62b.pdf,Lecture Notes,03_Definite_Integrals,03_Definite_Integrals/Ses62b_Lecture_Notes.pdf
copied,01_Math/01_calculus/18.01sc-fall-2010/resources/mit18_01scf10_ses62c/data.json,01_Math/01_calculus/18.01sc-fall-2010/static_resources/b78e162391e19d17647b87d398527a9a_MIT18_01SCF10_Ses62c.pdf,MIT18_01SCF10_Ses62c.pdf,Lecture Notes,03_Definite_Integrals,03_Definite_Integrals/Ses62c_Lecture_Notes.pdf
copied,01_Math/01_calculus/18.01sc-fall-2010/resources/mit18_01scf10_ses62d/data.json,01_Math/01_calculus/18.01sc-fall-2010/static_resources/e334c8166da0d389882d6dfbc4558477_MIT18_01SCF10_Ses62d.pdf,MIT18_01SCF10_Ses62d.pdf,Lecture Notes,03_Definite_Integrals,03_Definite_Integrals/Ses62d_Lecture_Notes.pdf
copied,01_Math/01_calculus/18.01sc-fall-2010/resources/mit18_01scf10_ses63a/data.json,01_Math/01_calculus/18.01sc-fall-2010/static_resources/0cf9871c995f6ff30af82618990f8961_MIT18_01SCF10_Ses63a.pdf,MIT18_01SCF10_Ses63a.pdf,Lecture Notes,03_Definite_Integrals,03_Definite_Integrals/Ses63a_Lecture_Notes.pdf
copied,01_Math/01_calculus/18.01sc-fall-2010/resources/mit18_01scf10_ses63b/data.json,01_Math/01_calculus/18.01sc-fall-2010/static_resources/06b0e78cfd2827377957ed72d5149ec8_MIT18_01SCF10_Ses63b.pdf,MIT18_01SCF10_Ses63b.pdf,Lecture Notes,03_Definite_Integrals,03_Definite_Integrals/Ses63b_Lecture_Notes.pdf
copied,01_Math/01_calculus/18.01sc-fall-2010/resources/mit18_01scf10_ses63c/data.json,01_Math/01_calculus/18.01sc-fall-2010/static_resources/a9e3cf4f65b01e02b81a07867b883466_MIT18_01SCF10_Ses63c.pdf,MIT18_01SCF10_Ses63c.pdf,Lecture Notes,03_Definite_Integrals,03_Definite_Integrals/Ses63c_Lecture_Notes.pdf
copied,01_Math/01_calculus/18.01sc-fall-2010/resources/mit18_01scf10_ses63d/data.json,01_Math/01_calculus/18.01sc-fall-2010/static_resources/6d3381fa8d07b76cb5004e9426a2cdaa_MIT18_01SCF10_Ses63d.pdf,MIT18_01SCF10_Ses63d.pdf,Problem Sets,06_Problem_Sets,06_Problem_Sets/Ses63d_Problems.pdf
copied,01_Math/01_calculus/18.01sc-fall-2010/resources/mit18_01scf10_ses64a/data.json,01_Math/01_calculus/18.01sc-fall-2010/static_resources/85fe52841cc95fcfbd6cb13d068be87e_MIT18_01SCF10_Ses64a.pdf,MIT18_01SCF10_Ses64a.pdf,Lecture Notes,03_Definite_Integrals,03_Definite_Integrals/Ses64a_Lecture_Notes.pdf
copied,01_Math/01_calculus/18.01sc-fall-2010/resources/mit18_01scf10_ses64b/data.json,01_Math/01_calculus/18.01sc-fall-2010/static_resources/580bd75e9da86878efd3a04e3b959f13_MIT18_01SCF10_Ses64b.pdf,MIT18_01SCF10_Ses64b.pdf,Lecture Notes,03_Definite_Integrals,03_Definite_Integrals/Ses64b_Lecture_Notes.pdf
copied,01_Math/01_calculus/18.01sc-fall-2010/resources/mit18_01scf10_ses64c/data.json,01_Math/01_calculus/18.01sc-fall-2010/static_resources/d8e6f6997d2b7f4a09f823dfcad065cc_MIT18_01SCF10_Ses64c.pdf,MIT18_01SCF10_Ses64c.pdf,Lecture Notes,03_Definite_Integrals,03_Definite_Integrals/Ses64c_Lecture_Notes.pdf
copied,01_Math/01_calculus/18.01sc-fall-2010/resources/mit18_01scf10_ses65a/data.json,01_Math/01_calculus/18.01sc-fall-2010/static_resources/8f010974972c100f3627d4d7d55aca35_MIT18_01SCF10_Ses65a.pdf,MIT18_01SCF10_Ses65a.pdf,Lecture Notes,03_Definite_Integrals,03_Definite_Integrals/Ses65a_Lecture_Notes.pdf
copied,01_Math/01_calculus/18.01sc-fall-2010/resources/mit18_01scf10_ses66a/data.json,01_Math/01_calculus/18.01sc-fall-2010/static_resources/bd410c3debd2ef06f041db5d0a55c56f_MIT18_01SCF10_Ses66a.pdf,MIT18_01SCF10_Ses66a.pdf,Lecture Notes,04_Techniques_of_Integration,04_Techniques_of_Integration/Ses66a_Lecture_Notes.pdf
copied,01_Math/01_calculus/18.01sc-fall-2010/resources/mit18_01scf10_ses66b/data.json,01_Math/01_calculus/18.01sc-fall-2010/static_resources/21d83f839bd50c9cc132f77d2bb4b093_MIT18_01SCF10_Ses66b.pdf,MIT18_01SCF10_Ses66b.pdf,Lecture Notes,04_Techniques_of_Integration,04_Techniques_of_Integration/Ses66b_Lecture_Notes.pdf
copied,01_Math/01_calculus/18.01sc-fall-2010/resources/mit18_01scf10_ses66c/data.json,01_Math/01_calculus/18.01sc-fall-2010/static_resources/8b141c535974d7b5c11dc2ca9fbb8fed_MIT18_01SCF10_Ses66c.pdf,MIT18_01SCF10_Ses66c.pdf,Lecture Notes,04_Techniques_of_Integration,04_Techniques_of_Integration/Ses66c_Lecture_Notes.pdf
copied,01_Math/01_calculus/18.01sc-fall-2010/resources/mit18_01scf10_ses66d/data.json,01_Math/01_calculus/18.01sc-fall-2010/static_resources/0a836d46dd8efde5207d9e0ae45792b1_MIT18_01SCF10_Ses66d.pdf,MIT18_01SCF10_Ses66d.pdf,Lecture Notes,04_Techniques_of_Integration,04_Techniques_of_Integration/Ses66d_Lecture_Notes.pdf
copied,01_Math/01_calculus/18.01sc-fall-2010/resources/mit18_01scf10_ses68a/data.json,01_Math/01_calculus/18.01sc-fall-2010/static_resources/24110cac2bff3cb632e69a79fd67d6ae_MIT18_01SCF10_Ses68a.pdf,MIT18_01SCF10_Ses68a.pdf,Lecture Notes,04_Techniques_of_Integration,04_Techniques_of_Integration/Ses68a_Lecture_Notes.pdf
copied,01_Math/01_calculus/18.01sc-fall-2010/resources/mit18_01scf10_ses68b/data.json,01_Math/01_calculus/18.01sc-fall-2010/static_resources/d756b28fd761d982a79b6f24a34fb2c6_MIT18_01SCF10_Ses68b.pdf,MIT18_01SCF10_Ses68b.pdf,Lecture Notes,04_Techniques_of_Integration,04_Techniques_of_Integration/Ses68b_Lecture_Notes.pdf
copied,01_Math/01_calculus/18.01sc-fall-2010/resources/mit18_01scf10_ses68c/data.json,01_Math/01_calculus/18.01sc-fall-2010/static_resources/d06be191dc8fe7aea6c0b4ef7e9e2d16_MIT18_01SCF10_Ses68c.pdf,MIT18_01SCF10_Ses68c.pdf,Lecture Notes,04_Techniques_of_Integration,04_Techniques_of_Integration/Ses68c_Lecture_Notes.pdf
copied,01_Math/01_calculus/18.01sc-fall-2010/resources/mit18_01scf10_ses68d/data.json,01_Math/01_calculus/18.01sc-fall-2010/static_resources/7f42e1903761541aa5a2c23ecc46fe7a_MIT18_01SCF10_Ses68d.pdf,MIT18_01SCF10_Ses68d.pdf,Lecture Notes,04_Techniques_of_Integration,04_Techniques_of_Integration/Ses68d_Lecture_Notes.pdf
copied,01_Math/01_calculus/18.01sc-fall-2010/resources/mit18_01scf10_ses69a/data.json,01_Math/01_calculus/18.01sc-fall-2010/static_resources/6cdd1829fb6fd7393cf913c012551d7f_MIT18_01SCF10_Ses69a.pdf,MIT18_01SCF10_Ses69a.pdf,Lecture Notes,04_Techniques_of_Integration,04_Techniques_of_Integration/Ses69a_Lecture_Notes.pdf
copied,01_Math/01_calculus/18.01sc-fall-2010/resources/mit18_01scf10_ses69b/data.json,01_Math/01_calculus/18.01sc-fall-2010/static_resources/c049421971b16bfee16828e88ea87496_MIT18_01SCF10_Ses69b.pdf,MIT18_01SCF10_Ses69b.pdf,Lecture Notes,04_Techniques_of_Integration,04_Techniques_of_Integration/Ses69b_Lecture_Notes.pdf
copied,01_Math/01_calculus/18.01sc-fall-2010/resources/mit18_01scf10_ses6a/data.json,01_Math/01_calculus/18.01sc-fall-2010/static_resources/1a66390a6b3d7adb27621ca4b0a2c534_MIT18_01SCF10_Ses6a.pdf,MIT18_01SCF10_Ses6a.pdf,Lecture Notes,01_Differentiation,01_Differentiation/Ses06a_Lecture_Notes.pdf
copied,01_Math/01_calculus/18.01sc-fall-2010/resources/mit18_01scf10_ses6b/data.json,01_Math/01_calculus/18.01sc-fall-2010/static_resources/19d6ff99de1d78c9a8416717c6ef6116_MIT18_01SCF10_Ses6b.pdf,MIT18_01SCF10_Ses6b.pdf,Lecture Notes,01_Differentiation,01_Differentiation/Ses06b_Lecture_Notes.pdf
copied,01_Math/01_calculus/18.01sc-fall-2010/resources/mit18_01scf10_ses70a/data.json,01_Math/01_calculus/18.01sc-fall-2010/static_resources/28c569c5d8e79b7e1a2be1755de42d25_MIT18_01SCF10_Ses70a.pdf,MIT18_01SCF10_Ses70a.pdf,Lecture Notes,04_Techniques_of_Integration,04_Techniques_of_Integration/Ses70a_Lecture_Notes.pdf
copied,01_Math/01_calculus/18.01sc-fall-2010/resources/mit18_01scf10_ses71a/data.json,01_Math/01_calculus/18.01sc-fall-2010/static_resources/361e135c566d33d2543b9aa1c9405f87_MIT18_01SCF10_Ses71a.pdf,MIT18_01SCF10_Ses71a.pdf,Lecture Notes,04_Techniques_of_Integration,04_Techniques_of_Integration/Ses71a_Lecture_Notes.pdf
copied,01_Math/01_calculus/18.01sc-fall-2010/resources/mit18_01scf10_ses71b/data.json,01_Math/01_calculus/18.01sc-fall-2010/static_resources/0246e09f749e8f2c509f5e9e5fab9818_MIT18_01SCF10_Ses71b.pdf,MIT18_01SCF10_Ses71b.pdf,Lecture Notes,04_Techniques_of_Integration,04_Techniques_of_Integration/Ses71b_Lecture_Notes.pdf
copied,01_Math/01_calculus/18.01sc-fall-2010/resources/mit18_01scf10_ses71c/data.json,01_Math/01_calculus/18.01sc-fall-2010/static_resources/7826f6f405872339b06e3e87b4ea291d_MIT18_01SCF10_Ses71c.pdf,MIT18_01SCF10_Ses71c.pdf,Lecture Notes,04_Techniques_of_Integration,04_Techniques_of_Integration/Ses71c_Lecture_Notes.pdf
copied,01_Math/01_calculus/18.01sc-fall-2010/resources/mit18_01scf10_ses71d/data.json,01_Math/01_calculus/18.01sc-fall-2010/static_resources/b87628b943b8b9eb87f9c355091b080e_MIT18_01SCF10_Ses71d.pdf,MIT18_01SCF10_Ses71d.pdf,Lecture Notes,04_Techniques_of_Integration,04_Techniques_of_Integration/Ses71d_Lecture_Notes.pdf
copied,01_Math/01_calculus/18.01sc-fall-2010/resources/mit18_01scf10_ses72a/data.json,01_Math/01_calculus/18.01sc-fall-2010/static_resources/fed451b06b0f0f2fdd3b680f8ba5ca70_MIT18_01SCF10_Ses72a.pdf,MIT18_01SCF10_Ses72a.pdf,Lecture Notes,04_Techniques_of_Integration,04_Techniques_of_Integration/Ses72a_Lecture_Notes.pdf
copied,01_Math/01_calculus/18.01sc-fall-2010/resources/mit18_01scf10_ses72b/data.json,01_Math/01_calculus/18.01sc-fall-2010/static_resources/b38610b62565b666eca180c95f751f4f_MIT18_01SCF10_Ses72b.pdf,MIT18_01SCF10_Ses72b.pdf,Lecture Notes,04_Techniques_of_Integration,04_Techniques_of_Integration/Ses72b_Lecture_Notes.pdf
copied,01_Math/01_calculus/18.01sc-fall-2010/resources/mit18_01scf10_ses72c/data.json,01_Math/01_calculus/18.01sc-fall-2010/static_resources/a1cbe60fc3cc55d452909adb6756d1c5_MIT18_01SCF10_Ses72c.pdf,MIT18_01SCF10_Ses72c.pdf,Lecture Notes,04_Techniques_of_Integration,04_Techniques_of_Integration/Ses72c_Lecture_Notes.pdf
copied,01_Math/01_calculus/18.01sc-fall-2010/resources/mit18_01scf10_ses73a/data.json,01_Math/01_calculus/18.01sc-fall-2010/static_resources/fb9139b81f463eaa67642bcc598c620b_MIT18_01SCF10_Ses73a.pdf,MIT18_01SCF10_Ses73a.pdf,Lecture Notes,04_Techniques_of_Integration,04_Techniques_of_Integration/Ses73a_Lecture_Notes.pdf
copied,01_Math/01_calculus/18.01sc-fall-2010/resources/mit18_01scf10_ses74a/data.json,01_Math/01_calculus/18.01sc-fall-2010/static_resources/6eea4c778beb1a4d20c09ff69aee364f_MIT18_01SCF10_Ses74a.pdf,MIT18_01SCF10_Ses74a.pdf,Lecture Notes,04_Techniques_of_Integration,04_Techniques_of_Integration/Ses74a_Lecture_Notes.pdf
copied,01_Math/01_calculus/18.01sc-fall-2010/resources/mit18_01scf10_ses74b/data.json,01_Math/01_calculus/18.01sc-fall-2010/static_resources/f5bfda06e197c3be37bb46cb27dd83db_MIT18_01SCF10_Ses74b.pdf,MIT18_01SCF10_Ses74b.pdf,Lecture Notes,04_Techniques_of_Integration,04_Techniques_of_Integration/Ses74b_Lecture_Notes.pdf
copied,01_Math/01_calculus/18.01sc-fall-2010/resources/mit18_01scf10_ses74c/data.json,01_Math/01_calculus/18.01sc-fall-2010/static_resources/fb05f2c841853ffbbd15d83c22c2055d_MIT18_01SCF10_Ses74c.pdf,MIT18_01SCF10_Ses74c.pdf,Lecture Notes,04_Techniques_of_Integration,04_Techniques_of_Integration/Ses74c_Lecture_Notes.pdf
copied,01_Math/01_calculus/18.01sc-fall-2010/resources/mit18_01scf10_ses75a/data.json,01_Math/01_calculus/18.01sc-fall-2010/static_resources/3b3d89940e5c01c44288a15fa6a15a00_MIT18_01SCF10_Ses75a.pdf,MIT18_01SCF10_Ses75a.pdf,Lecture Notes,04_Techniques_of_Integration,04_Techniques_of_Integration/Ses75a_Lecture_Notes.pdf
copied,01_Math/01_calculus/18.01sc-fall-2010/resources/mit18_01scf10_ses75b/data.json,01_Math/01_calculus/18.01sc-fall-2010/static_resources/8a0cc337ce7bb237837147c9fffad4a5_MIT18_01SCF10_Ses75b.pdf,MIT18_01SCF10_Ses75b.pdf,Lecture Notes,04_Techniques_of_Integration,04_Techniques_of_Integration/Ses75b_Lecture_Notes.pdf
copied,01_Math/01_calculus/18.01sc-fall-2010/resources/mit18_01scf10_ses75c/data.json,01_Math/01_calculus/18.01sc-fall-2010/static_resources/cff6b7427fb9066272f65361fa59aa83_MIT18_01SCF10_Ses75c.pdf,MIT18_01SCF10_Ses75c.pdf,Lecture Notes,04_Techniques_of_Integration,04_Techniques_of_Integration/Ses75c_Lecture_Notes.pdf
copied,01_Math/01_calculus/18.01sc-fall-2010/resources/mit18_01scf10_ses75d/data.json,01_Math/01_calculus/18.01sc-fall-2010/static_resources/9dc35202a67d316ecff8020ad5ab5f80_MIT18_01SCF10_Ses75d.pdf,MIT18_01SCF10_Ses75d.pdf,Lecture Notes,04_Techniques_of_Integration,04_Techniques_of_Integration/Ses75d_Lecture_Notes.pdf
copied,01_Math/01_calculus/18.01sc-fall-2010/resources/mit18_01scf10_ses76a/data.json,01_Math/01_calculus/18.01sc-fall-2010/static_resources/2516a0cdd9a1bb90e78336cf11d556fe_MIT18_01SCF10_Ses76a.pdf,MIT18_01SCF10_Ses76a.pdf,Lecture Notes,04_Techniques_of_Integration,04_Techniques_of_Integration/Ses76a_Lecture_Notes.pdf
copied,01_Math/01_calculus/18.01sc-fall-2010/resources/mit18_01scf10_ses76b/data.json,01_Math/01_calculus/18.01sc-fall-2010/static_resources/63e79bee226f88b7aa27482bbef0713f_MIT18_01SCF10_Ses76b.pdf,MIT18_01SCF10_Ses76b.pdf,Lecture Notes,04_Techniques_of_Integration,04_Techniques_of_Integration/Ses76b_Lecture_Notes.pdf
copied,01_Math/01_calculus/18.01sc-fall-2010/resources/mit18_01scf10_ses76c/data.json,01_Math/01_calculus/18.01sc-fall-2010/static_resources/ef17da9345cdba981a582b8658799a4e_MIT18_01SCF10_Ses76c.pdf,MIT18_01SCF10_Ses76c.pdf,Lecture Notes,04_Techniques_of_Integration,04_Techniques_of_Integration/Ses76c_Lecture_Notes.pdf
copied,01_Math/01_calculus/18.01sc-fall-2010/resources/mit18_01scf10_ses76d/data.json,01_Math/01_calculus/18.01sc-fall-2010/static_resources/a763731db0c35193e31e3c7fedc378fd_MIT18_01SCF10_Ses76d.pdf,MIT18_01SCF10_Ses76d.pdf,Lecture Notes,04_Techniques_of_Integration,04_Techniques_of_Integration/Ses76d_Lecture_Notes.pdf
copied,01_Math/01_calculus/18.01sc-fall-2010/resources/mit18_01scf10_ses76e/data.json,01_Math/01_calculus/18.01sc-fall-2010/static_resources/326abc19e334ea879a2c03b2171648ad_MIT18_01SCF10_Ses76e.pdf,MIT18_01SCF10_Ses76e.pdf,Lecture Notes,04_Techniques_of_Integration,04_Techniques_of_Integration/Ses76e_Lecture_Notes.pdf
copied,01_Math/01_calculus/18.01sc-fall-2010/resources/mit18_01scf10_ses77a/data.json,01_Math/01_calculus/18.01sc-fall-2010/static_resources/ad3a19fc151451ab0a8784d6076db55f_MIT18_01SCF10_Ses77a.pdf,MIT18_01SCF10_Ses77a.pdf,Lecture Notes,04_Techniques_of_Integration,04_Techniques_of_Integration/Ses77a_Lecture_Notes.pdf
copied,01_Math/01_calculus/18.01sc-fall-2010/resources/mit18_01scf10_ses77b/data.json,01_Math/01_calculus/18.01sc-fall-2010/static_resources/0e7db8a31431750b188e8750d34ef8d4_MIT18_01SCF10_Ses77b.pdf,MIT18_01SCF10_Ses77b.pdf,Lecture Notes,04_Techniques_of_Integration,04_Techniques_of_Integration/Ses77b_Lecture_Notes.pdf
copied,01_Math/01_calculus/18.01sc-fall-2010/resources/mit18_01scf10_ses78a/data.json,01_Math/01_calculus/18.01sc-fall-2010/static_resources/6a49976889ea6a91722f0caf8e32c828_MIT18_01SCF10_Ses78a.pdf,MIT18_01SCF10_Ses78a.pdf,Lecture Notes,04_Techniques_of_Integration,04_Techniques_of_Integration/Ses78a_Lecture_Notes.pdf
copied,01_Math/01_calculus/18.01sc-fall-2010/resources/mit18_01scf10_ses78b/data.json,01_Math/01_calculus/18.01sc-fall-2010/static_resources/a6c9549714d36c8363bd7cace8382579_MIT18_01SCF10_Ses78b.pdf,MIT18_01SCF10_Ses78b.pdf,Lecture Notes,04_Techniques_of_Integration,04_Techniques_of_Integration/Ses78b_Lecture_Notes.pdf
copied,01_Math/01_calculus/18.01sc-fall-2010/resources/mit18_01scf10_ses78c/data.json,01_Math/01_calculus/18.01sc-fall-2010/static_resources/7520a365f27cd00445012bd383d7b9ed_MIT18_01SCF10_Ses78c.pdf,MIT18_01SCF10_Ses78c.pdf,Lecture Notes,04_Techniques_of_Integration,04_Techniques_of_Integration/Ses78c_Lecture_Notes.pdf
copied,01_Math/01_calculus/18.01sc-fall-2010/resources/mit18_01scf10_ses78d/data.json,01_Math/01_calculus/18.01sc-fall-2010/static_resources/7f65f0e56a0941f3720dc79b89c6de37_MIT18_01SCF10_Ses78d.pdf,MIT18_01SCF10_Ses78d.pdf,Lecture Notes,04_Techniques_of_Integration,04_Techniques_of_Integration/Ses78d_Lecture_Notes.pdf
copied,01_Math/01_calculus/18.01sc-fall-2010/resources/mit18_01scf10_ses79a/data.json,01_Math/01_calculus/18.01sc-fall-2010/static_resources/2e10076b7745ad54a6fe43a52a7d043c_MIT18_01SCF10_Ses79a.pdf,MIT18_01SCF10_Ses79a.pdf,Lecture Notes,04_Techniques_of_Integration,04_Techniques_of_Integration/Ses79a_Lecture_Notes.pdf
copied,01_Math/01_calculus/18.01sc-fall-2010/resources/mit18_01scf10_ses79b/data.json,01_Math/01_calculus/18.01sc-fall-2010/static_resources/dd3b0303c4dd500cacac6ad061548b48_MIT18_01SCF10_Ses79b.pdf,MIT18_01SCF10_Ses79b.pdf,Lecture Notes,04_Techniques_of_Integration,04_Techniques_of_Integration/Ses79b_Lecture_Notes.pdf
copied,01_Math/01_calculus/18.01sc-fall-2010/resources/mit18_01scf10_ses7a/data.json,01_Math/01_calculus/18.01sc-fall-2010/static_resources/dfa14ed61544748587c83f9b46f43c28_MIT18_01SCF10_Ses7a.pdf,MIT18_01SCF10_Ses7a.pdf,Lecture Notes,01_Differentiation,01_Differentiation/Ses07a_Lecture_Notes.pdf
copied,01_Math/01_calculus/18.01sc-fall-2010/resources/mit18_01scf10_ses7b/data.json,01_Math/01_calculus/18.01sc-fall-2010/static_resources/5e568f34e774d2a56b3fbc07335a5fbb_MIT18_01SCF10_Ses7b.pdf,MIT18_01SCF10_Ses7b.pdf,Lecture Notes,01_Differentiation,01_Differentiation/Ses07b_Lecture_Notes.pdf
copied,01_Math/01_calculus/18.01sc-fall-2010/resources/mit18_01scf10_ses80a/data.json,01_Math/01_calculus/18.01sc-fall-2010/static_resources/8dfde3740446696d8d98f6ce2d33de03_MIT18_01SCF10_Ses80a.pdf,MIT18_01SCF10_Ses80a.pdf,Lecture Notes,04_Techniques_of_Integration,04_Techniques_of_Integration/Ses80a_Lecture_Notes.pdf
copied,01_Math/01_calculus/18.01sc-fall-2010/resources/mit18_01scf10_ses80b/data.json,01_Math/01_calculus/18.01sc-fall-2010/static_resources/07a045412b6c1539c2d0c4a757a8c964_MIT18_01SCF10_Ses80b.pdf,MIT18_01SCF10_Ses80b.pdf,Lecture Notes,04_Techniques_of_Integration,04_Techniques_of_Integration/Ses80b_Lecture_Notes.pdf
copied,01_Math/01_calculus/18.01sc-fall-2010/resources/mit18_01scf10_ses80c/data.json,01_Math/01_calculus/18.01sc-fall-2010/static_resources/72fb39fd1936c1c48848fa9658285497_MIT18_01SCF10_Ses80c.pdf,MIT18_01SCF10_Ses80c.pdf,Lecture Notes,04_Techniques_of_Integration,04_Techniques_of_Integration/Ses80c_Lecture_Notes.pdf
copied,01_Math/01_calculus/18.01sc-fall-2010/resources/mit18_01scf10_ses81a/data.json,01_Math/01_calculus/18.01sc-fall-2010/static_resources/f6b80bf9237279fe2b9dd35275ad8f74_MIT18_01SCF10_Ses81a.pdf,MIT18_01SCF10_Ses81a.pdf,Lecture Notes,04_Techniques_of_Integration,04_Techniques_of_Integration/Ses81a_Lecture_Notes.pdf
copied,01_Math/01_calculus/18.01sc-fall-2010/resources/mit18_01scf10_ses81b/data.json,01_Math/01_calculus/18.01sc-fall-2010/static_resources/1fde91f9aaff3f81a3e226a634fbcb73_MIT18_01SCF10_Ses81b.pdf,MIT18_01SCF10_Ses81b.pdf,Lecture Notes,04_Techniques_of_Integration,04_Techniques_of_Integration/Ses81b_Lecture_Notes.pdf
copied,01_Math/01_calculus/18.01sc-fall-2010/resources/mit18_01scf10_ses82a/data.json,01_Math/01_calculus/18.01sc-fall-2010/static_resources/28e29ec35ff9af85cb9ba7f176f3c41b_MIT18_01SCF10_Ses82a.pdf,MIT18_01SCF10_Ses82a.pdf,Lecture Notes,04_Techniques_of_Integration,04_Techniques_of_Integration/Ses82a_Lecture_Notes.pdf
copied,01_Math/01_calculus/18.01sc-fall-2010/resources/mit18_01scf10_ses82b/data.json,01_Math/01_calculus/18.01sc-fall-2010/static_resources/314dbc6c5650dbaa248f396fd5226034_MIT18_01SCF10_Ses82b.pdf,MIT18_01SCF10_Ses82b.pdf,Lecture Notes,04_Techniques_of_Integration,04_Techniques_of_Integration/Ses82b_Lecture_Notes.pdf
copied,01_Math/01_calculus/18.01sc-fall-2010/resources/mit18_01scf10_ses82c/data.json,01_Math/01_calculus/18.01sc-fall-2010/static_resources/e47d40e3addca4b7f5df82df71e748a9_MIT18_01SCF10_Ses82c.pdf,MIT18_01SCF10_Ses82c.pdf,Lecture Notes,04_Techniques_of_Integration,04_Techniques_of_Integration/Ses82c_Lecture_Notes.pdf
copied,01_Math/01_calculus/18.01sc-fall-2010/resources/mit18_01scf10_ses82d/data.json,01_Math/01_calculus/18.01sc-fall-2010/static_resources/ff8afc03e73e71fbf141c3c2ba7dbea7_MIT18_01SCF10_Ses82d.pdf,MIT18_01SCF10_Ses82d.pdf,Lecture Notes,04_Techniques_of_Integration,04_Techniques_of_Integration/Ses82d_Lecture_Notes.pdf
copied,01_Math/01_calculus/18.01sc-fall-2010/resources/mit18_01scf10_ses83a/data.json,01_Math/01_calculus/18.01sc-fall-2010/static_resources/478c26455ea963b7ba6bf795d6f4ecfc_MIT18_01SCF10_Ses83a.pdf,MIT18_01SCF10_Ses83a.pdf,Lecture Notes,04_Techniques_of_Integration,04_Techniques_of_Integration/Ses83a_Lecture_Notes.pdf
copied,01_Math/01_calculus/18.01sc-fall-2010/resources/mit18_01scf10_ses83b/data.json,01_Math/01_calculus/18.01sc-fall-2010/static_resources/545fbd5776098bdc96b6cdc702211d7b_MIT18_01SCF10_Ses83b.pdf,MIT18_01SCF10_Ses83b.pdf,Lecture Notes,04_Techniques_of_Integration,04_Techniques_of_Integration/Ses83b_Lecture_Notes.pdf
copied,01_Math/01_calculus/18.01sc-fall-2010/resources/mit18_01scf10_ses84a/data.json,01_Math/01_calculus/18.01sc-fall-2010/static_resources/c1688473d6e7a2a6cacaefdc456bf102_MIT18_01SCF10_Ses84a.pdf,MIT18_01SCF10_Ses84a.pdf,Lecture Notes,04_Techniques_of_Integration,04_Techniques_of_Integration/Ses84a_Lecture_Notes.pdf
copied,01_Math/01_calculus/18.01sc-fall-2010/resources/mit18_01scf10_ses84b/data.json,01_Math/01_calculus/18.01sc-fall-2010/static_resources/af708d30978df0829e683d5ad3173cd6_MIT18_01SCF10_Ses84b.pdf,MIT18_01SCF10_Ses84b.pdf,Lecture Notes,04_Techniques_of_Integration,04_Techniques_of_Integration/Ses84b_Lecture_Notes.pdf
copied,01_Math/01_calculus/18.01sc-fall-2010/resources/mit18_01scf10_ses84c/data.json,01_Math/01_calculus/18.01sc-fall-2010/static_resources/958d7ea5f505b8ed797787befee0e4a4_MIT18_01SCF10_Ses84c.pdf,MIT18_01SCF10_Ses84c.pdf,Lecture Notes,04_Techniques_of_Integration,04_Techniques_of_Integration/Ses84c_Lecture_Notes.pdf
copied,01_Math/01_calculus/18.01sc-fall-2010/resources/mit18_01scf10_ses85a/data.json,01_Math/01_calculus/18.01sc-fall-2010/static_resources/fb19b1a2136ea6b6884baf5aa83e09c4_MIT18_01SCF10_Ses85a.pdf,MIT18_01SCF10_Ses85a.pdf,Lecture Notes,04_Techniques_of_Integration,04_Techniques_of_Integration/Ses85a_Lecture_Notes.pdf
copied,01_Math/01_calculus/18.01sc-fall-2010/resources/mit18_01scf10_ses85b/data.json,01_Math/01_calculus/18.01sc-fall-2010/static_resources/f0894469b98e99a209ff44ebf8d87cfa_MIT18_01SCF10_Ses85b.pdf,MIT18_01SCF10_Ses85b.pdf,Lecture Notes,04_Techniques_of_Integration,04_Techniques_of_Integration/Ses85b_Lecture_Notes.pdf
copied,01_Math/01_calculus/18.01sc-fall-2010/resources/mit18_01scf10_ses85c/data.json,01_Math/01_calculus/18.01sc-fall-2010/static_resources/a1a3728fe67e741b23a12bc24d01954b_MIT18_01SCF10_Ses85c.pdf,MIT18_01SCF10_Ses85c.pdf,Lecture Notes,04_Techniques_of_Integration,04_Techniques_of_Integration/Ses85c_Lecture_Notes.pdf
copied,01_Math/01_calculus/18.01sc-fall-2010/resources/mit18_01scf10_ses87a/data.json,01_Math/01_calculus/18.01sc-fall-2010/static_resources/1272ef668d6d89eba3a6c00286240acb_MIT18_01SCF10_Ses87a.pdf,MIT18_01SCF10_Ses87a.pdf,Lecture Notes,05_Infinite_Series_and_Improper_Integrals,05_Infinite_Series_and_Improper_Integrals/Ses87a_Lecture_Notes.pdf
copied,01_Math/01_calculus/18.01sc-fall-2010/resources/mit18_01scf10_ses87b/data.json,01_Math/01_calculus/18.01sc-fall-2010/static_resources/75ee38ddaf6350656812e94a7bebe32d_MIT18_01SCF10_Ses87b.pdf,MIT18_01SCF10_Ses87b.pdf,Lecture Notes,05_Infinite_Series_and_Improper_Integrals,05_Infinite_Series_and_Improper_Integrals/Ses87b_Lecture_Notes.pdf
copied,01_Math/01_calculus/18.01sc-fall-2010/resources/mit18_01scf10_ses87c/data.json,01_Math/01_calculus/18.01sc-fall-2010/static_resources/6427133502cdbcd99dfb974e13aa9d3e_MIT18_01SCF10_Ses87c.pdf,MIT18_01SCF10_Ses87c.pdf,Lecture Notes,05_Infinite_Series_and_Improper_Integrals,05_Infinite_Series_and_Improper_Integrals/Ses87c_Lecture_Notes.pdf
copied,01_Math/01_calculus/18.01sc-fall-2010/resources/mit18_01scf10_ses87d/data.json,01_Math/01_calculus/18.01sc-fall-2010/static_resources/f3b4a479d7372657961c56569ef89883_MIT18_01SCF10_Ses87d.pdf,MIT18_01SCF10_Ses87d.pdf,Problem Sets,06_Problem_Sets,06_Problem_Sets/Ses87d_Problems.pdf
copied,01_Math/01_calculus/18.01sc-fall-2010/resources/mit18_01scf10_ses88a/data.json,01_Math/01_calculus/18.01sc-fall-2010/static_resources/ee82d7563622fa5e8180d2938d4c62e7_MIT18_01SCF10_Ses88a.pdf,MIT18_01SCF10_Ses88a.pdf,Lecture Notes,05_Infinite_Series_and_Improper_Integrals,05_Infinite_Series_and_Improper_Integrals/Ses88a_Lecture_Notes.pdf
copied,01_Math/01_calculus/18.01sc-fall-2010/resources/mit18_01scf10_ses88b/data.json,01_Math/01_calculus/18.01sc-fall-2010/static_resources/98e9e2eba406e051a6a8899bd404c886_MIT18_01SCF10_Ses88b.pdf,MIT18_01SCF10_Ses88b.pdf,Lecture Notes,05_Infinite_Series_and_Improper_Integrals,05_Infinite_Series_and_Improper_Integrals/Ses88b_Lecture_Notes.pdf
copied,01_Math/01_calculus/18.01sc-fall-2010/resources/mit18_01scf10_ses88c/data.json,01_Math/01_calculus/18.01sc-fall-2010/static_resources/a106982e10c2e7869b8eb34823408739_MIT18_01SCF10_Ses88c.pdf,MIT18_01SCF10_Ses88c.pdf,Lecture Notes,05_Infinite_Series_and_Improper_Integrals,05_Infinite_Series_and_Improper_Integrals/Ses88c_Lecture_Notes.pdf
copied,01_Math/01_calculus/18.01sc-fall-2010/resources/mit18_01scf10_ses88d/data.json,01_Math/01_calculus/18.01sc-fall-2010/static_resources/087fa3b146bb594e84a92a55e4e336dc_MIT18_01SCF10_Ses88d.pdf,MIT18_01SCF10_Ses88d.pdf,Lecture Notes,05_Infinite_Series_and_Improper_Integrals,05_Infinite_Series_and_Improper_Integrals/Ses88d_Lecture_Notes.pdf
copied,01_Math/01_calculus/18.01sc-fall-2010/resources/mit18_01scf10_ses89a/data.json,01_Math/01_calculus/18.01sc-fall-2010/static_resources/d98016dcc13f1485fbdd9d23b36ed376_MIT18_01SCF10_Ses89a.pdf,MIT18_01SCF10_Ses89a.pdf,Lecture Notes,05_Infinite_Series_and_Improper_Integrals,05_Infinite_Series_and_Improper_Integrals/Ses89a_Lecture_Notes.pdf
copied,01_Math/01_calculus/18.01sc-fall-2010/resources/mit18_01scf10_ses89b/data.json,01_Math/01_calculus/18.01sc-fall-2010/static_resources/2c20d1536b34162e85f0a8c2d4e405f5_MIT18_01SCF10_Ses89b.pdf,MIT18_01SCF10_Ses89b.pdf,Lecture Notes,05_Infinite_Series_and_Improper_Integrals,05_Infinite_Series_and_Improper_Integrals/Ses89b_Lecture_Notes.pdf
copied,01_Math/01_calculus/18.01sc-fall-2010/resources/mit18_01scf10_ses89c/data.json,01_Math/01_calculus/18.01sc-fall-2010/static_resources/9c9fed8a05ffaec6b597ca77756bb91f_MIT18_01SCF10_Ses89c.pdf,MIT18_01SCF10_Ses89c.pdf,Lecture Notes,05_Infinite_Series_and_Improper_Integrals,05_Infinite_Series_and_Improper_Integrals/Ses89c_Lecture_Notes.pdf
copied,01_Math/01_calculus/18.01sc-fall-2010/resources/mit18_01scf10_ses8a/data.json,01_Math/01_calculus/18.01sc-fall-2010/static_resources/fecace15f6060acc444dd977ee45abb0_MIT18_01SCF10_Ses8a.pdf,MIT18_01SCF10_Ses8a.pdf,Lecture Notes,01_Differentiation,01_Differentiation/Ses08a_Lecture_Notes.pdf
copied,01_Math/01_calculus/18.01sc-fall-2010/resources/mit18_01scf10_ses8b/data.json,01_Math/01_calculus/18.01sc-fall-2010/static_resources/71f2919b73798dcb3005a14d6e9f3a02_MIT18_01SCF10_Ses8b.pdf,MIT18_01SCF10_Ses8b.pdf,Lecture Notes,01_Differentiation,01_Differentiation/Ses08b_Lecture_Notes.pdf
copied,01_Math/01_calculus/18.01sc-fall-2010/resources/mit18_01scf10_ses8c/data.json,01_Math/01_calculus/18.01sc-fall-2010/static_resources/fbda3f72a5192d956ee948b351839f06_MIT18_01SCF10_Ses8c.pdf,MIT18_01SCF10_Ses8c.pdf,Lecture Notes,01_Differentiation,01_Differentiation/Ses08c_Lecture_Notes.pdf
copied,01_Math/01_calculus/18.01sc-fall-2010/resources/mit18_01scf10_ses8d/data.json,01_Math/01_calculus/18.01sc-fall-2010/static_resources/cdf3c67774773f33450ecbdc6f79d579_MIT18_01SCF10_Ses8d.pdf,MIT18_01SCF10_Ses8d.pdf,Lecture Notes,01_Differentiation,01_Differentiation/Ses08d_Lecture_Notes.pdf
copied,01_Math/01_calculus/18.01sc-fall-2010/resources/mit18_01scf10_ses90a/data.json,01_Math/01_calculus/18.01sc-fall-2010/static_resources/a836267e97f450ae2bc7588b73a9ffc6_MIT18_01SCF10_Ses90a.pdf,MIT18_01SCF10_Ses90a.pdf,Lecture Notes,05_Infinite_Series_and_Improper_Integrals,05_Infinite_Series_and_Improper_Integrals/Ses90a_Lecture_Notes.pdf
copied,01_Math/01_calculus/18.01sc-fall-2010/resources/mit18_01scf10_ses90b/data.json,01_Math/01_calculus/18.01sc-fall-2010/static_resources/00e62d6174ee8ef6f1338fa9c266bae1_MIT18_01SCF10_Ses90b.pdf,MIT18_01SCF10_Ses90b.pdf,,05_Infinite_Series_and_Improper_Integrals,05_Infinite_Series_and_Improper_Integrals/Ses90b_Lecture_Notes.pdf
copied,01_Math/01_calculus/18.01sc-fall-2010/resources/mit18_01scf10_ses90c/data.json,01_Math/01_calculus/18.01sc-fall-2010/static_resources/80e1548d9a1a19c8fddafc6834462ac9_MIT18_01SCF10_Ses90c.pdf,MIT18_01SCF10_Ses90c.pdf,,05_Infinite_Series_and_Improper_Integrals,05_Infinite_Series_and_Improper_Integrals/Ses90c_Lecture_Notes.pdf
copied,01_Math/01_calculus/18.01sc-fall-2010/resources/mit18_01scf10_ses91a/data.json,01_Math/01_calculus/18.01sc-fall-2010/static_resources/b0cf17a86efe52b18ca1b1b9450a65e4_MIT18_01SCF10_Ses91a.pdf,MIT18_01SCF10_Ses91a.pdf,Lecture Notes,05_Infinite_Series_and_Improper_Integrals,05_Infinite_Series_and_Improper_Integrals/Ses91a_Lecture_Notes.pdf
copied,01_Math/01_calculus/18.01sc-fall-2010/resources/mit18_01scf10_ses91b/data.json,01_Math/01_calculus/18.01sc-fall-2010/static_resources/367637b0b2bd20a74315ce8b233ef4e3_MIT18_01SCF10_Ses91b.pdf,MIT18_01SCF10_Ses91b.pdf,Lecture Notes,05_Infinite_Series_and_Improper_Integrals,05_Infinite_Series_and_Improper_Integrals/Ses91b_Lecture_Notes.pdf
copied,01_Math/01_calculus/18.01sc-fall-2010/resources/mit18_01scf10_ses91c/data.json,01_Math/01_calculus/18.01sc-fall-2010/static_resources/84dd90e10f6a430c4880d3ef2b74e654_MIT18_01SCF10_Ses91c.pdf,MIT18_01SCF10_Ses91c.pdf,Lecture Notes,05_Infinite_Series_and_Improper_Integrals,05_Infinite_Series_and_Improper_Integrals/Ses91c_Lecture_Notes.pdf
copied,01_Math/01_calculus/18.01sc-fall-2010/resources/mit18_01scf10_ses91d/data.json,01_Math/01_calculus/18.01sc-fall-2010/static_resources/3436435ea9b2f8a9ce0ea837d1e64217_MIT18_01SCF10_Ses91d.pdf,MIT18_01SCF10_Ses91d.pdf,Lecture Notes,05_Infinite_Series_and_Improper_Integrals,05_Infinite_Series_and_Improper_Integrals/Ses91d_Lecture_Notes.pdf
copied,01_Math/01_calculus/18.01sc-fall-2010/resources/mit18_01scf10_ses91e/data.json,01_Math/01_calculus/18.01sc-fall-2010/static_resources/ff71b3c9398957eca43864994760b4a7_MIT18_01SCF10_Ses91e.pdf,MIT18_01SCF10_Ses91e.pdf,Lecture Notes,05_Infinite_Series_and_Improper_Integrals,05_Infinite_Series_and_Improper_Integrals/Ses91e_Lecture_Notes.pdf
copied,01_Math/01_calculus/18.01sc-fall-2010/resources/mit18_01scf10_ses92a/data.json,01_Math/01_calculus/18.01sc-fall-2010/static_resources/d0076e85a10312808e7fb4b1bad3c6ba_MIT18_01SCF10_Ses92a.pdf,MIT18_01SCF10_Ses92a.pdf,Lecture Notes,05_Infinite_Series_and_Improper_Integrals,05_Infinite_Series_and_Improper_Integrals/Ses92a_Lecture_Notes.pdf
copied,01_Math/01_calculus/18.01sc-fall-2010/resources/mit18_01scf10_ses92b/data.json,01_Math/01_calculus/18.01sc-fall-2010/static_resources/dc8312d28d47742242c9c84b8b8f4925_MIT18_01SCF10_Ses92b.pdf,MIT18_01SCF10_Ses92b.pdf,Lecture Notes,05_Infinite_Series_and_Improper_Integrals,05_Infinite_Series_and_Improper_Integrals/Ses92b_Lecture_Notes.pdf
copied,01_Math/01_calculus/18.01sc-fall-2010/resources/mit18_01scf10_ses92c/data.json,01_Math/01_calculus/18.01sc-fall-2010/static_resources/5b2a4c9e8a966c8aab9f7e8a347a5401_MIT18_01SCF10_Ses92c.pdf,MIT18_01SCF10_Ses92c.pdf,Lecture Notes,05_Infinite_Series_and_Improper_Integrals,05_Infinite_Series_and_Improper_Integrals/Ses92c_Lecture_Notes.pdf
copied,01_Math/01_calculus/18.01sc-fall-2010/resources/mit18_01scf10_ses93a/data.json,01_Math/01_calculus/18.01sc-fall-2010/static_resources/7bb947636ab18b0887457c00209ab38e_MIT18_01SCF10_Ses93a.pdf,MIT18_01SCF10_Ses93a.pdf,Lecture Notes,05_Infinite_Series_and_Improper_Integrals,05_Infinite_Series_and_Improper_Integrals/Ses93a_Lecture_Notes.pdf
copied,01_Math/01_calculus/18.01sc-fall-2010/resources/mit18_01scf10_ses93b/data.json,01_Math/01_calculus/18.01sc-fall-2010/static_resources/d19310b79b987c8698b3e1727e9cd2f7_MIT18_01SCF10_Ses93b.pdf,MIT18_01SCF10_Ses93b.pdf,Lecture Notes,05_Infinite_Series_and_Improper_Integrals,05_Infinite_Series_and_Improper_Integrals/Ses93b_Lecture_Notes.pdf
copied,01_Math/01_calculus/18.01sc-fall-2010/resources/mit18_01scf10_ses93c/data.json,01_Math/01_calculus/18.01sc-fall-2010/static_resources/04e2737be62ce9ce43a7286b69adac9e_MIT18_01SCF10_Ses93c.pdf,MIT18_01SCF10_Ses93c.pdf,Lecture Notes,05_Infinite_Series_and_Improper_Integrals,05_Infinite_Series_and_Improper_Integrals/Ses93c_Lecture_Notes.pdf
copied,01_Math/01_calculus/18.01sc-fall-2010/resources/mit18_01scf10_ses93d/data.json,01_Math/01_calculus/18.01sc-fall-2010/static_resources/69cbe9b226774e56effadc31c8195b97_MIT18_01SCF10_Ses93d.pdf,MIT18_01SCF10_Ses93d.pdf,,05_Infinite_Series_and_Improper_Integrals,05_Infinite_Series_and_Improper_Integrals/Ses93d_Lecture_Notes.pdf
copied,01_Math/01_calculus/18.01sc-fall-2010/resources/mit18_01scf10_ses94a/data.json,01_Math/01_calculus/18.01sc-fall-2010/static_resources/9191e0b55ca8bdd01c8977accbb6fb97_MIT18_01SCF10_Ses94a.pdf,MIT18_01SCF10_Ses94a.pdf,Lecture Notes,05_Infinite_Series_and_Improper_Integrals,05_Infinite_Series_and_Improper_Integrals/Ses94a_Lecture_Notes.pdf
copied,01_Math/01_calculus/18.01sc-fall-2010/resources/mit18_01scf10_ses94b/data.json,01_Math/01_calculus/18.01sc-fall-2010/static_resources/7f634131f74c6895fb9052843fe00f61_MIT18_01SCF10_Ses94b.pdf,MIT18_01SCF10_Ses94b.pdf,Lecture Notes,05_Infinite_Series_and_Improper_Integrals,05_Infinite_Series_and_Improper_Integrals/Ses94b_Lecture_Notes.pdf
copied,01_Math/01_calculus/18.01sc-fall-2010/resources/mit18_01scf10_ses94c/data.json,01_Math/01_calculus/18.01sc-fall-2010/static_resources/8eb6f949cdcfe1a4dca3ceab1a5e93e3_MIT18_01SCF10_Ses94c.pdf,MIT18_01SCF10_Ses94c.pdf,Lecture Notes,05_Infinite_Series_and_Improper_Integrals,05_Infinite_Series_and_Improper_Integrals/Ses94c_Lecture_Notes.pdf
copied,01_Math/01_calculus/18.01sc-fall-2010/resources/mit18_01scf10_ses94d/data.json,01_Math/01_calculus/18.01sc-fall-2010/static_resources/a33e8803b026a27b36c80382da80b2f8_MIT18_01SCF10_Ses94d.pdf,MIT18_01SCF10_Ses94d.pdf,Lecture Notes,05_Infinite_Series_and_Improper_Integrals,05_Infinite_Series_and_Improper_Integrals/Ses94d_Lecture_Notes.pdf
copied,01_Math/01_calculus/18.01sc-fall-2010/resources/mit18_01scf10_ses95a/data.json,01_Math/01_calculus/18.01sc-fall-2010/static_resources/e3ec4c9ca90c0b7a871aea15a88aee72_MIT18_01SCF10_Ses95a.pdf,MIT18_01SCF10_Ses95a.pdf,Lecture Notes,05_Infinite_Series_and_Improper_Integrals,05_Infinite_Series_and_Improper_Integrals/Ses95a_Lecture_Notes.pdf
copied,01_Math/01_calculus/18.01sc-fall-2010/resources/mit18_01scf10_ses95b/data.json,01_Math/01_calculus/18.01sc-fall-2010/static_resources/dd2325e1d0a486ca7e65b7e13c674595_MIT18_01SCF10_Ses95b.pdf,MIT18_01SCF10_Ses95b.pdf,Lecture Notes,05_Infinite_Series_and_Improper_Integrals,05_Infinite_Series_and_Improper_Integrals/Ses95b_Lecture_Notes.pdf
copied,01_Math/01_calculus/18.01sc-fall-2010/resources/mit18_01scf10_ses95c/data.json,01_Math/01_calculus/18.01sc-fall-2010/static_resources/a960e6b8441b5e3ec8acc385397c2fd6_MIT18_01SCF10_Ses95c.pdf,MIT18_01SCF10_Ses95c.pdf,Lecture Notes,05_Infinite_Series_and_Improper_Integrals,05_Infinite_Series_and_Improper_Integrals/Ses95c_Lecture_Notes.pdf
copied,01_Math/01_calculus/18.01sc-fall-2010/resources/mit18_01scf10_ses96a/data.json,01_Math/01_calculus/18.01sc-fall-2010/static_resources/aea2c390fd7bc5a7725ab5025f2779e8_MIT18_01SCF10_Ses96a.pdf,MIT18_01SCF10_Ses96a.pdf,Lecture Notes,05_Infinite_Series_and_Improper_Integrals,05_Infinite_Series_and_Improper_Integrals/Ses96a_Lecture_Notes.pdf
copied,01_Math/01_calculus/18.01sc-fall-2010/resources/mit18_01scf10_ses96b/data.json,01_Math/01_calculus/18.01sc-fall-2010/static_resources/2f7f68a91f8718c6c213641b6cae94b3_MIT18_01SCF10_Ses96b.pdf,MIT18_01SCF10_Ses96b.pdf,Lecture Notes,05_Infinite_Series_and_Improper_Integrals,05_Infinite_Series_and_Improper_Integrals/Ses96b_Lecture_Notes.pdf
copied,01_Math/01_calculus/18.01sc-fall-2010/resources/mit18_01scf10_ses97a/data.json,01_Math/01_calculus/18.01sc-fall-2010/static_resources/d6accb47e5fd104d2d512b08a8f60b6e_MIT18_01SCF10_Ses97a.pdf,MIT18_01SCF10_Ses97a.pdf,Lecture Notes,05_Infinite_Series_and_Improper_Integrals,05_Infinite_Series_and_Improper_Integrals/Ses97a_Lecture_Notes.pdf
copied,01_Math/01_calculus/18.01sc-fall-2010/resources/mit18_01scf10_ses97b/data.json,01_Math/01_calculus/18.01sc-fall-2010/static_resources/62c02f6a6b27c4b59766647cb8f423ca_MIT18_01SCF10_Ses97b.pdf,MIT18_01SCF10_Ses97b.pdf,Lecture Notes,05_Infinite_Series_and_Improper_Integrals,05_Infinite_Series_and_Improper_Integrals/Ses97b_Lecture_Notes.pdf
copied,01_Math/01_calculus/18.01sc-fall-2010/resources/mit18_01scf10_ses98a/data.json,01_Math/01_calculus/18.01sc-fall-2010/static_resources/1f7a71d62dea7f3b637daedb410854a0_MIT18_01SCF10_Ses98a.pdf,MIT18_01SCF10_Ses98a.pdf,Lecture Notes,05_Infinite_Series_and_Improper_Integrals,05_Infinite_Series_and_Improper_Integrals/Ses98a_Lecture_Notes.pdf
copied,01_Math/01_calculus/18.01sc-fall-2010/resources/mit18_01scf10_ses98b/data.json,01_Math/01_calculus/18.01sc-fall-2010/static_resources/25541a5e3579d1d5c52ad8ccd6b152ec_MIT18_01SCF10_Ses98b.pdf,MIT18_01SCF10_Ses98b.pdf,Lecture Notes,05_Infinite_Series_and_Improper_Integrals,05_Infinite_Series_and_Improper_Integrals/Ses98b_Lecture_Notes.pdf
copied,01_Math/01_calculus/18.01sc-fall-2010/resources/mit18_01scf10_ses98c/data.json,01_Math/01_calculus/18.01sc-fall-2010/static_resources/d46cad6ffad68cd670c7be2ad861f8d1_MIT18_01SCF10_Ses98c.pdf,MIT18_01SCF10_Ses98c.pdf,,05_Infinite_Series_and_Improper_Integrals,05_Infinite_Series_and_Improper_Integrals/Ses98c_Lecture_Notes.pdf
copied,01_Math/01_calculus/18.01sc-fall-2010/resources/mit18_01scf10_ses99a/data.json,01_Math/01_calculus/18.01sc-fall-2010/static_resources/2fb58393243807032b7905cbd6e8ce42_MIT18_01SCF10_Ses99a.pdf,MIT18_01SCF10_Ses99a.pdf,Lecture Notes,05_Infinite_Series_and_Improper_Integrals,05_Infinite_Series_and_Improper_Integrals/Ses99a_Lecture_Notes.pdf
copied,01_Math/01_calculus/18.01sc-fall-2010/resources/mit18_01scf10_ses99b/data.json,01_Math/01_calculus/18.01sc-fall-2010/static_resources/0d2a3329ac099f334a1d44c56fcbbf62_MIT18_01SCF10_Ses99b.pdf,MIT18_01SCF10_Ses99b.pdf,Lecture Notes,05_Infinite_Series_and_Improper_Integrals,05_Infinite_Series_and_Improper_Integrals/Ses99b_Lecture_Notes.pdf
copied,01_Math/01_calculus/18.01sc-fall-2010/resources/mit18_01scf10_ses99c/data.json,01_Math/01_calculus/18.01sc-fall-2010/static_resources/242ad6a22b86b20799afc7f207cd4271_MIT18_01SCF10_Ses99c.pdf,MIT18_01SCF10_Ses99c.pdf,Lecture Notes,05_Infinite_Series_and_Improper_Integrals,05_Infinite_Series_and_Improper_Integrals/Ses99c_Lecture_Notes.pdf
copied,01_Math/01_calculus/18.01sc-fall-2010/resources/mit18_01scf10_ses9a/data.json,01_Math/01_calculus/18.01sc-fall-2010/static_resources/b248c90cb7620c873e1781f41b217049_MIT18_01SCF10_Ses9a.pdf,MIT18_01SCF10_Ses9a.pdf,Lecture Notes,01_Differentiation,01_Differentiation/Ses09a_Lecture_Notes.pdf
copied,01_Math/01_calculus/18.01sc-fall-2010/resources/mit18_01scf10_ses9b/data.json,01_Math/01_calculus/18.01sc-fall-2010/static_resources/371b2467a3bb3b18e1e2cb1a83091968_MIT18_01SCF10_Ses9b.pdf,MIT18_01SCF10_Ses9b.pdf,Lecture Notes,01_Differentiation,01_Differentiation/Ses09b_Lecture_Notes.pdf
copied,01_Math/01_calculus/18.01sc-fall-2010/resources/mit18_01scf10_ses9c/data.json,01_Math/01_calculus/18.01sc-fall-2010/static_resources/ed51540e220b70070bea62f3b383cffa_MIT18_01SCF10_Ses9c.pdf,MIT18_01SCF10_Ses9c.pdf,Lecture Notes,01_Differentiation,01_Differentiation/Ses09c_Lecture_Notes.pdf
copied,01_Math/01_calculus/18.01sc-fall-2010/resources/mit18_10scf10_ses2d/data.json,01_Math/01_calculus/18.01sc-fall-2010/static_resources/b7a038cf84417db9072b4ad0f36f75ba_MIT18_10SCF10_Ses2d.pdf,MIT18_10SCF10_Ses2d.pdf,Lecture Notes,01_Differentiation,01_Differentiation/Ses02d_MIT18_10SCF10_Ses2d.pdf
copied,01_Math/01_calculus/18.01sc-fall-2010/resources/mk_0qhbunia-1/data.json,01_Math/01_calculus/18.01sc-fall-2010/static_resources/bf88a10d266a9853df82d9ee4f5b821c_MK_0QHbUnIA.pdf,3play pdf file,,90_Unclassified_or_Transcript_PDFs,90_Unclassified_or_Transcript_PDFs/MK_0QHbUnIA.pdf
copied,01_Math/01_calculus/18.01sc-fall-2010/resources/mk_0qhbunia-11/data.json,01_Math/01_calculus/18.01sc-fall-2010/static_resources/608aca936cfd092da9f109e7e323a068_MK_0QHbUnIA.pdf,3play pdf file,,90_Unclassified_or_Transcript_PDFs,90_Unclassified_or_Transcript_PDFs/MK_0QHbUnIA_2.pdf
copied,01_Math/01_calculus/18.01sc-fall-2010/resources/mk_0qhbunia-13/data.json,01_Math/01_calculus/18.01sc-fall-2010/static_resources/e04efef34b99a27390380ac42aace847_MK_0QHbUnIA.pdf,3play pdf file,,90_Unclassified_or_Transcript_PDFs,90_Unclassified_or_Transcript_PDFs/MK_0QHbUnIA_3.pdf
copied,01_Math/01_calculus/18.01sc-fall-2010/resources/mk_0qhbunia-15/data.json,01_Math/01_calculus/18.01sc-fall-2010/static_resources/15b37c29de7a3e6dc0a439ebefb73313_MK_0QHbUnIA.pdf,3play pdf file,,90_Unclassified_or_Transcript_PDFs,90_Unclassified_or_Transcript_PDFs/MK_0QHbUnIA_4.pdf
copied,01_Math/01_calculus/18.01sc-fall-2010/resources/mk_0qhbunia-17/data.json,01_Math/01_calculus/18.01sc-fall-2010/static_resources/714047cd6411371e28392e8cddf4dfb4_MK_0QHbUnIA.pdf,3play pdf file,,90_Unclassified_or_Transcript_PDFs,90_Unclassified_or_Transcript_PDFs/MK_0QHbUnIA_5.pdf
copied,01_Math/01_calculus/18.01sc-fall-2010/resources/mk_0qhbunia-19/data.json,01_Math/01_calculus/18.01sc-fall-2010/static_resources/ed9f0cd114dc8a3909b294439e565233_MK_0QHbUnIA.pdf,3play pdf file,,90_Unclassified_or_Transcript_PDFs,90_Unclassified_or_Transcript_PDFs/MK_0QHbUnIA_6.pdf
copied,01_Math/01_calculus/18.01sc-fall-2010/resources/mk_0qhbunia-21/data.json,01_Math/01_calculus/18.01sc-fall-2010/static_resources/b582d1694f0cc05b6fc760509fa37c0f_MK_0QHbUnIA.pdf,3play pdf file,,90_Unclassified_or_Transcript_PDFs,90_Unclassified_or_Transcript_PDFs/MK_0QHbUnIA_7.pdf
copied,01_Math/01_calculus/18.01sc-fall-2010/resources/mk_0qhbunia-3/data.json,01_Math/01_calculus/18.01sc-fall-2010/static_resources/344638ae0dfeb86f4fab4facc7a1c447_MK_0QHbUnIA.pdf,3play pdf file,,90_Unclassified_or_Transcript_PDFs,90_Unclassified_or_Transcript_PDFs/MK_0QHbUnIA_8.pdf
copied,01_Math/01_calculus/18.01sc-fall-2010/resources/mk_0qhbunia-5/data.json,01_Math/01_calculus/18.01sc-fall-2010/static_resources/e072413e2eb28504cecaa4416ec9918a_MK_0QHbUnIA.pdf,3play pdf file,,90_Unclassified_or_Transcript_PDFs,90_Unclassified_or_Transcript_PDFs/MK_0QHbUnIA_9.pdf
copied,01_Math/01_calculus/18.01sc-fall-2010/resources/mk_0qhbunia-7/data.json,01_Math/01_calculus/18.01sc-fall-2010/static_resources/24559b8cea3aae5fa87627c39825e07f_MK_0QHbUnIA.pdf,3play pdf file,,90_Unclassified_or_Transcript_PDFs,90_Unclassified_or_Transcript_PDFs/MK_0QHbUnIA_10.pdf
copied,01_Math/01_calculus/18.01sc-fall-2010/resources/mk_0qhbunia-9/data.json,01_Math/01_calculus/18.01sc-fall-2010/static_resources/9f79bd02fa8405ad840c3722ac5fb8d3_MK_0QHbUnIA.pdf,3play pdf file,,90_Unclassified_or_Transcript_PDFs,90_Unclassified_or_Transcript_PDFs/MK_0QHbUnIA_11.pdf
copied,01_Math/01_calculus/18.01sc-fall-2010/resources/myxmc7kojyy-1/data.json,01_Math/01_calculus/18.01sc-fall-2010/static_resources/e6878862760ff9733ece5ee288bcc701_MYXMC7koJyY.pdf,3play pdf file,,90_Unclassified_or_Transcript_PDFs,90_Unclassified_or_Transcript_PDFs/MYXMC7koJyY.pdf
copied,01_Math/01_calculus/18.01sc-fall-2010/resources/nbtaqtx6ja-1/data.json,01_Math/01_calculus/18.01sc-fall-2010/static_resources/dbae76a27a86f2ae03daee8095b7fc28_nbtaQtX6JA.pdf,3play pdf file,,90_Unclassified_or_Transcript_PDFs,90_Unclassified_or_Transcript_PDFs/nbtaQtX6JA.pdf
copied,01_Math/01_calculus/18.01sc-fall-2010/resources/nv3c7q88mqa-1/data.json,01_Math/01_calculus/18.01sc-fall-2010/static_resources/e48836bbd9b9e752abf7696e3653d016_Nv3C7q88MqA.pdf,3play pdf file,,90_Unclassified_or_Transcript_PDFs,90_Unclassified_or_Transcript_PDFs/Nv3C7q88MqA.pdf
copied,01_Math/01_calculus/18.01sc-fall-2010/resources/otto3qp0z-i-1/data.json,01_Math/01_calculus/18.01sc-fall-2010/static_resources/da86e5f3846a66ff672c12cf75a4ee10_oTTo3qP0Z-I.pdf,3play pdf file,,90_Unclassified_or_Transcript_PDFs,90_Unclassified_or_Transcript_PDFs/oTTo3qP0Z_I.pdf
copied,01_Math/01_calculus/18.01sc-fall-2010/resources/owkmzpn8wdc-1/data.json,01_Math/01_calculus/18.01sc-fall-2010/static_resources/17c025c03b8d153d19bf123b75f828f5_owkMzpN8WDc.pdf,3play pdf file,,90_Unclassified_or_Transcript_PDFs,90_Unclassified_or_Transcript_PDFs/owkMzpN8WDc.pdf
copied,01_Math/01_calculus/18.01sc-fall-2010/resources/pd2xp5zdsrw-1/data.json,01_Math/01_calculus/18.01sc-fall-2010/static_resources/ac87e7e7112fcf69da31c7a046e3486f_Pd2xP5zDsRw.pdf,3play pdf file,,90_Unclassified_or_Transcript_PDFs,90_Unclassified_or_Transcript_PDFs/Pd2xP5zDsRw.pdf
copied,01_Math/01_calculus/18.01sc-fall-2010/resources/pd2xp5zdsrw-11/data.json,01_Math/01_calculus/18.01sc-fall-2010/static_resources/580cf9aba8bfb382596b481c261d2355_Pd2xP5zDsRw.pdf,3play pdf file,,90_Unclassified_or_Transcript_PDFs,90_Unclassified_or_Transcript_PDFs/Pd2xP5zDsRw_2.pdf
copied,01_Math/01_calculus/18.01sc-fall-2010/resources/pd2xp5zdsrw-13/data.json,01_Math/01_calculus/18.01sc-fall-2010/static_resources/31c99653cf0a2f271ed6e24614b78da1_Pd2xP5zDsRw.pdf,3play pdf file,,90_Unclassified_or_Transcript_PDFs,90_Unclassified_or_Transcript_PDFs/Pd2xP5zDsRw_3.pdf
copied,01_Math/01_calculus/18.01sc-fall-2010/resources/pd2xp5zdsrw-15/data.json,01_Math/01_calculus/18.01sc-fall-2010/static_resources/eda01514059c8169f6f9186ecc56f812_Pd2xP5zDsRw.pdf,3play pdf file,,90_Unclassified_or_Transcript_PDFs,90_Unclassified_or_Transcript_PDFs/Pd2xP5zDsRw_4.pdf
copied,01_Math/01_calculus/18.01sc-fall-2010/resources/pd2xp5zdsrw-17/data.json,01_Math/01_calculus/18.01sc-fall-2010/static_resources/a3fb226abfc7be41100256941cc91c0f_Pd2xP5zDsRw.pdf,3play pdf file,,90_Unclassified_or_Transcript_PDFs,90_Unclassified_or_Transcript_PDFs/Pd2xP5zDsRw_5.pdf
copied,01_Math/01_calculus/18.01sc-fall-2010/resources/pd2xp5zdsrw-3/data.json,01_Math/01_calculus/18.01sc-fall-2010/static_resources/697d5f64e30088a4776196a4ef5b19a3_Pd2xP5zDsRw.pdf,3play pdf file,,90_Unclassified_or_Transcript_PDFs,90_Unclassified_or_Transcript_PDFs/Pd2xP5zDsRw_6.pdf
copied,01_Math/01_calculus/18.01sc-fall-2010/resources/pd2xp5zdsrw-5/data.json,01_Math/01_calculus/18.01sc-fall-2010/static_resources/cbd21ab565337f9d67272fb1cdbbde03_Pd2xP5zDsRw.pdf,3play pdf file,,90_Unclassified_or_Transcript_PDFs,90_Unclassified_or_Transcript_PDFs/Pd2xP5zDsRw_7.pdf
copied,01_Math/01_calculus/18.01sc-fall-2010/resources/pd2xp5zdsrw-7/data.json,01_Math/01_calculus/18.01sc-fall-2010/static_resources/991c8f0a892ec58d2367bd4a04eac5f3_Pd2xP5zDsRw.pdf,3play pdf file,,90_Unclassified_or_Transcript_PDFs,90_Unclassified_or_Transcript_PDFs/Pd2xP5zDsRw_8.pdf
copied,01_Math/01_calculus/18.01sc-fall-2010/resources/pd2xp5zdsrw-9/data.json,01_Math/01_calculus/18.01sc-fall-2010/static_resources/6a51a61df7aac665dfb89c2d1231562e_Pd2xP5zDsRw.pdf,3play pdf file,,90_Unclassified_or_Transcript_PDFs,90_Unclassified_or_Transcript_PDFs/Pd2xP5zDsRw_9.pdf
copied,01_Math/01_calculus/18.01sc-fall-2010/resources/pntnmh6jsri-1/data.json,01_Math/01_calculus/18.01sc-fall-2010/static_resources/d0336184bc03d71cb0c9c94bcdbd36f5_PNTnmH6jsRI.pdf,3play pdf file,,90_Unclassified_or_Transcript_PDFs,90_Unclassified_or_Transcript_PDFs/PNTnmH6jsRI.pdf
copied,01_Math/01_calculus/18.01sc-fall-2010/resources/pntnmh6jsri-11/data.json,01_Math/01_calculus/18.01sc-fall-2010/static_resources/825133d9d5b3d8dd21e17cea0878c8e2_PNTnmH6jsRI.pdf,3play pdf file,,90_Unclassified_or_Transcript_PDFs,90_Unclassified_or_Transcript_PDFs/PNTnmH6jsRI_2.pdf
copied,01_Math/01_calculus/18.01sc-fall-2010/resources/pntnmh6jsri-13/data.json,01_Math/01_calculus/18.01sc-fall-2010/static_resources/58594b7445e8af704c215947990ff3f4_PNTnmH6jsRI.pdf,3play pdf file,,90_Unclassified_or_Transcript_PDFs,90_Unclassified_or_Transcript_PDFs/PNTnmH6jsRI_3.pdf
copied,01_Math/01_calculus/18.01sc-fall-2010/resources/pntnmh6jsri-15/data.json,01_Math/01_calculus/18.01sc-fall-2010/static_resources/e110eebc37745e78a0492293ff665035_PNTnmH6jsRI.pdf,3play pdf file,,90_Unclassified_or_Transcript_PDFs,90_Unclassified_or_Transcript_PDFs/PNTnmH6jsRI_4.pdf
copied,01_Math/01_calculus/18.01sc-fall-2010/resources/pntnmh6jsri-17/data.json,01_Math/01_calculus/18.01sc-fall-2010/static_resources/627de6c3721f04bbea76707a99b205a7_PNTnmH6jsRI.pdf,3play pdf file,,90_Unclassified_or_Transcript_PDFs,90_Unclassified_or_Transcript_PDFs/PNTnmH6jsRI_5.pdf
copied,01_Math/01_calculus/18.01sc-fall-2010/resources/pntnmh6jsri-19/data.json,01_Math/01_calculus/18.01sc-fall-2010/static_resources/f25f6cd4d81be36cef532bd9e7934611_PNTnmH6jsRI.pdf,3play pdf file,,90_Unclassified_or_Transcript_PDFs,90_Unclassified_or_Transcript_PDFs/PNTnmH6jsRI_6.pdf
copied,01_Math/01_calculus/18.01sc-fall-2010/resources/pntnmh6jsri-21/data.json,01_Math/01_calculus/18.01sc-fall-2010/static_resources/b2ef0c42147cb5deb4315fdab3cd64ec_PNTnmH6jsRI.pdf,3play pdf file,,90_Unclassified_or_Transcript_PDFs,90_Unclassified_or_Transcript_PDFs/PNTnmH6jsRI_7.pdf
copied,01_Math/01_calculus/18.01sc-fall-2010/resources/pntnmh6jsri-23/data.json,01_Math/01_calculus/18.01sc-fall-2010/static_resources/07d668a767d91340457cb33330e2ec96_PNTnmH6jsRI.pdf,3play pdf file,,90_Unclassified_or_Transcript_PDFs,90_Unclassified_or_Transcript_PDFs/PNTnmH6jsRI_8.pdf
copied,01_Math/01_calculus/18.01sc-fall-2010/resources/pntnmh6jsri-25/data.json,01_Math/01_calculus/18.01sc-fall-2010/static_resources/6254bd9b908eac4d48a7c1bd7ff56835_PNTnmH6jsRI.pdf,3play pdf file,,90_Unclassified_or_Transcript_PDFs,90_Unclassified_or_Transcript_PDFs/PNTnmH6jsRI_9.pdf
copied,01_Math/01_calculus/18.01sc-fall-2010/resources/pntnmh6jsri-3/data.json,01_Math/01_calculus/18.01sc-fall-2010/static_resources/02bac93b6ff7fe98328e1638ecd5cb39_PNTnmH6jsRI.pdf,3play pdf file,,90_Unclassified_or_Transcript_PDFs,90_Unclassified_or_Transcript_PDFs/PNTnmH6jsRI_10.pdf
copied,01_Math/01_calculus/18.01sc-fall-2010/resources/pntnmh6jsri-5/data.json,01_Math/01_calculus/18.01sc-fall-2010/static_resources/308406c82dfab0301cf127873b91259f_PNTnmH6jsRI.pdf,3play pdf file,,90_Unclassified_or_Transcript_PDFs,90_Unclassified_or_Transcript_PDFs/PNTnmH6jsRI_11.pdf
copied,01_Math/01_calculus/18.01sc-fall-2010/resources/pntnmh6jsri-7/data.json,01_Math/01_calculus/18.01sc-fall-2010/static_resources/fa883a4a1c0477dfc970da00b7ade044_PNTnmH6jsRI.pdf,3play pdf file,,90_Unclassified_or_Transcript_PDFs,90_Unclassified_or_Transcript_PDFs/PNTnmH6jsRI_12.pdf
copied,01_Math/01_calculus/18.01sc-fall-2010/resources/pntnmh6jsri-9/data.json,01_Math/01_calculus/18.01sc-fall-2010/static_resources/d73fd2f08d87b687ea43865bb7d9b4d6_PNTnmH6jsRI.pdf,3play pdf file,,90_Unclassified_or_Transcript_PDFs,90_Unclassified_or_Transcript_PDFs/PNTnmH6jsRI_13.pdf
copied,01_Math/01_calculus/18.01sc-fall-2010/resources/psks_kk0yz8-1/data.json,01_Math/01_calculus/18.01sc-fall-2010/static_resources/fb457283d8487b2a79a278e4871ff22d_Psks_KK0YZ8.pdf,3play pdf file,,90_Unclassified_or_Transcript_PDFs,90_Unclassified_or_Transcript_PDFs/Psks_KK0YZ8.pdf
copied,01_Math/01_calculus/18.01sc-fall-2010/resources/pwxh5t-37qg-1/data.json,01_Math/01_calculus/18.01sc-fall-2010/static_resources/f7f5cd50f849fd872fe5a364747ec02f_pWXh5t-37Qg.pdf,3play pdf file,,90_Unclassified_or_Transcript_PDFs,90_Unclassified_or_Transcript_PDFs/pWXh5t_37Qg.pdf
copied,01_Math/01_calculus/18.01sc-fall-2010/resources/q9ijwdfuspu-1/data.json,01_Math/01_calculus/18.01sc-fall-2010/static_resources/08247ba0d14a9a8c54e28927b23ea4d0_Q9iJWDFUspU.pdf,3play pdf file,,90_Unclassified_or_Transcript_PDFs,90_Unclassified_or_Transcript_PDFs/Q9iJWDFUspU.pdf
copied,01_Math/01_calculus/18.01sc-fall-2010/resources/qebkt-pgqos-1/data.json,01_Math/01_calculus/18.01sc-fall-2010/static_resources/7430ba1e8f6f96592d9a1bc41214058d_QEBkT-Pgqos.pdf,3play pdf file,,90_Unclassified_or_Transcript_PDFs,90_Unclassified_or_Transcript_PDFs/QEBkT_Pgqos.pdf
copied,01_Math/01_calculus/18.01sc-fall-2010/resources/qkxad2phzgy-1/data.json,01_Math/01_calculus/18.01sc-fall-2010/static_resources/dd26a069564906158791b3b58770af34_QKXAd2PhZGY.pdf,3play pdf file,,90_Unclassified_or_Transcript_PDFs,90_Unclassified_or_Transcript_PDFs/QKXAd2PhZGY.pdf
copied,01_Math/01_calculus/18.01sc-fall-2010/resources/qlo5drfeyl8-1/data.json,01_Math/01_calculus/18.01sc-fall-2010/static_resources/3f20ab5bded6eb7dfe21ecc3f417eabc_QLo5dRFEyl8.pdf,3play pdf file,,90_Unclassified_or_Transcript_PDFs,90_Unclassified_or_Transcript_PDFs/QLo5dRFEyl8.pdf
copied,01_Math/01_calculus/18.01sc-fall-2010/resources/r9a_nhxrbcg-1/data.json,01_Math/01_calculus/18.01sc-fall-2010/static_resources/f97511cf314e02a809fc7de2cd8aaff5_R9a_NHXrBcg.pdf,3play pdf file,,90_Unclassified_or_Transcript_PDFs,90_Unclassified_or_Transcript_PDFs/R9a_NHXrBcg.pdf
copied,01_Math/01_calculus/18.01sc-fall-2010/resources/r9a_nhxrbcg-11/data.json,01_Math/01_calculus/18.01sc-fall-2010/static_resources/c8d75fa4f29fd32c1e40ba3cf0bb314b_R9a_NHXrBcg.pdf,3play pdf file,,90_Unclassified_or_Transcript_PDFs,90_Unclassified_or_Transcript_PDFs/R9a_NHXrBcg_2.pdf
copied,01_Math/01_calculus/18.01sc-fall-2010/resources/r9a_nhxrbcg-13/data.json,01_Math/01_calculus/18.01sc-fall-2010/static_resources/5db5f9aa44a6a97f3bdd6ca84d664fd6_R9a_NHXrBcg.pdf,3play pdf file,,90_Unclassified_or_Transcript_PDFs,90_Unclassified_or_Transcript_PDFs/R9a_NHXrBcg_3.pdf
copied,01_Math/01_calculus/18.01sc-fall-2010/resources/r9a_nhxrbcg-3/data.json,01_Math/01_calculus/18.01sc-fall-2010/static_resources/067ede30f6a0598b50cabee4488ed4f3_R9a_NHXrBcg.pdf,3play pdf file,,90_Unclassified_or_Transcript_PDFs,90_Unclassified_or_Transcript_PDFs/R9a_NHXrBcg_4.pdf
copied,01_Math/01_calculus/18.01sc-fall-2010/resources/r9a_nhxrbcg-5/data.json,01_Math/01_calculus/18.01sc-fall-2010/static_resources/e662f72d7acb22a775db49d625a1d835_R9a_NHXrBcg.pdf,3play pdf file,,90_Unclassified_or_Transcript_PDFs,90_Unclassified_or_Transcript_PDFs/R9a_NHXrBcg_5.pdf
copied,01_Math/01_calculus/18.01sc-fall-2010/resources/r9a_nhxrbcg-7/data.json,01_Math/01_calculus/18.01sc-fall-2010/static_resources/733349686d61b0eec88cec39c7c3695c_R9a_NHXrBcg.pdf,3play pdf file,,90_Unclassified_or_Transcript_PDFs,90_Unclassified_or_Transcript_PDFs/R9a_NHXrBcg_6.pdf
copied,01_Math/01_calculus/18.01sc-fall-2010/resources/r9a_nhxrbcg-9/data.json,01_Math/01_calculus/18.01sc-fall-2010/static_resources/aacc4dcf0dc0326a0f1ac63a4654e46a_R9a_NHXrBcg.pdf,3play pdf file,,90_Unclassified_or_Transcript_PDFs,90_Unclassified_or_Transcript_PDFs/R9a_NHXrBcg_7.pdf
copied,01_Math/01_calculus/18.01sc-fall-2010/resources/rfx1x-2dwsi-1/data.json,01_Math/01_calculus/18.01sc-fall-2010/static_resources/9d037d6e35b3f5e0886a349533819c58_rfx1x-2dwSI.pdf,3play pdf file,,90_Unclassified_or_Transcript_PDFs,90_Unclassified_or_Transcript_PDFs/rfx1x_2dwSI.pdf
copied,01_Math/01_calculus/18.01sc-fall-2010/resources/rirqdzjykzo-1/data.json,01_Math/01_calculus/18.01sc-fall-2010/static_resources/40256c8954c0487efc46dd8edab7e0a0_RiRQDZjYkzo.pdf,3play pdf file,,90_Unclassified_or_Transcript_PDFs,90_Unclassified_or_Transcript_PDFs/RiRQDZjYkzo.pdf
copied,01_Math/01_calculus/18.01sc-fall-2010/resources/rqkvdrymkcc-1/data.json,01_Math/01_calculus/18.01sc-fall-2010/static_resources/5d3bc895ce8a9b7fe2c1fe76b6908ba4_rqkvDrYmKcc.pdf,3play pdf file,,90_Unclassified_or_Transcript_PDFs,90_Unclassified_or_Transcript_PDFs/rqkvDrYmKcc.pdf
copied,01_Math/01_calculus/18.01sc-fall-2010/resources/ruis1mszwya-1/data.json,01_Math/01_calculus/18.01sc-fall-2010/static_resources/723b8b48454fec14ad13c650609703a5_rUis1mSzwyA.pdf,3play pdf file,,90_Unclassified_or_Transcript_PDFs,90_Unclassified_or_Transcript_PDFs/rUis1mSzwyA.pdf
copied,01_Math/01_calculus/18.01sc-fall-2010/resources/ryldydrbfvi-1/data.json,01_Math/01_calculus/18.01sc-fall-2010/static_resources/c789312508d4bba867a79ce6c25f3c52_ryLdyDrBfvI.pdf,3play pdf file,,90_Unclassified_or_Transcript_PDFs,90_Unclassified_or_Transcript_PDFs/ryLdyDrBfvI.pdf
copied,01_Math/01_calculus/18.01sc-fall-2010/resources/ryldydrbfvi-11/data.json,01_Math/01_calculus/18.01sc-fall-2010/static_resources/ffc53aaedadbfd43942d9dc250ab89de_ryLdyDrBfvI.pdf,3play pdf file,,90_Unclassified_or_Transcript_PDFs,90_Unclassified_or_Transcript_PDFs/ryLdyDrBfvI_2.pdf
copied,01_Math/01_calculus/18.01sc-fall-2010/resources/ryldydrbfvi-13/data.json,01_Math/01_calculus/18.01sc-fall-2010/static_resources/8adcf271c22d20b5d5bdf536ff4d0731_ryLdyDrBfvI.pdf,3play pdf file,,90_Unclassified_or_Transcript_PDFs,90_Unclassified_or_Transcript_PDFs/ryLdyDrBfvI_3.pdf
copied,01_Math/01_calculus/18.01sc-fall-2010/resources/ryldydrbfvi-15/data.json,01_Math/01_calculus/18.01sc-fall-2010/static_resources/bca5c5a8431acf6f9c8b30d306ae9e8a_ryLdyDrBfvI.pdf,3play pdf file,,90_Unclassified_or_Transcript_PDFs,90_Unclassified_or_Transcript_PDFs/ryLdyDrBfvI_4.pdf
copied,01_Math/01_calculus/18.01sc-fall-2010/resources/ryldydrbfvi-17/data.json,01_Math/01_calculus/18.01sc-fall-2010/static_resources/380da7ab3201ce2017659bd8f3463abd_ryLdyDrBfvI.pdf,3play pdf file,,90_Unclassified_or_Transcript_PDFs,90_Unclassified_or_Transcript_PDFs/ryLdyDrBfvI_5.pdf
copied,01_Math/01_calculus/18.01sc-fall-2010/resources/ryldydrbfvi-19/data.json,01_Math/01_calculus/18.01sc-fall-2010/static_resources/e51431de132d30d5b6c926bfb089e26d_ryLdyDrBfvI.pdf,3play pdf file,,90_Unclassified_or_Transcript_PDFs,90_Unclassified_or_Transcript_PDFs/ryLdyDrBfvI_6.pdf
copied,01_Math/01_calculus/18.01sc-fall-2010/resources/ryldydrbfvi-21/data.json,01_Math/01_calculus/18.01sc-fall-2010/static_resources/2829b7d434aa36c33f83bd3c76a89f38_ryLdyDrBfvI.pdf,3play pdf file,,90_Unclassified_or_Transcript_PDFs,90_Unclassified_or_Transcript_PDFs/ryLdyDrBfvI_7.pdf
copied,01_Math/01_calculus/18.01sc-fall-2010/resources/ryldydrbfvi-3/data.json,01_Math/01_calculus/18.01sc-fall-2010/static_resources/3c401901ab40506d2e3265917ed918f2_ryLdyDrBfvI.pdf,3play pdf file,,90_Unclassified_or_Transcript_PDFs,90_Unclassified_or_Transcript_PDFs/ryLdyDrBfvI_8.pdf
copied,01_Math/01_calculus/18.01sc-fall-2010/resources/ryldydrbfvi-5/data.json,01_Math/01_calculus/18.01sc-fall-2010/static_resources/8c18813a3986b18b7d811dc3c8ff2f6f_ryLdyDrBfvI.pdf,3play pdf file,,90_Unclassified_or_Transcript_PDFs,90_Unclassified_or_Transcript_PDFs/ryLdyDrBfvI_9.pdf
copied,01_Math/01_calculus/18.01sc-fall-2010/resources/ryldydrbfvi-7/data.json,01_Math/01_calculus/18.01sc-fall-2010/static_resources/e24db29e91562ede2744530a375acf70_ryLdyDrBfvI.pdf,3play pdf file,,90_Unclassified_or_Transcript_PDFs,90_Unclassified_or_Transcript_PDFs/ryLdyDrBfvI_10.pdf
copied,01_Math/01_calculus/18.01sc-fall-2010/resources/ryldydrbfvi-9/data.json,01_Math/01_calculus/18.01sc-fall-2010/static_resources/45b6c745a470b54c38fd3686a910e220_ryLdyDrBfvI.pdf,3play pdf file,,90_Unclassified_or_Transcript_PDFs,90_Unclassified_or_Transcript_PDFs/ryLdyDrBfvI_11.pdf
copied,01_Math/01_calculus/18.01sc-fall-2010/resources/shgbrux2ub8-1/data.json,01_Math/01_calculus/18.01sc-fall-2010/static_resources/354fe24e07405e4091652b7c51d80155_ShGBRUx2ub8.pdf,3play pdf file,,90_Unclassified_or_Transcript_PDFs,90_Unclassified_or_Transcript_PDFs/ShGBRUx2ub8.pdf
copied,01_Math/01_calculus/18.01sc-fall-2010/resources/shgbrux2ub8-11/data.json,01_Math/01_calculus/18.01sc-fall-2010/static_resources/d4d563bbb86ec916b724075abb4b01d0_ShGBRUx2ub8.pdf,3play pdf file,,90_Unclassified_or_Transcript_PDFs,90_Unclassified_or_Transcript_PDFs/ShGBRUx2ub8_2.pdf
copied,01_Math/01_calculus/18.01sc-fall-2010/resources/shgbrux2ub8-3/data.json,01_Math/01_calculus/18.01sc-fall-2010/static_resources/3808364268a45ab010119d97590bf833_ShGBRUx2ub8.pdf,3play pdf file,,90_Unclassified_or_Transcript_PDFs,90_Unclassified_or_Transcript_PDFs/ShGBRUx2ub8_3.pdf
copied,01_Math/01_calculus/18.01sc-fall-2010/resources/shgbrux2ub8-5/data.json,01_Math/01_calculus/18.01sc-fall-2010/static_resources/22a7d82e01ec950b8e1580a29a816720_ShGBRUx2ub8.pdf,3play pdf file,,90_Unclassified_or_Transcript_PDFs,90_Unclassified_or_Transcript_PDFs/ShGBRUx2ub8_4.pdf
copied,01_Math/01_calculus/18.01sc-fall-2010/resources/shgbrux2ub8-7/data.json,01_Math/01_calculus/18.01sc-fall-2010/static_resources/0cba8370260ba9288912cec5d1d908b8_ShGBRUx2ub8.pdf,3play pdf file,,90_Unclassified_or_Transcript_PDFs,90_Unclassified_or_Transcript_PDFs/ShGBRUx2ub8_5.pdf
copied,01_Math/01_calculus/18.01sc-fall-2010/resources/shgbrux2ub8-9/data.json,01_Math/01_calculus/18.01sc-fall-2010/static_resources/a2aa38123df1619138958182088ef262_ShGBRUx2ub8.pdf,3play pdf file,,90_Unclassified_or_Transcript_PDFs,90_Unclassified_or_Transcript_PDFs/ShGBRUx2ub8_6.pdf
copied,01_Math/01_calculus/18.01sc-fall-2010/resources/sridvacog5a-1/data.json,01_Math/01_calculus/18.01sc-fall-2010/static_resources/622df3c0eb950e014d48d73bb72fbc5a_sRIDVAcoG5A.pdf,3play pdf file,,90_Unclassified_or_Transcript_PDFs,90_Unclassified_or_Transcript_PDFs/sRIDVAcoG5A.pdf
copied,01_Math/01_calculus/18.01sc-fall-2010/resources/sridvacog5a-3/data.json,01_Math/01_calculus/18.01sc-fall-2010/static_resources/04849291c2f92e8731c18fa245546c5a_sRIDVAcoG5A.pdf,3play pdf file,,90_Unclassified_or_Transcript_PDFs,90_Unclassified_or_Transcript_PDFs/sRIDVAcoG5A_2.pdf
copied,01_Math/01_calculus/18.01sc-fall-2010/resources/sridvacog5a-5/data.json,01_Math/01_calculus/18.01sc-fall-2010/static_resources/7c7b32fd44ba241b80c98522c070b2de_sRIDVAcoG5A.pdf,3play pdf file,,90_Unclassified_or_Transcript_PDFs,90_Unclassified_or_Transcript_PDFs/sRIDVAcoG5A_3.pdf
copied,01_Math/01_calculus/18.01sc-fall-2010/resources/sridvacog5a-7/data.json,01_Math/01_calculus/18.01sc-fall-2010/static_resources/6a87d9392b1890ff3d809a05b9c883d0_sRIDVAcoG5A.pdf,3play pdf file,,90_Unclassified_or_Transcript_PDFs,90_Unclassified_or_Transcript_PDFs/sRIDVAcoG5A_4.pdf
copied,01_Math/01_calculus/18.01sc-fall-2010/resources/tmvwxglup60-1/data.json,01_Math/01_calculus/18.01sc-fall-2010/static_resources/e5d78397b0742551a595933abfece0e5_tMVwXglUp60.pdf,3play pdf file,,90_Unclassified_or_Transcript_PDFs,90_Unclassified_or_Transcript_PDFs/tMVwXglUp60.pdf
copied,01_Math/01_calculus/18.01sc-fall-2010/resources/tpwqlkhpyj4-1/data.json,01_Math/01_calculus/18.01sc-fall-2010/static_resources/535a0bb24157b934758baba26f419ba7_TpWQlKHPyJ4.pdf,3play pdf file,,90_Unclassified_or_Transcript_PDFs,90_Unclassified_or_Transcript_PDFs/TpWQlKHPyJ4.pdf
copied,01_Math/01_calculus/18.01sc-fall-2010/resources/tpwqlkhpyj4-11/data.json,01_Math/01_calculus/18.01sc-fall-2010/static_resources/5d9f5afb1e3c209a56fe018599e1197e_TpWQlKHPyJ4.pdf,3play pdf file,,90_Unclassified_or_Transcript_PDFs,90_Unclassified_or_Transcript_PDFs/TpWQlKHPyJ4_2.pdf
copied,01_Math/01_calculus/18.01sc-fall-2010/resources/tpwqlkhpyj4-13/data.json,01_Math/01_calculus/18.01sc-fall-2010/static_resources/8facd977ec8ae6879137ab59c83b9eaa_TpWQlKHPyJ4.pdf,3play pdf file,,90_Unclassified_or_Transcript_PDFs,90_Unclassified_or_Transcript_PDFs/TpWQlKHPyJ4_3.pdf
copied,01_Math/01_calculus/18.01sc-fall-2010/resources/tpwqlkhpyj4-3/data.json,01_Math/01_calculus/18.01sc-fall-2010/static_resources/06b5baf9c46352526ed8a908b04ddb40_TpWQlKHPyJ4.pdf,3play pdf file,,90_Unclassified_or_Transcript_PDFs,90_Unclassified_or_Transcript_PDFs/TpWQlKHPyJ4_4.pdf
copied,01_Math/01_calculus/18.01sc-fall-2010/resources/tpwqlkhpyj4-5/data.json,01_Math/01_calculus/18.01sc-fall-2010/static_resources/38508545cdbecc25691e7a14d3568060_TpWQlKHPyJ4.pdf,3play pdf file,,90_Unclassified_or_Transcript_PDFs,90_Unclassified_or_Transcript_PDFs/TpWQlKHPyJ4_5.pdf
copied,01_Math/01_calculus/18.01sc-fall-2010/resources/tpwqlkhpyj4-7/data.json,01_Math/01_calculus/18.01sc-fall-2010/static_resources/d37e453e1afabf68af348ff31b7158b4_TpWQlKHPyJ4.pdf,3play pdf file,,90_Unclassified_or_Transcript_PDFs,90_Unclassified_or_Transcript_PDFs/TpWQlKHPyJ4_6.pdf
copied,01_Math/01_calculus/18.01sc-fall-2010/resources/tpwqlkhpyj4-9/data.json,01_Math/01_calculus/18.01sc-fall-2010/static_resources/4360900fd84abd47b2feba5b70ceaa6b_TpWQlKHPyJ4.pdf,3play pdf file,,90_Unclassified_or_Transcript_PDFs,90_Unclassified_or_Transcript_PDFs/TpWQlKHPyJ4_7.pdf
copied,01_Math/01_calculus/18.01sc-fall-2010/resources/tqtdkpzp02a-1/data.json,01_Math/01_calculus/18.01sc-fall-2010/static_resources/6127905cce46c4269eb87a7cc2e3933a_TQTDkpZP02A.pdf,3play pdf file,,90_Unclassified_or_Transcript_PDFs,90_Unclassified_or_Transcript_PDFs/TQTDkpZP02A.pdf
copied,01_Math/01_calculus/18.01sc-fall-2010/resources/twzgbqpew0m-1/data.json,01_Math/01_calculus/18.01sc-fall-2010/static_resources/ce364c79c9795b9dec4c923c6621f433_twzGBqPeW0M.pdf,3play pdf file,,90_Unclassified_or_Transcript_PDFs,90_Unclassified_or_Transcript_PDFs/twzGBqPeW0M.pdf
copied,01_Math/01_calculus/18.01sc-fall-2010/resources/twzgbqpew0m-3/data.json,01_Math/01_calculus/18.01sc-fall-2010/static_resources/6a6263385436dca6b5833ac85ceb8f23_twzGBqPeW0M.pdf,3play pdf file,,90_Unclassified_or_Transcript_PDFs,90_Unclassified_or_Transcript_PDFs/twzGBqPeW0M_2.pdf
copied,01_Math/01_calculus/18.01sc-fall-2010/resources/twzgbqpew0m-5/data.json,01_Math/01_calculus/18.01sc-fall-2010/static_resources/df2f25220e03e1b8afa621e79f4954cf_twzGBqPeW0M.pdf,3play pdf file,,90_Unclassified_or_Transcript_PDFs,90_Unclassified_or_Transcript_PDFs/twzGBqPeW0M_3.pdf
copied,01_Math/01_calculus/18.01sc-fall-2010/resources/twzgbqpew0m-7/data.json,01_Math/01_calculus/18.01sc-fall-2010/static_resources/f3347ce88f2ef8d4b53e1def3672839d_twzGBqPeW0M.pdf,3play pdf file,,90_Unclassified_or_Transcript_PDFs,90_Unclassified_or_Transcript_PDFs/twzGBqPeW0M_4.pdf
copied,01_Math/01_calculus/18.01sc-fall-2010/resources/u3ebq5z4jt8-1/data.json,01_Math/01_calculus/18.01sc-fall-2010/static_resources/59c6aac137e69d79f3346b7c68a248c3_U3ebQ5Z4Jt8.pdf,3play pdf file,,90_Unclassified_or_Transcript_PDFs,90_Unclassified_or_Transcript_PDFs/U3ebQ5Z4Jt8.pdf
copied,01_Math/01_calculus/18.01sc-fall-2010/resources/ubh66kvaji-1/data.json,01_Math/01_calculus/18.01sc-fall-2010/static_resources/32a144504b070fefab9deadad03d6472_UBh66KVAJI.pdf,3play pdf file,,90_Unclassified_or_Transcript_PDFs,90_Unclassified_or_Transcript_PDFs/UBh66KVAJI.pdf
copied,01_Math/01_calculus/18.01sc-fall-2010/resources/uc4xjsi99bk-1/data.json,01_Math/01_calculus/18.01sc-fall-2010/static_resources/4c6f69e8536da53a127ccf4434f9dbc7_uc4xJsi99bk.pdf,3play pdf file,,90_Unclassified_or_Transcript_PDFs,90_Unclassified_or_Transcript_PDFs/uc4xJsi99bk.pdf
copied,01_Math/01_calculus/18.01sc-fall-2010/resources/usgbifjuk7u-1/data.json,01_Math/01_calculus/18.01sc-fall-2010/static_resources/ffe413d466bb5f13a846cdd139fb9706_UsGBIfjUK7U.pdf,3play pdf file,,90_Unclassified_or_Transcript_PDFs,90_Unclassified_or_Transcript_PDFs/UsGBIfjUK7U.pdf
copied,01_Math/01_calculus/18.01sc-fall-2010/resources/v1aq8yi3yb8-1/data.json,01_Math/01_calculus/18.01sc-fall-2010/static_resources/90e70b6e467bb945fc3e7f9bbbfcab9e_v1AQ8Yi3yB8.pdf,3play pdf file,,90_Unclassified_or_Transcript_PDFs,90_Unclassified_or_Transcript_PDFs/v1AQ8Yi3yB8.pdf
copied,01_Math/01_calculus/18.01sc-fall-2010/resources/v90jnwctupk-1/data.json,01_Math/01_calculus/18.01sc-fall-2010/static_resources/2e434c3677677b51cba29e31b12e44c7_v90JNWCTupk.pdf,3play pdf file,,90_Unclassified_or_Transcript_PDFs,90_Unclassified_or_Transcript_PDFs/v90JNWCTupk.pdf
copied,01_Math/01_calculus/18.01sc-fall-2010/resources/volbvnxynfm-1/data.json,01_Math/01_calculus/18.01sc-fall-2010/static_resources/2f044499143128dfa0465afea33d0186_VOlbVNxyNfM.pdf,3play pdf file,,90_Unclassified_or_Transcript_PDFs,90_Unclassified_or_Transcript_PDFs/VOlbVNxyNfM.pdf
copied,01_Math/01_calculus/18.01sc-fall-2010/resources/w7snkrpcydk-1/data.json,01_Math/01_calculus/18.01sc-fall-2010/static_resources/ded66f9da9dc9cea5f9f105d6d194d32_W7sNkRpcydk.pdf,3play pdf file,,90_Unclassified_or_Transcript_PDFs,90_Unclassified_or_Transcript_PDFs/W7sNkRpcydk.pdf
copied,01_Math/01_calculus/18.01sc-fall-2010/resources/wezqdmwolmu-1/data.json,01_Math/01_calculus/18.01sc-fall-2010/static_resources/398379dba2d28e97933f70b7f511c96d_wezQdmwolMU.pdf,3play pdf file,,90_Unclassified_or_Transcript_PDFs,90_Unclassified_or_Transcript_PDFs/wezQdmwolMU.pdf
copied,01_Math/01_calculus/18.01sc-fall-2010/resources/whwyw5divsu-1/data.json,01_Math/01_calculus/18.01sc-fall-2010/static_resources/27951c9c79f4e487ff71ba8a6494cfae_WHWyW5DIVSU.pdf,3play pdf file,,90_Unclassified_or_Transcript_PDFs,90_Unclassified_or_Transcript_PDFs/WHWyW5DIVSU.pdf
copied,01_Math/01_calculus/18.01sc-fall-2010/resources/wj0oh3ehk18-1/data.json,01_Math/01_calculus/18.01sc-fall-2010/static_resources/49d1a497fdf812280902a965c316d2be_Wj0oH3ehk18.pdf,3play pdf file,,90_Unclassified_or_Transcript_PDFs,90_Unclassified_or_Transcript_PDFs/Wj0oH3ehk18.pdf
copied,01_Math/01_calculus/18.01sc-fall-2010/resources/wohrnt9scys-1/data.json,01_Math/01_calculus/18.01sc-fall-2010/static_resources/eb5bbb88548acbf62e08e8a5b5e8ea2f_wOHrNt9ScYs.pdf,3play pdf file,,90_Unclassified_or_Transcript_PDFs,90_Unclassified_or_Transcript_PDFs/wOHrNt9ScYs.pdf
copied,01_Math/01_calculus/18.01sc-fall-2010/resources/wohrnt9scys-11/data.json,01_Math/01_calculus/18.01sc-fall-2010/static_resources/5ea4ea731caa12fed626c966d8456589_wOHrNt9ScYs.pdf,3play pdf file,,90_Unclassified_or_Transcript_PDFs,90_Unclassified_or_Transcript_PDFs/wOHrNt9ScYs_2.pdf
copied,01_Math/01_calculus/18.01sc-fall-2010/resources/wohrnt9scys-3/data.json,01_Math/01_calculus/18.01sc-fall-2010/static_resources/8d8ce7d94f234fa9710cac5d5d6c36f3_wOHrNt9ScYs.pdf,3play pdf file,,90_Unclassified_or_Transcript_PDFs,90_Unclassified_or_Transcript_PDFs/wOHrNt9ScYs_3.pdf
copied,01_Math/01_calculus/18.01sc-fall-2010/resources/wohrnt9scys-5/data.json,01_Math/01_calculus/18.01sc-fall-2010/static_resources/acaac0d4c1d4d1e49ab04524c6d5d200_wOHrNt9ScYs.pdf,3play pdf file,,90_Unclassified_or_Transcript_PDFs,90_Unclassified_or_Transcript_PDFs/wOHrNt9ScYs_4.pdf
copied,01_Math/01_calculus/18.01sc-fall-2010/resources/wohrnt9scys-7/data.json,01_Math/01_calculus/18.01sc-fall-2010/static_resources/cf8ea7ecbb8bc0987dc9323384da4b51_wOHrNt9ScYs.pdf,3play pdf file,,90_Unclassified_or_Transcript_PDFs,90_Unclassified_or_Transcript_PDFs/wOHrNt9ScYs_5.pdf
copied,01_Math/01_calculus/18.01sc-fall-2010/resources/wohrnt9scys-9/data.json,01_Math/01_calculus/18.01sc-fall-2010/static_resources/eea8a915e0107cc83b4bfeded74af66e_wOHrNt9ScYs.pdf,3play pdf file,,90_Unclassified_or_Transcript_PDFs,90_Unclassified_or_Transcript_PDFs/wOHrNt9ScYs_6.pdf
copied,01_Math/01_calculus/18.01sc-fall-2010/resources/xrkgbwbwvg4-1/data.json,01_Math/01_calculus/18.01sc-fall-2010/static_resources/4857f6cbf25fe97186aec26adefa646f_XRkgBWbWvg4.pdf,3play pdf file,,90_Unclassified_or_Transcript_PDFs,90_Unclassified_or_Transcript_PDFs/XRkgBWbWvg4.pdf
copied,01_Math/01_calculus/18.01sc-fall-2010/resources/xrkgbwbwvg4-11/data.json,01_Math/01_calculus/18.01sc-fall-2010/static_resources/4bc0e97d62360a07598e9f67d2da70c0_XRkgBWbWvg4.pdf,3play pdf file,,90_Unclassified_or_Transcript_PDFs,90_Unclassified_or_Transcript_PDFs/XRkgBWbWvg4_2.pdf
copied,01_Math/01_calculus/18.01sc-fall-2010/resources/xrkgbwbwvg4-13/data.json,01_Math/01_calculus/18.01sc-fall-2010/static_resources/a3337ea66e3d6f2b308284731d70ca32_XRkgBWbWvg4.pdf,3play pdf file,,90_Unclassified_or_Transcript_PDFs,90_Unclassified_or_Transcript_PDFs/XRkgBWbWvg4_3.pdf
copied,01_Math/01_calculus/18.01sc-fall-2010/resources/xrkgbwbwvg4-15/data.json,01_Math/01_calculus/18.01sc-fall-2010/static_resources/e899cf7d66238f8257586dbfa433ef3d_XRkgBWbWvg4.pdf,3play pdf file,,90_Unclassified_or_Transcript_PDFs,90_Unclassified_or_Transcript_PDFs/XRkgBWbWvg4_4.pdf
copied,01_Math/01_calculus/18.01sc-fall-2010/resources/xrkgbwbwvg4-3/data.json,01_Math/01_calculus/18.01sc-fall-2010/static_resources/07d7f8700a69697007ee77a1d6065319_XRkgBWbWvg4.pdf,3play pdf file,,90_Unclassified_or_Transcript_PDFs,90_Unclassified_or_Transcript_PDFs/XRkgBWbWvg4_5.pdf
copied,01_Math/01_calculus/18.01sc-fall-2010/resources/xrkgbwbwvg4-5/data.json,01_Math/01_calculus/18.01sc-fall-2010/static_resources/224f05126269f9a9ffe77ed8203947b3_XRkgBWbWvg4.pdf,3play pdf file,,90_Unclassified_or_Transcript_PDFs,90_Unclassified_or_Transcript_PDFs/XRkgBWbWvg4_6.pdf
copied,01_Math/01_calculus/18.01sc-fall-2010/resources/xrkgbwbwvg4-7/data.json,01_Math/01_calculus/18.01sc-fall-2010/static_resources/0a932df2ad412e34a844c0cfb1e2438e_XRkgBWbWvg4.pdf,3play pdf file,,90_Unclassified_or_Transcript_PDFs,90_Unclassified_or_Transcript_PDFs/XRkgBWbWvg4_7.pdf
copied,01_Math/01_calculus/18.01sc-fall-2010/resources/xrkgbwbwvg4-9/data.json,01_Math/01_calculus/18.01sc-fall-2010/static_resources/b4080aaeb8c711907a7f808531b666fe_XRkgBWbWvg4.pdf,3play pdf file,,90_Unclassified_or_Transcript_PDFs,90_Unclassified_or_Transcript_PDFs/XRkgBWbWvg4_8.pdf
copied,01_Math/01_calculus/18.01sc-fall-2010/resources/y_ca5btuoqk-1/data.json,01_Math/01_calculus/18.01sc-fall-2010/static_resources/9fed41f4d6308e422519b1a72d80d135_y_CA5btuoQk.pdf,3play pdf file,,90_Unclassified_or_Transcript_PDFs,90_Unclassified_or_Transcript_PDFs/y_CA5btuoQk.pdf
copied,01_Math/01_calculus/18.01sc-fall-2010/resources/yco0vn_w9q0-1/data.json,01_Math/01_calculus/18.01sc-fall-2010/static_resources/cb46a680f81f0edafe3a16418dcdebd5_ycO0Vn_w9Q0.pdf,3play pdf file,,90_Unclassified_or_Transcript_PDFs,90_Unclassified_or_Transcript_PDFs/ycO0Vn_w9Q0.pdf
copied,01_Math/01_calculus/18.01sc-fall-2010/resources/yn7k_bxxggy-1/data.json,01_Math/01_calculus/18.01sc-fall-2010/static_resources/cf0e6a12d9f28d492c5ae49135f40773_YN7k_bXXggY.pdf,3play pdf file,,90_Unclassified_or_Transcript_PDFs,90_Unclassified_or_Transcript_PDFs/YN7k_bXXggY.pdf
copied,01_Math/01_calculus/18.01sc-fall-2010/resources/yn7k_bxxggy-3/data.json,01_Math/01_calculus/18.01sc-fall-2010/static_resources/b675e5962a416c9614fec38ac7a0db92_YN7k_bXXggY.pdf,3play pdf file,,90_Unclassified_or_Transcript_PDFs,90_Unclassified_or_Transcript_PDFs/YN7k_bXXggY_2.pdf
copied,01_Math/01_calculus/18.01sc-fall-2010/resources/yn7k_bxxggy-5/data.json,01_Math/01_calculus/18.01sc-fall-2010/static_resources/ca3ac7c771d378b6d5d748505b86d381_YN7k_bXXggY.pdf,3play pdf file,,90_Unclassified_or_Transcript_PDFs,90_Unclassified_or_Transcript_PDFs/YN7k_bXXggY_3.pdf
copied,01_Math/01_calculus/18.01sc-fall-2010/resources/yn7k_bxxggy-7/data.json,01_Math/01_calculus/18.01sc-fall-2010/static_resources/2c973f35c97397bf2da49b51c56e553e_YN7k_bXXggY.pdf,3play pdf file,,90_Unclassified_or_Transcript_PDFs,90_Unclassified_or_Transcript_PDFs/YN7k_bXXggY_4.pdf
copied,01_Math/01_calculus/18.01sc-fall-2010/resources/z1frdkxlmg8-1/data.json,01_Math/01_calculus/18.01sc-fall-2010/static_resources/8119be09a195d4ef6d2ede351890fa85_z1FRDkxlmg8.pdf,3play pdf file,,90_Unclassified_or_Transcript_PDFs,90_Unclassified_or_Transcript_PDFs/z1FRDkxlmg8.pdf
copied,01_Math/01_calculus/18.01sc-fall-2010/resources/zcuyff5r0nu-1/data.json,01_Math/01_calculus/18.01sc-fall-2010/static_resources/706b5a90504386ab4a678e58f60480d7_zcuYFf5R0NU.pdf,3play pdf file,,90_Unclassified_or_Transcript_PDFs,90_Unclassified_or_Transcript_PDFs/zcuYFf5R0NU.pdf
copied,01_Math/01_calculus/18.01sc-fall-2010/resources/zskdrjp91fs-1/data.json,01_Math/01_calculus/18.01sc-fall-2010/static_resources/d530409ad1c3bbf95ed872f64833caa1_zsKdRjP91Fs.pdf,3play pdf file,,90_Unclassified_or_Transcript_PDFs,90_Unclassified_or_Transcript_PDFs/zsKdRjP91Fs.pdf
copied,01_Math/01_calculus/18.01sc-fall-2010/resources/zueukrxghws-1/data.json,01_Math/01_calculus/18.01sc-fall-2010/static_resources/773e7b282a915320bf1b0991c90748d5_zUEuKrxgHws.pdf,3play pdf file,,90_Unclassified_or_Transcript_PDFs,90_Unclassified_or_Transcript_PDFs/zUEuKrxgHws.pdf
copied,01_Math/01_calculus/18.01sc-fall-2010/resources/zueukrxghws-11/data.json,01_Math/01_calculus/18.01sc-fall-2010/static_resources/7b59d6dd36cf2ffe1e24641a11f60efe_zUEuKrxgHws.pdf,3play pdf file,,90_Unclassified_or_Transcript_PDFs,90_Unclassified_or_Transcript_PDFs/zUEuKrxgHws_2.pdf
copied,01_Math/01_calculus/18.01sc-fall-2010/resources/zueukrxghws-13/data.json,01_Math/01_calculus/18.01sc-fall-2010/static_resources/3ddd2a58e59b7f5b4e58c124058cb346_zUEuKrxgHws.pdf,3play pdf file,,90_Unclassified_or_Transcript_PDFs,90_Unclassified_or_Transcript_PDFs/zUEuKrxgHws_3.pdf
copied,01_Math/01_calculus/18.01sc-fall-2010/resources/zueukrxghws-15/data.json,01_Math/01_calculus/18.01sc-fall-2010/static_resources/2047871e478b43004346496d48848b00_zUEuKrxgHws.pdf,3play pdf file,,90_Unclassified_or_Transcript_PDFs,90_Unclassified_or_Transcript_PDFs/zUEuKrxgHws_4.pdf
copied,01_Math/01_calculus/18.01sc-fall-2010/resources/zueukrxghws-3/data.json,01_Math/01_calculus/18.01sc-fall-2010/static_resources/d2d51f521b23ce6272a50fc8b96d1806_zUEuKrxgHws.pdf,3play pdf file,,90_Unclassified_or_Transcript_PDFs,90_Unclassified_or_Transcript_PDFs/zUEuKrxgHws_5.pdf
copied,01_Math/01_calculus/18.01sc-fall-2010/resources/zueukrxghws-5/data.json,01_Math/01_calculus/18.01sc-fall-2010/static_resources/a5e0053659e987c0b861e4cd62e00b3c_zUEuKrxgHws.pdf,3play pdf file,,90_Unclassified_or_Transcript_PDFs,90_Unclassified_or_Transcript_PDFs/zUEuKrxgHws_6.pdf
copied,01_Math/01_calculus/18.01sc-fall-2010/resources/zueukrxghws-7/data.json,01_Math/01_calculus/18.01sc-fall-2010/static_resources/5b0169f5bb3c4827566bc8eba20886c5_zUEuKrxgHws.pdf,3play pdf file,,90_Unclassified_or_Transcript_PDFs,90_Unclassified_or_Transcript_PDFs/zUEuKrxgHws_7.pdf
copied,01_Math/01_calculus/18.01sc-fall-2010/resources/zueukrxghws-9/data.json,01_Math/01_calculus/18.01sc-fall-2010/static_resources/141bf6288738c01f77da01f83e19d72e_zUEuKrxgHws.pdf,3play pdf file,,90_Unclassified_or_Transcript_PDFs,90_Unclassified_or_Transcript_PDFs/zUEuKrxgHws_8.pdf
copied_old_bundle,,01_Math/01_calculus/18.01_Lecture_notes/1-7.pdf,1-7.pdf,Original downloaded lecture note bundle,00_Original_Lecture_Notes_Bundle,00_Original_Lecture_Notes_Bundle/1-7.pdf
copied_old_bundle,,01_Math/01_calculus/18.01_Lecture_notes/18-25.pdf,18-25.pdf,Original downloaded lecture note bundle,00_Original_Lecture_Notes_Bundle,00_Original_Lecture_Notes_Bundle/18-25.pdf
copied_old_bundle,,01_Math/01_calculus/18.01_Lecture_notes/26-38.pdf,26-38.pdf,Original downloaded lecture note bundle,00_Original_Lecture_Notes_Bundle,00_Original_Lecture_Notes_Bundle/26-38.pdf
copied_old_bundle,,01_Math/01_calculus/18.01_Lecture_notes/9-16.pdf,9-16.pdf,Original downloaded lecture note bundle,00_Original_Lecture_Notes_Bundle,00_Original_Lecture_Notes_Bundle/9-16.pdf
