asset_id,category,session,unit,block,resource_title,original_basename,local_path,source_relative_path,official_url,provenance,year,file_format,pages,bytes,sha256
book-MIT6_042JS15_textbook,book,,,,Mathematics for Computer Science (Spring 2015 textbook),MIT6_042JS15_textbook.pdf,99_Books/MIT6_042JS15_textbook.pdf,contents/readings/MIT6_042JS15_textbook.pdf,https://ocw.mit.edu/courses/electrical-engineering-and-computer-science/6-042j-mathematics-for-computer-science-spring-2015/readings/MIT6_042JS15_textbook.pdf,Official MIT OCW Spring 2015 course package,2015,pdf,920,5761048,a07e73979a55f0be10633fcba12c0195f4475288a9b84331c8eb0de0e0a1571a
caption-GyFVgJZ0hIs,caption,1,1,1.1.2,Intro To Proofs: Part 1: Video,GyFVgJZ0hIs.srt,04_Captions/GyFVgJZ0hIs.srt,contents/proofs/tp1-1/intro-to-proofs-part-1-video/intro-to-proofs-part-1/GyFVgJZ0hIs.srt,https://ocw.mit.edu/courses/electrical-engineering-and-computer-science/6-042j-mathematics-for-computer-science-spring-2015/proofs/tp1-1/intro-to-proofs-part-1-video/,Official MIT OCW Spring 2015 course package,2015,srt,,15740,c87f09bfc694e9d8d152597b83c8872977b336faefce65b21af3704e86d5cd73
caption-wIq4CssPoO0,caption,1,1,1.1.1,Welcome to 6.042: Video,wIq4CssPoO0.srt,04_Captions/wIq4CssPoO0.srt,contents/proofs/tp1-1/welcome-to-6-042-1/wIq4CssPoO0.srt,https://ocw.mit.edu/courses/electrical-engineering-and-computer-science/6-042j-mathematics-for-computer-science-spring-2015/proofs/tp1-1/,Official MIT OCW Spring 2015 course package,2015,srt,,3675,39ed28a3a270880c341dd62acc32f676a71245fe4fb57d9fc7b5016cd114e72e
caption-wfr4XbR5VP8,caption,1,1,1.1.3,Intro to Proofs: Part 2: Video,wfr4XbR5VP8.srt,04_Captions/wfr4XbR5VP8.srt,contents/proofs/tp1-1/intro-to-proofs-part-2-video/intro-to-proofs-part-2/wfr4XbR5VP8.srt,https://ocw.mit.edu/courses/electrical-engineering-and-computer-science/6-042j-mathematics-for-computer-science-spring-2015/proofs/tp1-1/intro-to-proofs-part-2-video/,Official MIT OCW Spring 2015 course package,2015,srt,,11509,0bdb17acfc19c8733621bec1b672ce865192c32779d8bf4e234de1b05e6257a3
caption-TXNXT3oBROw,caption,10,1,1.10.1,Recursive Data: Video,TXNXT3oBROw.srt,04_Captions/TXNXT3oBROw.srt,contents/proofs/recursive-definition/recursive-data/TXNXT3oBROw.srt,https://ocw.mit.edu/courses/electrical-engineering-and-computer-science/6-042j-mathematics-for-computer-science-spring-2015/proofs/recursive-definition/,Official MIT OCW Spring 2015 course package,2015,srt,,20702,1104605813725eab57ce288a89798083c15d3050b1c6a07f431ae5ca9b1171c8
caption-VWIDwHCGJDQ,caption,10,1,1.10.4,Structural Induction: Video,VWIDwHCGJDQ.srt,04_Captions/VWIDwHCGJDQ.srt,contents/proofs/recursive-definition/structural-induction-video/structural-induction/VWIDwHCGJDQ.srt,https://ocw.mit.edu/courses/electrical-engineering-and-computer-science/6-042j-mathematics-for-computer-science-spring-2015/proofs/recursive-definition/structural-induction-video/,Official MIT OCW Spring 2015 course package,2015,srt,,8965,c46cc647dba0128166499565b89f31fda7dff7a4264db07ca79237f950a12087
caption-tOsdeaYDCMk,caption,10,1,1.10.7,Recursive Functions: Video,tOsdeaYDCMk.srt,04_Captions/tOsdeaYDCMk.srt,contents/proofs/recursive-definition/recursive-functions-video/recursive-functions/tOsdeaYDCMk.srt,https://ocw.mit.edu/courses/electrical-engineering-and-computer-science/6-042j-mathematics-for-computer-science-spring-2015/proofs/recursive-definition/recursive-functions-video/,Official MIT OCW Spring 2015 course package,2015,srt,,19137,f6a079edcbb579b3d6d957c6045034282133b103f11d8504cc01b63f9f3e08c7
caption-4dj1ogUwTEM,caption,11,1,1.11.4,Cantor's Theorem: Video,4dj1ogUwTEM.srt,04_Captions/4dj1ogUwTEM.srt,contents/proofs/tp4-3/vertical-4eaa04fd577b/cantor-s-theorem/4dj1ogUwTEM.srt,https://ocw.mit.edu/courses/electrical-engineering-and-computer-science/6-042j-mathematics-for-computer-science-spring-2015/proofs/tp4-3/vertical-4eaa04fd577b/,Official MIT OCW Spring 2015 course package,2015,srt,,32706,dc184ca7d5256077c932703b4ea956603bcbbda49fce8288f9a6c10d4aa1ef72
caption-5hETv64GIuE,caption,11,1,1.11.9,Russell's Paradox: Video,5hETv64GIuE.srt,04_Captions/5hETv64GIuE.srt,contents/proofs/tp4-3/vertical-f1f52e8d7024/russell-s-paradox/5hETv64GIuE.srt,https://ocw.mit.edu/courses/electrical-engineering-and-computer-science/6-042j-mathematics-for-computer-science-spring-2015/proofs/tp4-3/vertical-f1f52e8d7024/,Official MIT OCW Spring 2015 course package,2015,srt,,20308,44bf1513672d10bbc07f0c5dc3f2cb7450b5eda31e53d370bb8f551bb03e5224
caption-AipSRi3CyLg,caption,11,1,1.11.3,Countable Sets: Video,AipSRi3CyLg.srt,04_Captions/AipSRi3CyLg.srt,contents/proofs/tp4-3/countable-sets-video/countable-sets/AipSRi3CyLg.srt,https://ocw.mit.edu/courses/electrical-engineering-and-computer-science/6-042j-mathematics-for-computer-science-spring-2015/proofs/tp4-3/countable-sets-video/,Official MIT OCW Spring 2015 course package,2015,srt,,16492,3a03d795fce0dcd5aa2402b46835709d1ac4eee78975cf962180df25ee848811
caption-QzSCf62kzjE,caption,11,1,1.11.1,Cardinality: Video,QzSCf62kzjE.srt,04_Captions/QzSCf62kzjE.srt,contents/proofs/tp4-3/cardinality/QzSCf62kzjE.srt,https://ocw.mit.edu/courses/electrical-engineering-and-computer-science/6-042j-mathematics-for-computer-science-spring-2015/proofs/tp4-3/,Official MIT OCW Spring 2015 course package,2015,srt,,20631,3cc25cb556dc63dec2f67d437a7fc13e80381c8fe978e1ab02c90d7169c8168e
caption-WQHOImO0pX0,caption,11,1,1.11.7,The Halting Problem: Video [Optional],WQHOImO0pX0.srt,04_Captions/WQHOImO0pX0.srt,contents/proofs/tp4-3/vertical-b654b1f1c6e1/the-halting-problem/WQHOImO0pX0.srt,https://ocw.mit.edu/courses/electrical-engineering-and-computer-science/6-042j-mathematics-for-computer-science-spring-2015/proofs/tp4-3/vertical-b654b1f1c6e1/,Official MIT OCW Spring 2015 course package,2015,srt,,24473,805735ad4c9ad4ba70321b9bcb1abc1713d004b20b0f8b5c4f481c77f86a894d
caption-zcvsyL7GtH4,caption,11,1,1.11.11,Set Theory Axioms: Video [Optional],zcvsyL7GtH4.srt,04_Captions/zcvsyL7GtH4.srt,contents/proofs/tp4-3/set-theory-axioms-video-optional/set-theory-axioms-optional/zcvsyL7GtH4.srt,https://ocw.mit.edu/courses/electrical-engineering-and-computer-science/6-042j-mathematics-for-computer-science-spring-2015/proofs/tp4-3/set-theory-axioms-video-optional/,Official MIT OCW Spring 2015 course package,2015,srt,,13625,c88614572719e44f3e5b8299c4e7ca3cb1b9e7ce278a61c09914cfb7aea09d90
caption-QsKtEuUyIdw,caption,12,2,2.1.7,Prime Factorization: Video,QsKtEuUyIdw.srt,04_Captions/QsKtEuUyIdw.srt,contents/structures/tp5-1/prime-factorization-video/unique-factorization/QsKtEuUyIdw.srt,https://ocw.mit.edu/courses/electrical-engineering-and-computer-science/6-042j-mathematics-for-computer-science-spring-2015/structures/tp5-1/prime-factorization-video/,Official MIT OCW Spring 2015 course package,2015,srt,,11356,6a78aef705b7715223f759883c59df8d1bcd254e89dd79f803cc7c6a053d5816
caption-c3qNBNl1h8g,caption,12,2,2.1.6,Revisiting Die Hard: Video,c3qNBNl1h8g.srt,04_Captions/c3qNBNl1h8g.srt,contents/structures/tp5-1/revisiting-die-hard-video/die-hard-primes/c3qNBNl1h8g.srt,https://ocw.mit.edu/courses/electrical-engineering-and-computer-science/6-042j-mathematics-for-computer-science-spring-2015/structures/tp5-1/revisiting-die-hard-video/,Official MIT OCW Spring 2015 course package,2015,srt,,6912,ad2b4b71d463e2b254ef716463cef879edb6380fd66400cf2fcae3f4e29165ca
caption-dW0f62lcCLE,caption,12,2,2.1.2,Euclidean Algorithm: Video,dW0f62lcCLE.srt,04_Captions/dW0f62lcCLE.srt,contents/structures/tp5-1/euclidean-algorithm-video/euclidean-algorithm/dW0f62lcCLE.srt,https://ocw.mit.edu/courses/electrical-engineering-and-computer-science/6-042j-mathematics-for-computer-science-spring-2015/structures/tp5-1/euclidean-algorithm-video/,Official MIT OCW Spring 2015 course package,2015,srt,,13700,475fa71e5e9bf862f95960d32fe741f365b7d5dd8978f0868cf25803fb668591
caption-et3FOZdI6pk,caption,12,2,2.1.1,GCDs & Linear Combinations: Video,et3FOZdI6pk.srt,04_Captions/et3FOZdI6pk.srt,contents/structures/tp5-1/gcds-linear-combinations/et3FOZdI6pk.srt,https://ocw.mit.edu/courses/electrical-engineering-and-computer-science/6-042j-mathematics-for-computer-science-spring-2015/structures/tp5-1/,Official MIT OCW Spring 2015 course package,2015,srt,,13260,b548543010144f53fa294cb850cddacd69ff2b256a73e691a2d8aa68e9814e31
caption-yzKPotFLfsc,caption,12,2,2.1.4,Pulverizer: Video,yzKPotFLfsc.srt,04_Captions/yzKPotFLfsc.srt,contents/structures/tp5-1/pulverizer-video/pulverizer/yzKPotFLfsc.srt,https://ocw.mit.edu/courses/electrical-engineering-and-computer-science/6-042j-mathematics-for-computer-science-spring-2015/structures/tp5-1/pulverizer-video/,Official MIT OCW Spring 2015 course package,2015,srt,,18114,a1791cedaa14f49ec3dc45e471fb02065c652f32a77e7b84a648b8fec467f489
caption-CAKSh3M0y8k,caption,13,2,2.2.3,Inverses mod n: Video,CAKSh3M0y8k.srt,04_Captions/CAKSh3M0y8k.srt,contents/structures/tp5-2/vertical-5a82e8c3077d/inverses-mod-n/CAKSh3M0y8k.srt,https://ocw.mit.edu/courses/electrical-engineering-and-computer-science/6-042j-mathematics-for-computer-science-spring-2015/structures/tp5-2/vertical-5a82e8c3077d/,Official MIT OCW Spring 2015 course package,2015,srt,,6133,fd4ea18ced91fa1292f7d73604d86046bdec7e63c05d2c3684d25c1ddfa3172b
caption-KvtLWgCTwn4,caption,13,2,2.2.1,Congruence mod n: Video,KvtLWgCTwn4.srt,04_Captions/KvtLWgCTwn4.srt,contents/structures/tp5-2/congruence-mod-n/KvtLWgCTwn4.srt,https://ocw.mit.edu/courses/electrical-engineering-and-computer-science/6-042j-mathematics-for-computer-science-spring-2015/structures/tp5-2/,Official MIT OCW Spring 2015 course package,2015,srt,,19969,6c19af9d65a77795bd75fc64be409f11f91b9b6e27998c83bd9135fea7656603
caption-TeRYL7kkhqs,caption,14,2,2.3.1,Modular Exponentiation Euler's Function: Video,TeRYL7kkhqs.srt,04_Captions/TeRYL7kkhqs.srt,contents/structures/tp6-1/modular-exponentiation-euler-s-function/TeRYL7kkhqs.srt,https://ocw.mit.edu/courses/electrical-engineering-and-computer-science/6-042j-mathematics-for-computer-science-spring-2015/structures/tp6-1/,Official MIT OCW Spring 2015 course package,2015,srt,,8684,a8738196360802bbc3950c98176915555bd1e2d72681b3cfc402fe99bed4b648
caption-dZgI16nMuqE,caption,14,2,2.3.3,The Ring Z: Video,dZgI16nMuqE.srt,04_Captions/dZgI16nMuqE.srt,contents/structures/tp6-1/vertical-96037fd2d933/modular-exponentiation-the-ring/dZgI16nMuqE.srt,https://ocw.mit.edu/courses/electrical-engineering-and-computer-science/6-042j-mathematics-for-computer-science-spring-2015/structures/tp6-1/vertical-96037fd2d933/,Official MIT OCW Spring 2015 course package,2015,srt,,26997,fc6c3a14ece5d0646d3413f737f029d6b38b53dae3167b4e23d9c3a141433a3c
caption-ZUZ8VbX1YNQ,caption,15,2,2.4.1,RSA Public Key Encryption: Video,ZUZ8VbX1YNQ.srt,04_Captions/ZUZ8VbX1YNQ.srt,contents/structures/tp6-2/rsa-public-key-encryption/ZUZ8VbX1YNQ.srt,https://ocw.mit.edu/courses/electrical-engineering-and-computer-science/6-042j-mathematics-for-computer-science-spring-2015/structures/tp6-2/,Official MIT OCW Spring 2015 course package,2015,srt,,32840,ba354369c798909565a7b8c76a1a9c62576813d9f24cf7b08fc206c1bd528c43
caption-yWIQCewgfwY,caption,15,2,2.4.3,Reducing Factoring To SAT: Video,yWIQCewgfwY.srt,04_Captions/yWIQCewgfwY.srt,contents/structures/tp6-2/vertical-10e2576c9510/reducing-factoring-to-sat/yWIQCewgfwY.srt,https://ocw.mit.edu/courses/electrical-engineering-and-computer-science/6-042j-mathematics-for-computer-science-spring-2015/structures/tp6-2/vertical-10e2576c9510/,Official MIT OCW Spring 2015 course package,2015,srt,,10616,47a12ddd55072f7f90c65bcbe0d69bcf2803e8abb131acfebd5178b6f65b8f44
caption-MX-mBxt6huU,caption,16,2,2.5.1,Digraphs: Walks & Paths: Video,MX-mBxt6huU.srt,04_Captions/MX-mBxt6huU.srt,contents/structures/tp6-3/digraphs-walks-paths/MX-mBxt6huU.srt,https://ocw.mit.edu/courses/electrical-engineering-and-computer-science/6-042j-mathematics-for-computer-science-spring-2015/structures/tp6-3/,Official MIT OCW Spring 2015 course package,2015,srt,,6044,e318e53b0a92ad98a5ebbaa56d3bc398b5ae5eea1dab5883600d3caaf72104f6
caption-QORX1OUabio,caption,16,2,2.5.3,Digraphs: Connected Vertices: Video,QORX1OUabio.srt,04_Captions/QORX1OUabio.srt,contents/structures/tp6-3/vertical-2c95b0b170e2/digraphs-connected-vertices/QORX1OUabio.srt,https://ocw.mit.edu/courses/electrical-engineering-and-computer-science/6-042j-mathematics-for-computer-science-spring-2015/structures/tp6-3/vertical-2c95b0b170e2/,Official MIT OCW Spring 2015 course package,2015,srt,,9468,452ac93ec9e4744d4817da36370be34410106d64e50e02054de3050fafcb496d
caption-1TpzSCMLg08,caption,17,2,2.6.3,Scheduling: Video,1TpzSCMLg08.srt,04_Captions/1TpzSCMLg08.srt,contents/structures/tp7-1/vertical-0b187f2dedb6/scheduling/1TpzSCMLg08.srt,https://ocw.mit.edu/courses/electrical-engineering-and-computer-science/6-042j-mathematics-for-computer-science-spring-2015/structures/tp7-1/vertical-0b187f2dedb6/,Official MIT OCW Spring 2015 course package,2015,srt,,21658,b38dc140201ff4c4cd7149732e5d1adb00e096945c2548c276d9d58ab47e5999
caption-Sdw8_0RDZuw,caption,17,2,2.6.1,DAGs: Video,Sdw8_0RDZuw.srt,04_Captions/Sdw8_0RDZuw.srt,contents/structures/tp7-1/digraphs-dags/Sdw8_0RDZuw.srt,https://ocw.mit.edu/courses/electrical-engineering-and-computer-science/6-042j-mathematics-for-computer-science-spring-2015/structures/tp7-1/,Official MIT OCW Spring 2015 course package,2015,srt,,18682,93f0fd171c7de4d37398a92aa3f017c8ff772aba35fe5fab86fc6350d7591be1
caption-cUYTlKA8jaw,caption,17,2,2.6.5,Time versus Processors: Video,cUYTlKA8jaw.srt,04_Captions/cUYTlKA8jaw.srt,contents/structures/tp7-1/vertical-ce9e54c9d251/time-versus-processors/cUYTlKA8jaw.srt,https://ocw.mit.edu/courses/electrical-engineering-and-computer-science/6-042j-mathematics-for-computer-science-spring-2015/structures/tp7-1/vertical-ce9e54c9d251/,Official MIT OCW Spring 2015 course package,2015,srt,,15067,83a9d91b537beb4d307e141ffac8992e7e868dbc83e9ecd0537380cfddbbbc49
caption-0w9luYcxHrw,caption,18,2,2.7.1,Partial Orders: Video,0w9luYcxHrw.srt,04_Captions/0w9luYcxHrw.srt,contents/structures/partial-orders-and-equivalence/partial-orders/0w9luYcxHrw.srt,https://ocw.mit.edu/courses/electrical-engineering-and-computer-science/6-042j-mathematics-for-computer-science-spring-2015/structures/partial-orders-and-equivalence/,Official MIT OCW Spring 2015 course package,2015,srt,,14908,7c53196db79db1fbcfa9ddacba11d7084de37ea70df9e2bac81333a9e999fce8
caption-bHvMYZvZp7Y,caption,18,2,2.7.3,Representing Partial Orders As Subset Relations: Video,bHvMYZvZp7Y.srt,04_Captions/bHvMYZvZp7Y.srt,contents/structures/partial-orders-and-equivalence/vertical-a604c5db7bb5/representing-partial-orders-as-subset-relations/bHvMYZvZp7Y.srt,https://ocw.mit.edu/courses/electrical-engineering-and-computer-science/6-042j-mathematics-for-computer-science-spring-2015/structures/partial-orders-and-equivalence/vertical-a604c5db7bb5/,Official MIT OCW Spring 2015 course package,2015,srt,,10780,5fb338e70343fdd0a87bacf060b69d8cd0d25e379589240df10b6abe346d0636
caption-s-E5T3igntw,caption,18,2,2.7.4,Equivalence Relations: Video,s-E5T3igntw.srt,04_Captions/s-E5T3igntw.srt,contents/structures/partial-orders-and-equivalence/vertical-c6c01eb0d061/equivalence-relations/s-E5T3igntw.srt,https://ocw.mit.edu/courses/electrical-engineering-and-computer-science/6-042j-mathematics-for-computer-science-spring-2015/structures/partial-orders-and-equivalence/vertical-c6c01eb0d061/,Official MIT OCW Spring 2015 course package,2015,srt,,11228,9091099d4109f35688546449b1245d7896450171b93630a863de0d841d1e1fd4
caption-TIpnudrzvgg,caption,19,2,2.8.1,Degree: Video,TIpnudrzvgg.srt,04_Captions/TIpnudrzvgg.srt,contents/structures/tp7-2/degrees/TIpnudrzvgg.srt,https://ocw.mit.edu/courses/electrical-engineering-and-computer-science/6-042j-mathematics-for-computer-science-spring-2015/structures/tp7-2/,Official MIT OCW Spring 2015 course package,2015,srt,,18411,4d79c8d10935d3f03fed1ce90211fc1f47502aeb8d985cddd3f6558f0ed7b18d
caption-hVerxuP4cFg,caption,19,2,2.8.3,Isomorphism: Video,hVerxuP4cFg.srt,04_Captions/hVerxuP4cFg.srt,contents/structures/tp7-2/vertical-4cdac51413fd/isomorphism/hVerxuP4cFg.srt,https://ocw.mit.edu/courses/electrical-engineering-and-computer-science/6-042j-mathematics-for-computer-science-spring-2015/structures/tp7-2/vertical-4cdac51413fd/,Official MIT OCW Spring 2015 course package,2015,srt,,17791,f311e1edcb81a7dcf6ef3910da50bc904e63f66e2bb09b8481f5bf8b11f64506
caption-CpW0ZJ7i0oc,caption,2,1,1.2.1,Proof By Contradiction: Video,CpW0ZJ7i0oc.srt,04_Captions/CpW0ZJ7i0oc.srt,contents/proofs/tp1-2/proof-by-contradiction/CpW0ZJ7i0oc.srt,https://ocw.mit.edu/courses/electrical-engineering-and-computer-science/6-042j-mathematics-for-computer-science-spring-2015/proofs/tp1-2/,Official MIT OCW Spring 2015 course package,2015,srt,,12596,e1dc897cefa2ffccff28f9f73ce30aa88520b73c77c78630a1cad53af656aa20
caption-vzpFQ3uNyPo,caption,2,1,1.2.3,Proof By Cases: Video,vzpFQ3uNyPo.srt,04_Captions/vzpFQ3uNyPo.srt,contents/proofs/tp1-2/vertical-f502ca28cf17/proof-by-cases/vzpFQ3uNyPo.srt,https://ocw.mit.edu/courses/electrical-engineering-and-computer-science/6-042j-mathematics-for-computer-science-spring-2015/proofs/tp1-2/vertical-f502ca28cf17/,Official MIT OCW Spring 2015 course package,2015,srt,,10512,6d51f1c57b20649933022eb1accbce11fce91e3bc7d8ffeda45e8a594ba772a0
caption-5wCZqdCDafc,caption,20,2,2.9.4,k-Connectivity: Video,5wCZqdCDafc.srt,04_Captions/5wCZqdCDafc.srt,contents/structures/tp7-3/vertical-a730aa2d96d6/k-connectivity/5wCZqdCDafc.srt,https://ocw.mit.edu/courses/electrical-engineering-and-computer-science/6-042j-mathematics-for-computer-science-spring-2015/structures/tp7-3/vertical-a730aa2d96d6/,Official MIT OCW Spring 2015 course package,2015,srt,,12029,c9edfb1e5101cf89323e8b019c1c419f31dffbcad22d704ffcfa5ddbf41fe036
caption-Penh4mv5gAg,caption,20,2,2.9.1,Coloring: Video,Penh4mv5gAg.srt,04_Captions/Penh4mv5gAg.srt,contents/structures/tp7-3/coloring/Penh4mv5gAg.srt,https://ocw.mit.edu/courses/electrical-engineering-and-computer-science/6-042j-mathematics-for-computer-science-spring-2015/structures/tp7-3/,Official MIT OCW Spring 2015 course package,2015,srt,,25740,50087be098f133c0a70f2cb3d1c640b9da9f16cc7ab486cfbd31571e66daa15f
caption-TIQ3xN38jgM,caption,20,2,2.9.3,Connectivity: Video,TIQ3xN38jgM.srt,04_Captions/TIQ3xN38jgM.srt,contents/structures/tp7-3/vertical-857c6f8a582c/connectivity/TIQ3xN38jgM.srt,https://ocw.mit.edu/courses/electrical-engineering-and-computer-science/6-042j-mathematics-for-computer-science-spring-2015/structures/tp7-3/vertical-857c6f8a582c/,Official MIT OCW Spring 2015 course package,2015,srt,,5045,bad05ae00fea06a24b2bfe0d981fbae82d0a923f04e85af2de3980705fd1382e
caption-RqqzyWDVMA,caption,21,2,2.10.5,Spanning Trees: Video,RqqzyWDVMA.srt,04_Captions/RqqzyWDVMA.srt,contents/structures/tp8-1/vertical-2ef65242598f/spanning-trees/RqqzyWDVMA.srt,https://ocw.mit.edu/courses/electrical-engineering-and-computer-science/6-042j-mathematics-for-computer-science-spring-2015/structures/tp8-1/vertical-2ef65242598f/,Official MIT OCW Spring 2015 course package,2015,srt,,18398,daed94bbc966fce15bd9f0592fe72b2cf0c3b1b300383f603b5f717f15d19c8e
caption-ZEsk64C0fJg,caption,21,2,2.10.1,Trees: Video,ZEsk64C0fJg.srt,04_Captions/ZEsk64C0fJg.srt,contents/structures/tp8-1/trees/ZEsk64C0fJg.srt,https://ocw.mit.edu/courses/electrical-engineering-and-computer-science/6-042j-mathematics-for-computer-science-spring-2015/structures/tp8-1/,Official MIT OCW Spring 2015 course package,2015,srt,,13719,8b7a4431cdf78ed4420d0d635b502268edd58e6d38bf9e695e21fba8d4a085d4
caption-g2mOvmC1TKc,caption,21,2,2.10.3,Tree Coloring: Video,g2mOvmC1TKc.srt,04_Captions/g2mOvmC1TKc.srt,contents/structures/tp8-1/vertical-04923c3ed451/tree-coloring/g2mOvmC1TKc.srt,https://ocw.mit.edu/courses/electrical-engineering-and-computer-science/6-042j-mathematics-for-computer-science-spring-2015/structures/tp8-1/vertical-04923c3ed451/,Official MIT OCW Spring 2015 course package,2015,srt,,3204,19a25c0abd5c8110350f12cd27756f2c1baa57b721672eeba98b3765dc6b53a3
caption-6vgHIImFwHo,caption,22,2,2.11.2,Matching Ritual: Video,6vgHIImFwHo.srt,04_Captions/6vgHIImFwHo.srt,contents/structures/stable-matching/matching-ritual-video/mating-ritual/6vgHIImFwHo.srt,https://ocw.mit.edu/courses/electrical-engineering-and-computer-science/6-042j-mathematics-for-computer-science-spring-2015/structures/stable-matching/matching-ritual-video/,Official MIT OCW Spring 2015 course package,2015,srt,,14555,7d517614b61645bd20a982904f7274e4f308910f0be8a304db6eae1c136f395e
caption-HZLKDC9OSaQ,caption,22,2,2.11.7,Bipartite Matching: Video,HZLKDC9OSaQ.srt,04_Captions/HZLKDC9OSaQ.srt,contents/structures/stable-matching/bipartite-matching-video/bipartite-matching-0/HZLKDC9OSaQ.srt,https://ocw.mit.edu/courses/electrical-engineering-and-computer-science/6-042j-mathematics-for-computer-science-spring-2015/structures/stable-matching/bipartite-matching-video/,Official MIT OCW Spring 2015 course package,2015,srt,,6360,4b0b7065b96aa872ffb8dd00caab7a1cc442b8516c5de41eca69f0971b3922a8
caption-RE5PmdGNgj0,caption,22,2,2.11.1,Stable Matching: Video,RE5PmdGNgj0.srt,04_Captions/RE5PmdGNgj0.srt,contents/structures/stable-matching/stable-matching-0/RE5PmdGNgj0.srt,https://ocw.mit.edu/courses/electrical-engineering-and-computer-science/6-042j-mathematics-for-computer-science-spring-2015/structures/stable-matching/,Official MIT OCW Spring 2015 course package,2015,srt,,18873,3fe7f75ffd2c2d44342712549e41a292e962c8e2ba2ab9ec458371a0685383dc
caption-i5AWE-OoOsY,caption,22,2,2.11.9,Hall's Theorem: Video,i5AWE-OoOsY.srt,04_Captions/i5AWE-OoOsY.srt,contents/structures/stable-matching/hall-s-theorem-video/hall-s-theorem-0/i5AWE-OoOsY.srt,https://ocw.mit.edu/courses/electrical-engineering-and-computer-science/6-042j-mathematics-for-computer-science-spring-2015/structures/stable-matching/hall-s-theorem-video/,Official MIT OCW Spring 2015 course package,2015,srt,,23667,cd36f6f05a3d7197c4698cee03e6b67968c14148c2c137283440e779f87a5c64
caption-n4KKgKpp--0,caption,22,2,2.11.5,Optimal Stable Matching: Video,n4KKgKpp--0.srt,04_Captions/n4KKgKpp--0.srt,contents/structures/stable-matching/optimal-stable-matching-video/optimal-stable-matching/n4KKgKpp--0.srt,https://ocw.mit.edu/courses/electrical-engineering-and-computer-science/6-042j-mathematics-for-computer-science-spring-2015/structures/stable-matching/optimal-stable-matching-video/,Official MIT OCW Spring 2015 course package,2015,srt,,13897,e444bce218c4ac3c4d1f967aae9f06afbf609c05508d2d2b917e3614bd5d3fa1
caption-CdhuVhWTSMI,caption,23,3,3.1.5,Book Stacking: Video,CdhuVhWTSMI.srt,04_Captions/CdhuVhWTSMI.srt,contents/counting/tp8-2/vertical-d3f74a0ca5a8/book-stacking/CdhuVhWTSMI.srt,https://ocw.mit.edu/courses/electrical-engineering-and-computer-science/6-042j-mathematics-for-computer-science-spring-2015/counting/tp8-2/vertical-d3f74a0ca5a8/,Official MIT OCW Spring 2015 course package,2015,srt,,12533,63f053033bb765dd7e296429e92620897c8f037c99ce3094b4e06eef807fa319
caption-EegG5TPL29c,caption,23,3,3.1.7,Integral Method: Video,EegG5TPL29c.srt,04_Captions/EegG5TPL29c.srt,contents/counting/tp8-2/vertical-65e8069d3ac4/integral-method/EegG5TPL29c.srt,https://ocw.mit.edu/courses/electrical-engineering-and-computer-science/6-042j-mathematics-for-computer-science-spring-2015/counting/tp8-2/vertical-65e8069d3ac4/,Official MIT OCW Spring 2015 course package,2015,srt,,14729,837eb8359d8a6cf27dc0010a6942bafb245fe05e62e3d22569b5afc19d15a859
caption-ZDQk45NQbEo,caption,23,3,3.1.3,Geometric Sums: Video,ZDQk45NQbEo.srt,04_Captions/ZDQk45NQbEo.srt,contents/counting/tp8-2/vertical-46a80f3884d6/geometric-sums/ZDQk45NQbEo.srt,https://ocw.mit.edu/courses/electrical-engineering-and-computer-science/6-042j-mathematics-for-computer-science-spring-2015/counting/tp8-2/vertical-46a80f3884d6/,Official MIT OCW Spring 2015 course package,2015,srt,,15949,b96deb2de9ae6cbe21013579258f9e86a16f9b7240a4c9e933cbef23af6f0a40
caption-lU_QT5GSuxI,caption,23,3,3.1.9,Stirling's Formula: Video,lU_QT5GSuxI.srt,04_Captions/lU_QT5GSuxI.srt,contents/counting/tp8-2/vertical-356e14210c43/stirling-s-formula/lU_QT5GSuxI.srt,https://ocw.mit.edu/courses/electrical-engineering-and-computer-science/6-042j-mathematics-for-computer-science-spring-2015/counting/tp8-2/vertical-356e14210c43/,Official MIT OCW Spring 2015 course package,2015,srt,,8979,56f96309d699dc1b9e2900b9b1c77b1c0080850ad2c9897214c6031fae6ba7da
caption-v6axtBS6IF8,caption,23,3,3.1.1,Arithmetic Sums: Video,v6axtBS6IF8.srt,04_Captions/v6axtBS6IF8.srt,contents/counting/tp8-2/arithmetic-sums/v6axtBS6IF8.srt,https://ocw.mit.edu/courses/electrical-engineering-and-computer-science/6-042j-mathematics-for-computer-science-spring-2015/counting/tp8-2/,Official MIT OCW Spring 2015 course package,2015,srt,,6189,2a554ce35229cf97539572f5b24d4e06dacc012f277b54e74ff71388e8390d69
caption-CWkh5kb4TGc,caption,24,3,3.2.1,Asymptotic Notation: Video,CWkh5kb4TGc.srt,04_Captions/CWkh5kb4TGc.srt,contents/counting/tp8-3/asymptotic-notation/CWkh5kb4TGc.srt,https://ocw.mit.edu/courses/electrical-engineering-and-computer-science/6-042j-mathematics-for-computer-science-spring-2015/counting/tp8-3/,Official MIT OCW Spring 2015 course package,2015,srt,,11328,3ed192205d3ca67705551c49316896a8ce2708d36988d2cfe3d50a15c125758e
caption-HeyEK0TWiBw,caption,24,3,3.2.3,Asymptotic Properties: Video,HeyEK0TWiBw.srt,04_Captions/HeyEK0TWiBw.srt,contents/counting/tp8-3/vertical-e35ce9684389/asymptotic-properties/HeyEK0TWiBw.srt,https://ocw.mit.edu/courses/electrical-engineering-and-computer-science/6-042j-mathematics-for-computer-science-spring-2015/counting/tp8-3/vertical-e35ce9684389/,Official MIT OCW Spring 2015 course package,2015,srt,,15083,f293bfa60af38667466899b0fcccc4779aad59b2d99784210933583ebaf1fa04
caption-Y9Blo_G-Mvg,caption,24,3,3.2.6,Asymptotic Blunders: Video,Y9Blo_G-Mvg.srt,04_Captions/Y9Blo_G-Mvg.srt,contents/counting/tp8-3/vertical-f4d8cd185706/asymptotic-blunders/Y9Blo_G-Mvg.srt,https://ocw.mit.edu/courses/electrical-engineering-and-computer-science/6-042j-mathematics-for-computer-science-spring-2015/counting/tp8-3/vertical-f4d8cd185706/,Official MIT OCW Spring 2015 course package,2015,srt,,7078,74fbf825a3821168e4ae6c8b14182b60c677efbf1ec5dcbf37b8a1e371b968c3
caption-n0lce1dMAh8,caption,25,3,3.3.3,Counting with Bijections: Video,n0lce1dMAh8.srt,04_Captions/n0lce1dMAh8.srt,contents/counting/tp9-1/vertical-96a6db418419/bijections/n0lce1dMAh8.srt,https://ocw.mit.edu/courses/electrical-engineering-and-computer-science/6-042j-mathematics-for-computer-science-spring-2015/counting/tp9-1/vertical-96a6db418419/,Official MIT OCW Spring 2015 course package,2015,srt,,17999,740a385e37aadfe67ed22415dfff88d19fa2e98200ef53e54f9f23fc5422222f
caption-yTrtVwKZkwU,caption,25,3,3.3.1,Sum And Product Rules: Video,yTrtVwKZkwU.srt,04_Captions/yTrtVwKZkwU.srt,contents/counting/tp9-1/sum-and-product-rules/yTrtVwKZkwU.srt,https://ocw.mit.edu/courses/electrical-engineering-and-computer-science/6-042j-mathematics-for-computer-science-spring-2015/counting/tp9-1/,Official MIT OCW Spring 2015 course package,2015,srt,,10726,eb74308f3a62229a0595a714ed84b9d978f839a2d3cad480745f5785c4fb2967
caption-HswnmlLPGZ4,caption,26,3,3.4.3,Two Pair Poker Hands: Video,HswnmlLPGZ4.srt,04_Captions/HswnmlLPGZ4.srt,contents/counting/tp9-2/vertical-cb7317c8f4ec/two-pair-poker-hands/HswnmlLPGZ4.srt,https://ocw.mit.edu/courses/electrical-engineering-and-computer-science/6-042j-mathematics-for-computer-science-spring-2015/counting/tp9-2/vertical-cb7317c8f4ec/,Official MIT OCW Spring 2015 course package,2015,srt,,11490,5a7ca824741c27957913e982f71d7eb95b31c5c34329eb21deed700043f71774
caption-iDfyX8WRIyM,caption,26,3,3.4.1,Generalized Counting Rules: Video,iDfyX8WRIyM.srt,04_Captions/iDfyX8WRIyM.srt,contents/counting/tp9-2/generalized-counting-rules/iDfyX8WRIyM.srt,https://ocw.mit.edu/courses/electrical-engineering-and-computer-science/6-042j-mathematics-for-computer-science-spring-2015/counting/tp9-2/,Official MIT OCW Spring 2015 course package,2015,srt,,15074,3274b35851bf53690f442328313ab7de129e6dd3aab80706005701a0da1d8d93
caption-juGgfHsO-xM,caption,26,3,3.4.5,Multinomial Theorem: Video,juGgfHsO-xM.srt,04_Captions/juGgfHsO-xM.srt,contents/counting/tp9-2/vertical-436d8f042056/bookkeeper-rule-multinomial-theorem/juGgfHsO-xM.srt,https://ocw.mit.edu/courses/electrical-engineering-and-computer-science/6-042j-mathematics-for-computer-science-spring-2015/counting/tp9-2/vertical-436d8f042056/,Official MIT OCW Spring 2015 course package,2015,srt,,11801,44964bd517acf2d36c216be59347ed8918750ff6333311308e08f85748b9f193
caption-jwjDj4GoSV0,caption,26,3,3.4.4,Binomial Theorem: Video,jwjDj4GoSV0.srt,04_Captions/jwjDj4GoSV0.srt,contents/counting/tp9-2/vertical-a7fe1b9ddc0c/binomial-theorem/jwjDj4GoSV0.srt,https://ocw.mit.edu/courses/electrical-engineering-and-computer-science/6-042j-mathematics-for-computer-science-spring-2015/counting/tp9-2/vertical-a7fe1b9ddc0c/,Official MIT OCW Spring 2015 course package,2015,srt,,8121,a6ae29d140b11d6d261e2fd12d1a7fbf75c969b40964b1f13312082bf2893601
caption-4Dz4vNUxnZM,caption,27,3,3.5.1,The Pigeonhole Principle: Video,4Dz4vNUxnZM.srt,04_Captions/4Dz4vNUxnZM.srt,contents/counting/tp10-1/the-pigeonhole-principle/4Dz4vNUxnZM.srt,https://ocw.mit.edu/courses/electrical-engineering-and-computer-science/6-042j-mathematics-for-computer-science-spring-2015/counting/tp10-1/,Official MIT OCW Spring 2015 course package,2015,srt,,6542,660bb43e4db94121d054af07963eb401b286e7ba4506cecfbf2997dcad20ef18
caption-51-b2mgZVNY,caption,27,3,3.5.3,Inclusion-Exclusion Example: Video,51-b2mgZVNY.srt,04_Captions/51-b2mgZVNY.srt,contents/counting/tp10-1/vertical-6d18e84b97d0/inclusion-exclusion-example/51-b2mgZVNY.srt,https://ocw.mit.edu/courses/electrical-engineering-and-computer-science/6-042j-mathematics-for-computer-science-spring-2015/counting/tp10-1/vertical-6d18e84b97d0/,Official MIT OCW Spring 2015 course package,2015,srt,,18774,8f385e0fcaae3c6778b3c1f1eb36d5600bac6b53112f7c88e485e823b824492d
caption-nwpzBE9IwJQ,caption,27,3,3.5.4,Inclusion-Exclusion 2 Sets: Video,nwpzBE9IwJQ.srt,04_Captions/nwpzBE9IwJQ.srt,contents/counting/tp10-1/vertical-d7d25ffeb295/inclusion-exclusion-2-sets/nwpzBE9IwJQ.srt,https://ocw.mit.edu/courses/electrical-engineering-and-computer-science/6-042j-mathematics-for-computer-science-spring-2015/counting/tp10-1/vertical-d7d25ffeb295/,Official MIT OCW Spring 2015 course package,2015,srt,,10236,5710204c206eb0d41793da9a27b7828675869131d07e3bc1b9a8516b66888f5d
caption-Amd_bNYzgUw,caption,28,4,4.1.5,Sample Spaces: Video,Amd_bNYzgUw.srt,04_Captions/Amd_bNYzgUw.srt,contents/probability/tp11-2/vertical-7e0be1baca38/sample-spaces/Amd_bNYzgUw.srt,https://ocw.mit.edu/courses/electrical-engineering-and-computer-science/6-042j-mathematics-for-computer-science-spring-2015/probability/tp11-2/vertical-7e0be1baca38/,Official MIT OCW Spring 2015 course package,2015,srt,,15967,7417aa254451260cbebaff3be19783f3e786b1d0fe659fbff4b8cdd27cf8db5d
caption-L30HPgryd6I,caption,28,4,4.1.3,Simplified Monty Hall Tree: Video,L30HPgryd6I.srt,04_Captions/L30HPgryd6I.srt,contents/probability/tp11-2/vertical-65858dc50455/simplified-monty-hall-tree/L30HPgryd6I.srt,https://ocw.mit.edu/courses/electrical-engineering-and-computer-science/6-042j-mathematics-for-computer-science-spring-2015/probability/tp11-2/vertical-65858dc50455/,Official MIT OCW Spring 2015 course package,2015,srt,,12099,6635ac05e0f4ffe4f28c7b609c67ccc3d7a643ccbf93fd62ed93d15791795c2e
caption-dEsFEK4vnV4,caption,28,4,4.1.1,Tree Model: Video,dEsFEK4vnV4.srt,04_Captions/dEsFEK4vnV4.srt,contents/probability/tp11-2/tree-model/dEsFEK4vnV4.srt,https://ocw.mit.edu/courses/electrical-engineering-and-computer-science/6-042j-mathematics-for-computer-science-spring-2015/probability/tp11-2/,Official MIT OCW Spring 2015 course package,2015,srt,,40278,3ebba089bd6f448f7b4747c1bc90bce05734bd7e356f8fd4ea99919e0a7572a7
caption-BEAv82FinM0,caption,29,4,4.2.7,Monty Hall Problem: Video,BEAv82FinM0.srt,04_Captions/BEAv82FinM0.srt,contents/probability/tp12-1/vertical-038350815734/monty-hall-conditional-confusions/BEAv82FinM0.srt,https://ocw.mit.edu/courses/electrical-engineering-and-computer-science/6-042j-mathematics-for-computer-science-spring-2015/probability/tp12-1/vertical-038350815734/,Official MIT OCW Spring 2015 course package,2015,srt,,13134,9ab847e4ebbe452f2861ebe301b2c1a77e8625b2b6c6d34f03538ca127f71987
caption-Cu9_LaaWgHo,caption,29,4,4.2.1,Conditional Probability Definitions: Video,Cu9_LaaWgHo.srt,04_Captions/Cu9_LaaWgHo.srt,contents/probability/tp12-1/definitions/Cu9_LaaWgHo.srt,https://ocw.mit.edu/courses/electrical-engineering-and-computer-science/6-042j-mathematics-for-computer-science-spring-2015/probability/tp12-1/,Official MIT OCW Spring 2015 course package,2015,srt,,19281,1ea5352d89f97ebbd17c0da0405fc72e47c02c66bfec0cd87ec6cfbd6fe5e9b4
caption-F3y8qupFfUs,caption,29,4,4.2.3,Law of Total Probability: Video,F3y8qupFfUs.srt,04_Captions/F3y8qupFfUs.srt,contents/probability/tp12-1/vertical-4689ff047559/law-of-total-probability/F3y8qupFfUs.srt,https://ocw.mit.edu/courses/electrical-engineering-and-computer-science/6-042j-mathematics-for-computer-science-spring-2015/probability/tp12-1/vertical-4689ff047559/,Official MIT OCW Spring 2015 course package,2015,srt,,5527,0842316189d3c2d62b13c9d71769063df2a04eaae9d9f5f679af040fd386cf14
caption-e-yQFC6dACA,caption,29,4,4.2.5,Bayes' Theorem: Video,e-yQFC6dACA.srt,04_Captions/e-yQFC6dACA.srt,contents/probability/tp12-1/vertical-1f097d8a0a33/bayes-theorem/e-yQFC6dACA.srt,https://ocw.mit.edu/courses/electrical-engineering-and-computer-science/6-042j-mathematics-for-computer-science-spring-2015/probability/tp12-1/vertical-1f097d8a0a33/,Official MIT OCW Spring 2015 course package,2015,srt,,18676,1b8bafb66270edffc6842e929c62f4409b8d906d540e56a043343eafb13381ca
caption-I1HpgnWQI7I,caption,3,1,1.3.3,Well Ordering Principle 2: Video,I1HpgnWQI7I.srt,04_Captions/I1HpgnWQI7I.srt,contents/proofs/tp2-1/vertical-735460178366/well-ordering-principle-2/I1HpgnWQI7I.srt,https://ocw.mit.edu/courses/electrical-engineering-and-computer-science/6-042j-mathematics-for-computer-science-spring-2015/proofs/tp2-1/vertical-735460178366/,Official MIT OCW Spring 2015 course package,2015,srt,,8255,f03934959d8dfe32e374b1144dfefb5b6912e4e2637e5cd75fa86b652b8ff6a0
caption-fV3v6qQ3w4A,caption,3,1,1.3.1,Well Ordering Principle 1: Video,fV3v6qQ3w4A.srt,04_Captions/fV3v6qQ3w4A.srt,contents/proofs/tp2-1/well-ordering-principle-1/fV3v6qQ3w4A.srt,https://ocw.mit.edu/courses/electrical-engineering-and-computer-science/6-042j-mathematics-for-computer-science-spring-2015/proofs/tp2-1/,Official MIT OCW Spring 2015 course package,2015,srt,,9024,4124aacc2dfd378d3a34fffb8d06ecd6c2d0bcfc1ae6c3e4ec9c1349716ae048
caption-hNrtGiCFPGs,caption,3,1,1.3.5,Well Ordering Principle 3: Video,hNrtGiCFPGs.srt,04_Captions/hNrtGiCFPGs.srt,contents/proofs/tp2-1/vertical-4bb7930de7ec/well-ordering-principle-3/hNrtGiCFPGs.srt,https://ocw.mit.edu/courses/electrical-engineering-and-computer-science/6-042j-mathematics-for-computer-science-spring-2015/proofs/tp2-1/vertical-4bb7930de7ec/,Official MIT OCW Spring 2015 course package,2015,srt,,9044,2b7a4135f097e0724d93d6cbfdc8d91c7e87e9ca5f40ef0dc275726484f70780
caption-1vQ2x5O_xqk,caption,30,4,4.3.1,Independence: Video,1vQ2x5O_xqk.srt,04_Captions/1vQ2x5O_xqk.srt,contents/probability/tp12-2/independence/1vQ2x5O_xqk.srt,https://ocw.mit.edu/courses/electrical-engineering-and-computer-science/6-042j-mathematics-for-computer-science-spring-2015/probability/tp12-2/,Official MIT OCW Spring 2015 course package,2015,srt,,6194,cf3523466108856d71259a3fb2989ef76a572494c85393d9c9562363bb96e643
caption-wJzBU7Do1ls,caption,30,4,4.3.3,Mutual Independence: Video,wJzBU7Do1ls.srt,04_Captions/wJzBU7Do1ls.srt,contents/probability/tp12-2/vertical-9c80216b7495/mutual-independence/wJzBU7Do1ls.srt,https://ocw.mit.edu/courses/electrical-engineering-and-computer-science/6-042j-mathematics-for-computer-science-spring-2015/probability/tp12-2/vertical-9c80216b7495/,Official MIT OCW Spring 2015 course package,2015,srt,,12832,917bd0a0d859e5218eee9340c5504bf672bcf23bdc23cc2b6cabb528c3145328
caption-BH4qlkYCLW0,caption,31,4,4.4.1,Bigger Number Game: Video,BH4qlkYCLW0.srt,04_Captions/BH4qlkYCLW0.srt,contents/probability/tp12-3/bigger-number-game/BH4qlkYCLW0.srt,https://ocw.mit.edu/courses/electrical-engineering-and-computer-science/6-042j-mathematics-for-computer-science-spring-2015/probability/tp12-3/,Official MIT OCW Spring 2015 course package,2015,srt,,19865,b40251e5cf4d758aa67007880975dad9ea19007da6862f59ff92ea6887c5e85b
caption-L2yOSFsMvnc,caption,31,4,4.4.4,Random Variables: Uniform & Binomial: Video,L2yOSFsMvnc.srt,04_Captions/L2yOSFsMvnc.srt,contents/probability/tp12-3/vertical-c596d4103fc3/random-variables-uniform-binomial/L2yOSFsMvnc.srt,https://ocw.mit.edu/courses/electrical-engineering-and-computer-science/6-042j-mathematics-for-computer-science-spring-2015/probability/tp12-3/vertical-c596d4103fc3/,Official MIT OCW Spring 2015 course package,2015,srt,,17473,f4a2acc8805209734c59f371c603145b32b568ce44f1a4856bcf1e1d92006922
caption-VJzv6WJTtNc,caption,31,4,4.4.2,Random Variables: Independence: Video,VJzv6WJTtNc.srt,04_Captions/VJzv6WJTtNc.srt,contents/probability/tp12-3/vertical-af2ad400f984/random-variables-independence/VJzv6WJTtNc.srt,https://ocw.mit.edu/courses/electrical-engineering-and-computer-science/6-042j-mathematics-for-computer-science-spring-2015/probability/tp12-3/vertical-af2ad400f984/,Official MIT OCW Spring 2015 course package,2015,srt,,24432,bbef258792bd358421e984e22d4f064af2929b839039fb37e6fe98ca216a7503
caption-D9l-pIg1Ayo,caption,32,4,4.5.3,Expected Number Of Heads: Video,D9l-pIg1Ayo.srt,04_Captions/D9l-pIg1Ayo.srt,contents/probability/tp13-1/vertical-07d1783f0da3/expected-number-of-heads/D9l-pIg1Ayo.srt,https://ocw.mit.edu/courses/electrical-engineering-and-computer-science/6-042j-mathematics-for-computer-science-spring-2015/probability/tp13-1/vertical-07d1783f0da3/,Official MIT OCW Spring 2015 course package,2015,srt,,6634,bb21e38e95eb515e125e12813725b8b12ec3616bd2a5eef3bd85ca89e5dc52d1
caption-Dqx56lZ_icg,caption,32,4,4.5.7,Mean Time to Failure: Video,Dqx56lZ_icg.srt,04_Captions/Dqx56lZ_icg.srt,contents/probability/tp13-1/vertical-e8dee31ddd76/mean-time-to-failure/Dqx56lZ_icg.srt,https://ocw.mit.edu/courses/electrical-engineering-and-computer-science/6-042j-mathematics-for-computer-science-spring-2015/probability/tp13-1/vertical-e8dee31ddd76/,Official MIT OCW Spring 2015 course package,2015,srt,,17126,71633343be863ebd605bbee6a0736b8fbd139d23fddbb9d0658b12331e59dcb7
caption-KFcodn4qfrQ,caption,32,4,4.5.9,Linearity of Expectation: Video,KFcodn4qfrQ.srt,04_Captions/KFcodn4qfrQ.srt,contents/probability/tp13-1/vertical-49ea207a6233/linearity-of-expectation/KFcodn4qfrQ.srt,https://ocw.mit.edu/courses/electrical-engineering-and-computer-science/6-042j-mathematics-for-computer-science-spring-2015/probability/tp13-1/vertical-49ea207a6233/,Official MIT OCW Spring 2015 course package,2015,srt,,28207,95c6c9cf97f402526d5aca8a82d1f51e003932355b6490a72b89bc023c5b7ba8
caption-YVQdVzSkcmQ,caption,32,4,4.5.1,Expectation: Video,YVQdVzSkcmQ.srt,04_Captions/YVQdVzSkcmQ.srt,contents/probability/tp13-1/expectation/YVQdVzSkcmQ.srt,https://ocw.mit.edu/courses/electrical-engineering-and-computer-science/6-042j-mathematics-for-computer-science-spring-2015/probability/tp13-1/,Official MIT OCW Spring 2015 course package,2015,srt,,30325,91b72b88492df775cb9f6e6b7dc0549fdeaad37a1f681b0b0eb68bd8a55ec03e
caption-mqoDXWrSais,caption,32,4,4.5.5,Total Expectation: Video,mqoDXWrSais.srt,04_Captions/mqoDXWrSais.srt,contents/probability/tp13-1/vertical-6913b2097610/total-expectation/mqoDXWrSais.srt,https://ocw.mit.edu/courses/electrical-engineering-and-computer-science/6-042j-mathematics-for-computer-science-spring-2015/probability/tp13-1/vertical-6913b2097610/,Official MIT OCW Spring 2015 course package,2015,srt,,6612,3fe21dcee6cd426c77478122840f0c42f1c97575b92c262751a5dea87f00fbcf
caption-ALn1McUXg-c,caption,33,4,4.6.1,Deviation From The Mean: Video,ALn1McUXg-c.srt,04_Captions/ALn1McUXg-c.srt,contents/probability/tp13-2/deviation-from-the-mean/ALn1McUXg-c.srt,https://ocw.mit.edu/courses/electrical-engineering-and-computer-science/6-042j-mathematics-for-computer-science-spring-2015/probability/tp13-2/,Official MIT OCW Spring 2015 course package,2015,srt,,11627,a22d1815f88ed8666e52235f2c16c112d2d342bd8c5015186b0e446973f8556b
caption-m07lrb7m0D0,caption,33,4,4.6.3,Markov Bounds: Video,m07lrb7m0D0.srt,04_Captions/m07lrb7m0D0.srt,contents/probability/tp13-2/vertical-8307292b80cb/markov-bounds/m07lrb7m0D0.srt,https://ocw.mit.edu/courses/electrical-engineering-and-computer-science/6-042j-mathematics-for-computer-science-spring-2015/probability/tp13-2/vertical-8307292b80cb/,Official MIT OCW Spring 2015 course package,2015,srt,,13617,d6f50d4b2e2bfef423c0fdf9fc474132f62939c0336578e7260f389d23b0940c
caption-o57CTwt1-ck,caption,33,4,4.6.7,Variance: Video,o57CTwt1-ck.srt,04_Captions/o57CTwt1-ck.srt,contents/probability/tp13-2/vertical-0646c16ad916/variance/o57CTwt1-ck.srt,https://ocw.mit.edu/courses/electrical-engineering-and-computer-science/6-042j-mathematics-for-computer-science-spring-2015/probability/tp13-2/vertical-0646c16ad916/,Official MIT OCW Spring 2015 course package,2015,srt,,22499,d111b65d81775797398803b83df9783d93b50446debb182f479ea0d17a19f36f
caption-uaa4P-kkLrA,caption,33,4,4.6.5,Chebyshev Bounds: Video,uaa4P-kkLrA.srt,04_Captions/uaa4P-kkLrA.srt,contents/probability/tp13-2/vertical-49f940bfd8d6/chebyshev-bounds/uaa4P-kkLrA.srt,https://ocw.mit.edu/courses/electrical-engineering-and-computer-science/6-042j-mathematics-for-computer-science-spring-2015/probability/tp13-2/vertical-49f940bfd8d6/,Official MIT OCW Spring 2015 course package,2015,srt,,16412,1c848f049f8377a8595f1781dfde8b817eff5a7d6b35a8118592918098a782bb
caption--yo3YxfY47g,caption,34,4,4.7.1,Law Of Large Numbers: Video,-yo3YxfY47g.srt,04_Captions/-yo3YxfY47g.srt,contents/probability/tp14-1/law-of-large-numbers/-yo3YxfY47g.srt,https://ocw.mit.edu/courses/electrical-engineering-and-computer-science/6-042j-mathematics-for-computer-science-spring-2015/probability/tp14-1/,Official MIT OCW Spring 2015 course package,2015,srt,,19951,10f8b66897a55b22032a0ae62d4a6e807d9ca5d3be69a7854c04158639275b41
caption-MMn7q1M7pGI,caption,34,4,4.7.3,Independent Sampling Theorem: Video,MMn7q1M7pGI.srt,04_Captions/MMn7q1M7pGI.srt,contents/probability/tp14-1/vertical-872c5ec0974e/independent-sampling-theorem/MMn7q1M7pGI.srt,https://ocw.mit.edu/courses/electrical-engineering-and-computer-science/6-042j-mathematics-for-computer-science-spring-2015/probability/tp14-1/vertical-872c5ec0974e/,Official MIT OCW Spring 2015 course package,2015,srt,,10337,47ac27c3983b87826a815d7086687ed330835abb242e02757626114a5ba3a8a6
caption-Q-6Cw8tYVeY,caption,34,4,4.7.7,Sampling & Confidence: Video,Q-6Cw8tYVeY.srt,04_Captions/Q-6Cw8tYVeY.srt,contents/probability/tp14-1/vertical-83cee7032f8c/sampling-confidence/Q-6Cw8tYVeY.srt,https://ocw.mit.edu/courses/electrical-engineering-and-computer-science/6-042j-mathematics-for-computer-science-spring-2015/probability/tp14-1/vertical-83cee7032f8c/,Official MIT OCW Spring 2015 course package,2015,srt,,19413,d095ff3b3c33e395d96811bbd1ce636afe9a30ebb9c16e152cef7f1b02077537
caption-TWVntUfXsKs,caption,34,4,4.7.5,Birthday Matching: Video,TWVntUfXsKs.srt,04_Captions/TWVntUfXsKs.srt,contents/probability/tp14-1/vertical-82840a0ba306/birthday-matching/TWVntUfXsKs.srt,https://ocw.mit.edu/courses/electrical-engineering-and-computer-science/6-042j-mathematics-for-computer-science-spring-2015/probability/tp14-1/vertical-82840a0ba306/,Official MIT OCW Spring 2015 course package,2015,srt,,18578,576c241dd07b04e1016b682c9b95a0ca48517b710a74463ac83a8f3d98a70801
caption--j7MoM3P_J8,caption,35,4,4.8.1,Random Walks: Video,-j7MoM3P_J8.srt,04_Captions/-j7MoM3P_J8.srt,contents/probability/random-walks-pagerank/random-walks/-j7MoM3P_J8.srt,https://ocw.mit.edu/courses/electrical-engineering-and-computer-science/6-042j-mathematics-for-computer-science-spring-2015/probability/random-walks-pagerank/,Official MIT OCW Spring 2015 course package,2015,srt,,16585,17f4f2e12c3f3959cc677b2b449d75240ea50047694e2a99bc6a2a02eb2e0306
caption-QKO_2WQkZ0k,caption,35,4,4.8.3,Page Rank: Video,QKO_2WQkZ0k.srt,04_Captions/QKO_2WQkZ0k.srt,contents/probability/random-walks-pagerank/page-rank-video/page-rank/QKO_2WQkZ0k.srt,https://ocw.mit.edu/courses/electrical-engineering-and-computer-science/6-042j-mathematics-for-computer-science-spring-2015/probability/random-walks-pagerank/page-rank-video/,Official MIT OCW Spring 2015 course package,2015,srt,,16910,7cb0f42937f7883fa71cc7d03ba17756a6e84e0f228bc7f2314ac2c243a20b9c
caption-iZX8WEGZTVw,caption,35,4,4.8.2,Stationary Distributions: Video,iZX8WEGZTVw.srt,04_Captions/iZX8WEGZTVw.srt,contents/probability/random-walks-pagerank/stationary-distributions-video/stationary-distributions/iZX8WEGZTVw.srt,https://ocw.mit.edu/courses/electrical-engineering-and-computer-science/6-042j-mathematics-for-computer-science-spring-2015/probability/random-walks-pagerank/stationary-distributions-video/,Official MIT OCW Spring 2015 course package,2015,srt,,24944,e6621c6b591fa87387d439141353fcc2d5b226dc6d0165497e1d45e8b6134503
caption-0exBzsexUoI,caption,4,1,1.4.1,Propositional Operators: Video,0exBzsexUoI.srt,04_Captions/0exBzsexUoI.srt,contents/proofs/tp2-2/propositional-operators/0exBzsexUoI.srt,https://ocw.mit.edu/courses/electrical-engineering-and-computer-science/6-042j-mathematics-for-computer-science-spring-2015/proofs/tp2-2/,Official MIT OCW Spring 2015 course package,2015,srt,,14895,140c9e3c2ccdf9bb17a06abe29858f6b961b6bbb040d09db85716d87c100dc3a
caption-3WDzxt5p8c,caption,4,1,1.4.4,Truth Tables: Video,3WDzxt5p8c.srt,04_Captions/3WDzxt5p8c.srt,contents/proofs/tp2-2/truth-tables-video/truth-tables/3WDzxt5p8c.srt,https://ocw.mit.edu/courses/electrical-engineering-and-computer-science/6-042j-mathematics-for-computer-science-spring-2015/proofs/tp2-2/truth-tables-video/,Official MIT OCW Spring 2015 course package,2015,srt,,21124,6b2847e6feb3d99e7dcbc818620765084d2b95c210b72063461ef43b78234067
caption-eMWG-jTh-GE,caption,4,1,1.4.3,Digital Logic: Video,eMWG-jTh-GE.srt,04_Captions/eMWG-jTh-GE.srt,contents/proofs/tp2-2/digital-logic-video/digital-logic/eMWG-jTh-GE.srt,https://ocw.mit.edu/courses/electrical-engineering-and-computer-science/6-042j-mathematics-for-computer-science-spring-2015/proofs/tp2-2/digital-logic-video/,Official MIT OCW Spring 2015 course package,2015,srt,,15513,82b923bfde202a94ae3b29e3d68f8db19b101677c82cf8f7da38c7f0fb7f294b
caption-L5uBeAGJV1k,caption,5,1,1.5.4,Predicate Logic 3: Video,L5uBeAGJV1k.srt,04_Captions/L5uBeAGJV1k.srt,contents/proofs/tp3-1/vertical-ef4691d3280b/predicate-logic-3/L5uBeAGJV1k.srt,https://ocw.mit.edu/courses/electrical-engineering-and-computer-science/6-042j-mathematics-for-computer-science-spring-2015/proofs/tp3-1/vertical-ef4691d3280b/,Official MIT OCW Spring 2015 course package,2015,srt,,12577,ef6cb42d6569a914ca890946a527399f8ad76f32589cbaa260e32e0ba26e9569
caption-T1AtlGrCoU8,caption,5,1,1.5.2,Predicate Logic 2: Video,T1AtlGrCoU8.srt,04_Captions/T1AtlGrCoU8.srt,contents/proofs/tp3-1/vertical-7b4a11771cb1/predicate-logic-2/T1AtlGrCoU8.srt,https://ocw.mit.edu/courses/electrical-engineering-and-computer-science/6-042j-mathematics-for-computer-science-spring-2015/proofs/tp3-1/vertical-7b4a11771cb1/,Official MIT OCW Spring 2015 course package,2015,srt,,17677,922dad46d4d3f0034a3fcc418e00f13032544387f3819da256f5ab6273f29798
caption-UroprmQHTLc,caption,5,1,1.5.1,Predicate Logic 1: Video,UroprmQHTLc.srt,04_Captions/UroprmQHTLc.srt,contents/proofs/tp3-1/predicate-logic-1/UroprmQHTLc.srt,https://ocw.mit.edu/courses/electrical-engineering-and-computer-science/6-042j-mathematics-for-computer-science-spring-2015/proofs/tp3-1/,Official MIT OCW Spring 2015 course package,2015,srt,,17524,5093159608e4871989182fab621bfe44f1a6864dcf79d32b72fa6f7399dea1b5
caption-KZ7jjLTQ9r4,caption,6,1,1.6.1,Sets Definitions: Video,KZ7jjLTQ9r4.srt,04_Captions/KZ7jjLTQ9r4.srt,contents/proofs/tp3-2/sets-definitions/KZ7jjLTQ9r4.srt,https://ocw.mit.edu/courses/electrical-engineering-and-computer-science/6-042j-mathematics-for-computer-science-spring-2015/proofs/tp3-2/,Official MIT OCW Spring 2015 course package,2015,srt,,18153,db20e83260e54a28a2ee34cb0a1c37371662787a22c21dddc61c4c098ce04d2c
caption-Mhip1rljvRo,caption,6,1,1.6.2,Sets Operations: Video,Mhip1rljvRo.srt,04_Captions/Mhip1rljvRo.srt,contents/proofs/tp3-2/vertical-822cbc94ed34/sets-operations/Mhip1rljvRo.srt,https://ocw.mit.edu/courses/electrical-engineering-and-computer-science/6-042j-mathematics-for-computer-science-spring-2015/proofs/tp3-2/vertical-822cbc94ed34/,Official MIT OCW Spring 2015 course package,2015,srt,,14120,b45734189ebe405bd101091c20704e5183c35067f14b06b2119507888db6697a
caption-FkfsmwAtDdY,caption,7,1,1.7.1,Relations: Video,FkfsmwAtDdY.srt,04_Captions/FkfsmwAtDdY.srt,contents/proofs/tp3-3/relations/FkfsmwAtDdY.srt,https://ocw.mit.edu/courses/electrical-engineering-and-computer-science/6-042j-mathematics-for-computer-science-spring-2015/proofs/tp3-3/,Official MIT OCW Spring 2015 course package,2015,srt,,34850,3efe05487acba43e03d0fc55eaddb8b31439a748c6c99ff19dbcb6d166dfa180
caption-fpy5Hsz5t6E,caption,7,1,1.7.5,Finite Cardinality: Video,fpy5Hsz5t6E.srt,04_Captions/fpy5Hsz5t6E.srt,contents/proofs/tp3-3/vertical-aecd80da5c9a/finite-cardinality/fpy5Hsz5t6E.srt,https://ocw.mit.edu/courses/electrical-engineering-and-computer-science/6-042j-mathematics-for-computer-science-spring-2015/proofs/tp3-3/vertical-aecd80da5c9a/,Official MIT OCW Spring 2015 course package,2015,srt,,17149,b62d2f5f70f79c797003aad298d2679c2090e5f81c87d9985b382008ac2b2c04
caption-gFD1Lp6zK3w,caption,7,1,1.7.3,Relational Mappings: Video,gFD1Lp6zK3w.srt,04_Captions/gFD1Lp6zK3w.srt,contents/proofs/tp3-3/vertical-360a6e85d0f4/relational-mappings/gFD1Lp6zK3w.srt,https://ocw.mit.edu/courses/electrical-engineering-and-computer-science/6-042j-mathematics-for-computer-science-spring-2015/proofs/tp3-3/vertical-360a6e85d0f4/,Official MIT OCW Spring 2015 course package,2015,srt,,13451,bfe0ab4251b7aecf0329f4c85b595cbe9e610d5813c84abbac9463951a6efffa
caption-D3E5CKebKuQ,caption,8,1,1.8.2,Bogus Induction: Video,D3E5CKebKuQ.srt,04_Captions/D3E5CKebKuQ.srt,contents/proofs/tp4-1/vertical-9984d57d43e5/bogus-induction/D3E5CKebKuQ.srt,https://ocw.mit.edu/courses/electrical-engineering-and-computer-science/6-042j-mathematics-for-computer-science-spring-2015/proofs/tp4-1/vertical-9984d57d43e5/,Official MIT OCW Spring 2015 course package,2015,srt,,7871,12de7df6367f92b1d3031b722d83a0d1802c4386cef90a66d8ffe7a91d70df81
caption-K8ZfzNN1miQ,caption,8,1,1.8.6,WOP vs Induction: Video [optional],K8ZfzNN1miQ.srt,04_Captions/K8ZfzNN1miQ.srt,contents/proofs/tp4-1/vertical-98aa517cd42e/wop-vs-induction/K8ZfzNN1miQ.srt,https://ocw.mit.edu/courses/electrical-engineering-and-computer-science/6-042j-mathematics-for-computer-science-spring-2015/proofs/tp4-1/vertical-98aa517cd42e/,Official MIT OCW Spring 2015 course package,2015,srt,,12269,788ff68c5ae24e67420d93da136c4351bbc9ffa60bfd6480ddd24df6a37b1747
caption-TUueMeRooBk,caption,8,1,1.8.4,Strong Induction: Video,TUueMeRooBk.srt,04_Captions/TUueMeRooBk.srt,contents/proofs/tp4-1/vertical-828ce2b900d3/strong-induction/TUueMeRooBk.srt,https://ocw.mit.edu/courses/electrical-engineering-and-computer-science/6-042j-mathematics-for-computer-science-spring-2015/proofs/tp4-1/vertical-828ce2b900d3/,Official MIT OCW Spring 2015 course package,2015,srt,,15884,01b6faee0f298206ba998cc08dcc18b8890ccb953d38b7bb30238176566b149a
caption-XnV8GAuAqJM,caption,8,1,1.8.1,Induction: Video,XnV8GAuAqJM.srt,04_Captions/XnV8GAuAqJM.srt,contents/proofs/tp4-1/induction/XnV8GAuAqJM.srt,https://ocw.mit.edu/courses/electrical-engineering-and-computer-science/6-042j-mathematics-for-computer-science-spring-2015/proofs/tp4-1/,Official MIT OCW Spring 2015 course package,2015,srt,,34872,bc5381d7c13fe5e5cb7accab69e68dd3891d98f00eb5b2f74f4714f759e8bab6
caption-VuG2JNcRXYg,caption,9,1,1.9.1,State Machines Invariants: Video,VuG2JNcRXYg.srt,04_Captions/VuG2JNcRXYg.srt,contents/proofs/tp4-2/state-machines-invariants/VuG2JNcRXYg.srt,https://ocw.mit.edu/courses/electrical-engineering-and-computer-science/6-042j-mathematics-for-computer-science-spring-2015/proofs/tp4-2/,Official MIT OCW Spring 2015 course package,2015,srt,,39857,956d160da75243bac049ea37760839f86456184adab4add045b0c862875d3f7a
caption-a7JUH-EtHtI,caption,9,1,1.9.3,Derived Variables: Video,a7JUH-EtHtI.srt,04_Captions/a7JUH-EtHtI.srt,contents/proofs/tp4-2/vertical-ef00ae29a8ca/derived-variables/a7JUH-EtHtI.srt,https://ocw.mit.edu/courses/electrical-engineering-and-computer-science/6-042j-mathematics-for-computer-science-spring-2015/proofs/tp4-2/vertical-ef00ae29a8ca/,Official MIT OCW Spring 2015 course package,2015,srt,,9227,ce5ec522a41344c56334c7547a95c50417b1162208ad8a9be6147dd85e2c40ae
exercise-1.1.4,courseware_exercise,1,1,1.1.4,Definitions To Know For Proofs,index.htm,08_Courseware_Exercises/S01_1.1.4_definitions-to-know-for-proofs.md,contents/proofs/tp1-1/vertical-96ac16077819/index.htm,https://ocw.mit.edu/courses/electrical-engineering-and-computer-science/6-042j-mathematics-for-computer-science-spring-2015/proofs/tp1-1/vertical-96ac16077819/,Official interactive exercise extracted from OCW HTML; correct-answer and feedback fields preserved,2015,md,,2411,eaa45fbf7828616260d0e2d5faddbabb434959677e67c36a16ee2f0f115eeac9
exercise-1.1.5,courseware_exercise,1,1,1.1.5,Modus Ponens,index.htm,08_Courseware_Exercises/S01_1.1.5_modus-ponens.md,contents/proofs/tp1-1/vertical-acfe05b95a4e/index.htm,https://ocw.mit.edu/courses/electrical-engineering-and-computer-science/6-042j-mathematics-for-computer-science-spring-2015/proofs/tp1-1/vertical-acfe05b95a4e/,Official interactive exercise extracted from OCW HTML; correct-answer and feedback fields preserved,2015,md,,2842,683ef483cbceb4fb131fbe4732936dcf0c47c3d99ef8922d981c34daa73510fd
exercise-1.10.2,courseware_exercise,10,1,1.10.2,Matching Parentheses,index.htm,08_Courseware_Exercises/S10_1.10.2_matching-parentheses.md,contents/proofs/recursive-definition/matching-parentheses/index.htm,https://ocw.mit.edu/courses/electrical-engineering-and-computer-science/6-042j-mathematics-for-computer-science-spring-2015/proofs/recursive-definition/matching-parentheses/,Official interactive exercise extracted from OCW HTML; correct-answer and feedback fields preserved,2015,md,,1626,6382b69116b37f23fa419f1abcc3d8e99405038d0f516a978b1bbd550becd900
exercise-1.10.3,courseware_exercise,10,1,1.10.3,Functions of F18,index.htm,08_Courseware_Exercises/S10_1.10.3_functions-of-f18.md,contents/proofs/recursive-definition/functions-of-f18/index.htm,https://ocw.mit.edu/courses/electrical-engineering-and-computer-science/6-042j-mathematics-for-computer-science-spring-2015/proofs/recursive-definition/functions-of-f18/,Official interactive exercise extracted from OCW HTML; correct-answer and feedback fields preserved,2015,md,,1505,6a6c1c3778f558ce5aad9d22eee5fd0da300efbd89d758d43143ced10af40e0e
exercise-1.10.5,courseware_exercise,10,1,1.10.5,Structural Induction: Definition,index.htm,08_Courseware_Exercises/S10_1.10.5_structural-induction-definition.md,contents/proofs/recursive-definition/structural-induction-definition/index.htm,https://ocw.mit.edu/courses/electrical-engineering-and-computer-science/6-042j-mathematics-for-computer-science-spring-2015/proofs/recursive-definition/structural-induction-definition/,Official interactive exercise extracted from OCW HTML; correct-answer and feedback fields preserved,2015,md,,1810,be817dbebe9b589a68bbb388d032e7e80a9f73aeb8672120015b446983f1695d
exercise-1.10.6,courseware_exercise,10,1,1.10.6,Counting Cases,index.htm,08_Courseware_Exercises/S10_1.10.6_counting-cases.md,contents/proofs/recursive-definition/counting-cases/index.htm,https://ocw.mit.edu/courses/electrical-engineering-and-computer-science/6-042j-mathematics-for-computer-science-spring-2015/proofs/recursive-definition/counting-cases/,Official interactive exercise extracted from OCW HTML; correct-answer and feedback fields preserved,2015,md,,1014,38cc4ff47402e9ad71af06cff5ca9e08c01f5d3af4c34262f45510de6016ac21
exercise-1.11.10,courseware_exercise,11,1,1.11.10,Russell's Paradox [and ZFC optional],index.htm,08_Courseware_Exercises/S11_1.11.10_russell-s-paradox-and-zfc-optional.md,contents/proofs/tp4-3/vertical-ac3ff158ffcb/index.htm,https://ocw.mit.edu/courses/electrical-engineering-and-computer-science/6-042j-mathematics-for-computer-science-spring-2015/proofs/tp4-3/vertical-ac3ff158ffcb/,Official interactive exercise extracted from OCW HTML; correct-answer and feedback fields preserved,2015,md,,2570,0b7606121b30dad3b06df5cbd3ef8c03688a9b3ef53b802018ebe4cd3e0dfa70
exercise-1.11.12,courseware_exercise,11,1,1.11.12,Set Theory Axioms [Optional],index.htm,08_Courseware_Exercises/S11_1.11.12_set-theory-axioms.md,contents/proofs/tp4-3/set-theory-axioms-optional-0/index.htm,https://ocw.mit.edu/courses/electrical-engineering-and-computer-science/6-042j-mathematics-for-computer-science-spring-2015/proofs/tp4-3/set-theory-axioms-optional-0/,Official interactive exercise extracted from OCW HTML; correct-answer and feedback fields preserved,2015,md,,4014,b1d65aba4aeb11d06dc1c68a9517b872ab9f75eeb6c0055e94ed09a3408c30e2
exercise-1.11.2,courseware_exercise,11,1,1.11.2,"Cantor, Schroeder-Bernstein",index.htm,08_Courseware_Exercises/S11_1.11.2_cantor-schroeder-bernstein.md,contents/proofs/tp4-3/vertical-e7c2a3883170/index.htm,https://ocw.mit.edu/courses/electrical-engineering-and-computer-science/6-042j-mathematics-for-computer-science-spring-2015/proofs/tp4-3/vertical-e7c2a3883170/,Official interactive exercise extracted from OCW HTML; correct-answer and feedback fields preserved,2015,md,,2132,912c20df10e27771e9ad099105b7ddc9fc5722cd21fc92d5b72066cf773d75f3
exercise-1.11.5,courseware_exercise,11,1,1.11.5,Cantor's Diagonal Argument,index.htm,08_Courseware_Exercises/S11_1.11.5_cantor-s-diagonal-argument.md,contents/proofs/tp4-3/vertical-733f8439bc8d/index.htm,https://ocw.mit.edu/courses/electrical-engineering-and-computer-science/6-042j-mathematics-for-computer-science-spring-2015/proofs/tp4-3/vertical-733f8439bc8d/,Official interactive exercise extracted from OCW HTML; correct-answer and feedback fields preserved,2015,md,,2091,bcea49094402712b47482965d73d94f25ccd25af2b9fa4c85bbdcc0a41f8d761
exercise-1.11.6,courseware_exercise,11,1,1.11.6,Countable and Uncountable Sets,index.htm,08_Courseware_Exercises/S11_1.11.6_countable-and-uncountable-sets.md,contents/proofs/tp4-3/vertical-3077e4479731/index.htm,https://ocw.mit.edu/courses/electrical-engineering-and-computer-science/6-042j-mathematics-for-computer-science-spring-2015/proofs/tp4-3/vertical-3077e4479731/,Official interactive exercise extracted from OCW HTML; correct-answer and feedback fields preserved,2015,md,,2223,c28764091aeb9ca46995ca1328cbddb5a7f15f52d72325682181e719af12f5cb
exercise-1.11.8,courseware_exercise,11,1,1.11.8,Halting Problem Basics [Optional],index.htm,08_Courseware_Exercises/S11_1.11.8_halting-problem-basics.md,contents/proofs/tp4-3/vertical-1ef05b471b3d/index.htm,https://ocw.mit.edu/courses/electrical-engineering-and-computer-science/6-042j-mathematics-for-computer-science-spring-2015/proofs/tp4-3/vertical-1ef05b471b3d/,Official interactive exercise extracted from OCW HTML; correct-answer and feedback fields preserved,2015,md,,1360,6ac48bd39d2a11e2ecee8d034bb28ac7f5df6cfdddda652d805ad8295e316d72
exercise-2.1.10,courseware_exercise,12,2,2.1.10,GCDs II,index.htm,08_Courseware_Exercises/S12_2.1.10_gcds-ii.md,contents/structures/tp5-1/vertical-912ad2b397a4/index.htm,https://ocw.mit.edu/courses/electrical-engineering-and-computer-science/6-042j-mathematics-for-computer-science-spring-2015/structures/tp5-1/vertical-912ad2b397a4/,Official interactive exercise extracted from OCW HTML; correct-answer and feedback fields preserved,2015,md,,1283,3b8d8b897ad83ef7c845475bfd70d86193d3c4c2042bd2348b8a9d22c0db64a5
exercise-2.1.3,courseware_exercise,12,2,2.1.3,Run Euclid Run,index.htm,08_Courseware_Exercises/S12_2.1.3_run-euclid-run.md,contents/structures/tp5-1/vertical-b30047e37cc7/index.htm,https://ocw.mit.edu/courses/electrical-engineering-and-computer-science/6-042j-mathematics-for-computer-science-spring-2015/structures/tp5-1/vertical-b30047e37cc7/,Official interactive exercise extracted from OCW HTML; correct-answer and feedback fields preserved,2015,md,,1059,c74a46d533322b63d6b6ece76c4f697a4933b684481a67e2662f0687e9929acf
exercise-2.1.5,courseware_exercise,12,2,2.1.5,GCDs I,index.htm,08_Courseware_Exercises/S12_2.1.5_gcds-i.md,contents/structures/tp5-1/vertical-d1904394a7b7/index.htm,https://ocw.mit.edu/courses/electrical-engineering-and-computer-science/6-042j-mathematics-for-computer-science-spring-2015/structures/tp5-1/vertical-d1904394a7b7/,Official interactive exercise extracted from OCW HTML; correct-answer and feedback fields preserved,2015,md,,1464,6f8191e608fa9e2dcb1adaad2c1940d61fad073ff0e2f33a9fbebaa31b8838a2
exercise-2.1.8,courseware_exercise,12,2,2.1.8,Unique Primes,index.htm,08_Courseware_Exercises/S12_2.1.8_unique-primes.md,contents/structures/tp5-1/vertical-abe126e3ad2c/index.htm,https://ocw.mit.edu/courses/electrical-engineering-and-computer-science/6-042j-mathematics-for-computer-science-spring-2015/structures/tp5-1/vertical-abe126e3ad2c/,Official interactive exercise extracted from OCW HTML; correct-answer and feedback fields preserved,2015,md,,1093,b1d3dd14a6bc950591d746801fdf4c46787f6cda621506f7b453290c4cb13b80
exercise-2.1.9,courseware_exercise,12,2,2.1.9,Divisors,index.htm,08_Courseware_Exercises/S12_2.1.9_divisors.md,contents/structures/tp5-1/vertical-70eb5a2913c0/index.htm,https://ocw.mit.edu/courses/electrical-engineering-and-computer-science/6-042j-mathematics-for-computer-science-spring-2015/structures/tp5-1/vertical-70eb5a2913c0/,Official interactive exercise extracted from OCW HTML; correct-answer and feedback fields preserved,2015,md,,1250,497109bc011c394c764e2311aeebe6b2b8d1872ac1aa4b9de654608eedfba441
exercise-2.2.2,courseware_exercise,13,2,2.2.2,Divisibility and Congruence,index.htm,08_Courseware_Exercises/S13_2.2.2_divisibility-and-congruence.md,contents/structures/tp5-2/vertical-d0520d30ae3f/index.htm,https://ocw.mit.edu/courses/electrical-engineering-and-computer-science/6-042j-mathematics-for-computer-science-spring-2015/structures/tp5-2/vertical-d0520d30ae3f/,Official interactive exercise extracted from OCW HTML; correct-answer and feedback fields preserved,2015,md,,1166,ee53bd7d95465868730e15a794dffca82db5eb5057b35ee193ed24b550377b06
exercise-2.2.4,courseware_exercise,13,2,2.2.4,Inverses mod n,index.htm,08_Courseware_Exercises/S13_2.2.4_inverses-mod-n.md,contents/structures/tp5-2/vertical-ff85901537e3/index.htm,https://ocw.mit.edu/courses/electrical-engineering-and-computer-science/6-042j-mathematics-for-computer-science-spring-2015/structures/tp5-2/vertical-ff85901537e3/,Official interactive exercise extracted from OCW HTML; correct-answer and feedback fields preserved,2015,md,,1281,926241f346fae36dfece03f4fb72f0f839f1dce3f7f8c83f76569dad3ea59a83
exercise-2.2.5,courseware_exercise,13,2,2.2.5,Multiplicative Inverses,index.htm,08_Courseware_Exercises/S13_2.2.5_multiplicative-inverses.md,contents/structures/tp5-2/vertical-f9db18d44ec4/index.htm,https://ocw.mit.edu/courses/electrical-engineering-and-computer-science/6-042j-mathematics-for-computer-science-spring-2015/structures/tp5-2/vertical-f9db18d44ec4/,Official interactive exercise extracted from OCW HTML; correct-answer and feedback fields preserved,2015,md,,874,16c1d74b9d4d830378b5c4be946e92419cee5eceab6d3d26c3601cb13bb1b55a
exercise-2.2.6,courseware_exercise,13,2,2.2.6,Inverses With Linear Combinations,index.htm,08_Courseware_Exercises/S13_2.2.6_inverses-with-linear-combinations.md,contents/structures/tp5-2/vertical-9282c2de10f6/index.htm,https://ocw.mit.edu/courses/electrical-engineering-and-computer-science/6-042j-mathematics-for-computer-science-spring-2015/structures/tp5-2/vertical-9282c2de10f6/,Official interactive exercise extracted from OCW HTML; correct-answer and feedback fields preserved,2015,md,,963,96460b4b3b2f8188dd02686247a0441eb866f331497942e5c60f4c78ba722195
exercise-2.3.2,courseware_exercise,14,2,2.3.2,Euler's Totient Function,index.htm,08_Courseware_Exercises/S14_2.3.2_euler-s-totient-function.md,contents/structures/tp6-1/vertical-62a25d1dd25f/index.htm,https://ocw.mit.edu/courses/electrical-engineering-and-computer-science/6-042j-mathematics-for-computer-science-spring-2015/structures/tp6-1/vertical-62a25d1dd25f/,Official interactive exercise extracted from OCW HTML; correct-answer and feedback fields preserved,2015,md,,1025,c0f6fc4ce8d0e7e39ff4095a887a7abd527fd2a1bf094657797272e329cd77c4
exercise-2.3.4,courseware_exercise,14,2,2.3.4,The Ring,index.htm,08_Courseware_Exercises/S14_2.3.4_the-ring.md,contents/structures/tp6-1/vertical-cad174bba3a3/index.htm,https://ocw.mit.edu/courses/electrical-engineering-and-computer-science/6-042j-mathematics-for-computer-science-spring-2015/structures/tp6-1/vertical-cad174bba3a3/,Official interactive exercise extracted from OCW HTML; correct-answer and feedback fields preserved,2015,md,,1088,34f085b7fe3e12c1f1f71d9533ead6501b431eb8c3054629d57bc92fe9bc22d5
exercise-2.3.5,courseware_exercise,14,2,2.3.5,Z mod n,index.htm,08_Courseware_Exercises/S14_2.3.5_z-mod-n.md,contents/structures/tp6-1/vertical-ad604933e05b/index.htm,https://ocw.mit.edu/courses/electrical-engineering-and-computer-science/6-042j-mathematics-for-computer-science-spring-2015/structures/tp6-1/vertical-ad604933e05b/,Official interactive exercise extracted from OCW HTML; correct-answer and feedback fields preserved,2015,md,,1287,6a499d813ddf587094a9035e6fa909c6fef9d5e0ea4c12e49e44e0edab488b67
exercise-2.3.6,courseware_exercise,14,2,2.3.6,Fermat's Little Theorem,index.htm,08_Courseware_Exercises/S14_2.3.6_fermat-s-little-theorem.md,contents/structures/tp6-1/vertical-0be4c94c5864/index.htm,https://ocw.mit.edu/courses/electrical-engineering-and-computer-science/6-042j-mathematics-for-computer-science-spring-2015/structures/tp6-1/vertical-0be4c94c5864/,Official interactive exercise extracted from OCW HTML; correct-answer and feedback fields preserved,2015,md,,961,b1bb57b584d54f80dbea8ba8fc1b4649171ed37d4f08667f5952c4b586e5f649
exercise-2.3.7,courseware_exercise,14,2,2.3.7,Euler's Theorem,index.htm,08_Courseware_Exercises/S14_2.3.7_euler-s-theorem.md,contents/structures/tp6-1/vertical-f4e414f3a824/index.htm,https://ocw.mit.edu/courses/electrical-engineering-and-computer-science/6-042j-mathematics-for-computer-science-spring-2015/structures/tp6-1/vertical-f4e414f3a824/,Official interactive exercise extracted from OCW HTML; correct-answer and feedback fields preserved,2015,md,,1165,89774e8c6d240d8c80f3170299fbc0b45537552c21ba93061174845e28e54ed5
exercise-2.4.2,courseware_exercise,15,2,2.4.2,RSA Encryption,index.htm,08_Courseware_Exercises/S15_2.4.2_rsa-encryption.md,contents/structures/tp6-2/vertical-3299faa6fc3d/index.htm,https://ocw.mit.edu/courses/electrical-engineering-and-computer-science/6-042j-mathematics-for-computer-science-spring-2015/structures/tp6-2/vertical-3299faa6fc3d/,Official interactive exercise extracted from OCW HTML; correct-answer and feedback fields preserved,2015,md,,1258,fd177c0a0ad5cecb8061d8d496f738cfa6201a9f22cd62d51c9a7d1cab2de1f5
exercise-2.4.4,courseware_exercise,15,2,2.4.4,Relative Primality,index.htm,08_Courseware_Exercises/S15_2.4.4_relative-primality.md,contents/structures/tp6-2/vertical-d2f6dc0d86f4/index.htm,https://ocw.mit.edu/courses/electrical-engineering-and-computer-science/6-042j-mathematics-for-computer-science-spring-2015/structures/tp6-2/vertical-d2f6dc0d86f4/,Official interactive exercise extracted from OCW HTML; correct-answer and feedback fields preserved,2015,md,,935,f394ca09158e02941485f0342c19bc996b676ef1deac4ef8590eb8e2552c4090
exercise-2.4.5,courseware_exercise,15,2,2.4.5,RSA computations,index.htm,08_Courseware_Exercises/S15_2.4.5_rsa-computations.md,contents/structures/tp6-2/vertical-dea30f1864f2/index.htm,https://ocw.mit.edu/courses/electrical-engineering-and-computer-science/6-042j-mathematics-for-computer-science-spring-2015/structures/tp6-2/vertical-dea30f1864f2/,Official interactive exercise extracted from OCW HTML; correct-answer and feedback fields preserved,2015,md,,3845,30a7224488f5c206932dcf44b33576b7a0e37174d664a56538fb08fa8c9e925d
exercise-2.5.2,courseware_exercise,16,2,2.5.2,Walks and Paths,index.htm,08_Courseware_Exercises/S16_2.5.2_walks-and-paths.md,contents/structures/tp6-3/vertical-5a67aa9a3a6d/index.htm,https://ocw.mit.edu/courses/electrical-engineering-and-computer-science/6-042j-mathematics-for-computer-science-spring-2015/structures/tp6-3/vertical-5a67aa9a3a6d/,Official interactive exercise extracted from OCW HTML; correct-answer and feedback fields preserved,2015,md,,1615,512754f387e1ba3b32ab3554ea79f44b27e374551f800855d06ea06bee80d243
exercise-2.5.4,courseware_exercise,16,2,2.5.4,Longest Path,index.htm,08_Courseware_Exercises/S16_2.5.4_longest-path.md,contents/structures/tp6-3/vertical-588ea67bd5d7/index.htm,https://ocw.mit.edu/courses/electrical-engineering-and-computer-science/6-042j-mathematics-for-computer-science-spring-2015/structures/tp6-3/vertical-588ea67bd5d7/,Official interactive exercise extracted from OCW HTML; correct-answer and feedback fields preserved,2015,md,,1293,49554a27b3c0455388bf254438cff68c1966b73f795a04b4b8145e5367895cb1
exercise-2.5.5,courseware_exercise,16,2,2.5.5,Adjacency Matrix,index.htm,08_Courseware_Exercises/S16_2.5.5_adjacency-matrix.md,contents/structures/tp6-3/adjacency-matrix/index.htm,https://ocw.mit.edu/courses/electrical-engineering-and-computer-science/6-042j-mathematics-for-computer-science-spring-2015/structures/tp6-3/adjacency-matrix/,Official interactive exercise extracted from OCW HTML; correct-answer and feedback fields preserved,2015,md,,2082,cd8713fa8b54a35fcf3d163a748476f8fd772411e4da9b0771dca61e04a27159
exercise-2.5.6,courseware_exercise,16,2,2.5.6,Counting Paths,index.htm,08_Courseware_Exercises/S16_2.5.6_counting-paths.md,contents/structures/tp6-3/counting-paths/index.htm,https://ocw.mit.edu/courses/electrical-engineering-and-computer-science/6-042j-mathematics-for-computer-science-spring-2015/structures/tp6-3/counting-paths/,Official interactive exercise extracted from OCW HTML; correct-answer and feedback fields preserved,2015,md,,1783,9d064cfd89eba144136cd2a5e4a74787582bfecb682c470ad337b41fe14f2651
exercise-2.6.2,courseware_exercise,17,2,2.6.2,DAGs,index.htm,08_Courseware_Exercises/S17_2.6.2_dags.md,contents/structures/tp7-1/vertical-dcde59c77eab/index.htm,https://ocw.mit.edu/courses/electrical-engineering-and-computer-science/6-042j-mathematics-for-computer-science-spring-2015/structures/tp7-1/vertical-dcde59c77eab/,Official interactive exercise extracted from OCW HTML; correct-answer and feedback fields preserved,2015,md,,1772,4776a9e9ea5773e224ac1852e68986014f7145c74fc26f81ea6d3a9cda152b4c
exercise-2.6.4,courseware_exercise,17,2,2.6.4,Scheduling Prerequisites,index.htm,08_Courseware_Exercises/S17_2.6.4_scheduling-prerequisites.md,contents/structures/tp7-1/vertical-cb2dbc0f9d11/index.htm,https://ocw.mit.edu/courses/electrical-engineering-and-computer-science/6-042j-mathematics-for-computer-science-spring-2015/structures/tp7-1/vertical-cb2dbc0f9d11/,Official interactive exercise extracted from OCW HTML; correct-answer and feedback fields preserved,2015,md,,2088,5d00c83c6582ef595a53dcdea98a87eb9d3fd65eddf805942d4b863e04f2ffb2
exercise-2.6.6,courseware_exercise,17,2,2.6.6,Processor Time Bounds,index.htm,08_Courseware_Exercises/S17_2.6.6_processor-time-bounds.md,contents/structures/tp7-1/vertical-a69125071411/index.htm,https://ocw.mit.edu/courses/electrical-engineering-and-computer-science/6-042j-mathematics-for-computer-science-spring-2015/structures/tp7-1/vertical-a69125071411/,Official interactive exercise extracted from OCW HTML; correct-answer and feedback fields preserved,2015,md,,1943,13435629245193715b6c69dcd64b4e85d767d83dc28a16dfed720b49b10306da
exercise-2.6.7,courseware_exercise,17,2,2.6.7,The Divisibility DAG,index.htm,08_Courseware_Exercises/S17_2.6.7_the-divisibility-dag.md,contents/structures/tp7-1/vertical-839e7a19a176/index.htm,https://ocw.mit.edu/courses/electrical-engineering-and-computer-science/6-042j-mathematics-for-computer-science-spring-2015/structures/tp7-1/vertical-839e7a19a176/,Official interactive exercise extracted from OCW HTML; correct-answer and feedback fields preserved,2015,md,,1106,bbf89283425a25f34296b001b4af22c6c934bca420006727789016dc0148ef1d
exercise-2.7.2,courseware_exercise,18,2,2.7.2,Population Partial Order,index.htm,08_Courseware_Exercises/S18_2.7.2_population-partial-order.md,contents/structures/partial-orders-and-equivalence/vertical-f4ebf555fc18/index.htm,https://ocw.mit.edu/courses/electrical-engineering-and-computer-science/6-042j-mathematics-for-computer-science-spring-2015/structures/partial-orders-and-equivalence/vertical-f4ebf555fc18/,Official interactive exercise extracted from OCW HTML; correct-answer and feedback fields preserved,2015,md,,1864,4ab43ad93dd515ac5c92bd9238c7c059ae4e1fb339b4b675309908f89ec65ebc
exercise-2.7.5,courseware_exercise,18,2,2.7.5,Relational Properties,index.htm,08_Courseware_Exercises/S18_2.7.5_relational-properties.md,contents/structures/partial-orders-and-equivalence/vertical-6ea0ba8a2d05/index.htm,https://ocw.mit.edu/courses/electrical-engineering-and-computer-science/6-042j-mathematics-for-computer-science-spring-2015/structures/partial-orders-and-equivalence/vertical-6ea0ba8a2d05/,Official interactive exercise extracted from OCW HTML; correct-answer and feedback fields preserved,2015,md,,2172,f1ffdc5f5f4a748de896203d58acbea2efde846570acada1a0c61689c17d0877
exercise-2.7.6,courseware_exercise,18,2,2.7.6,Properties Of Relations,index.htm,08_Courseware_Exercises/S18_2.7.6_properties-of-relations.md,contents/structures/partial-orders-and-equivalence/vertical-d7f7704d23b4/index.htm,https://ocw.mit.edu/courses/electrical-engineering-and-computer-science/6-042j-mathematics-for-computer-science-spring-2015/structures/partial-orders-and-equivalence/vertical-d7f7704d23b4/,Official interactive exercise extracted from OCW HTML; correct-answer and feedback fields preserved,2015,md,,1240,ca63420b8e9f2999888b87b1bef7609926c98603c182af79c3a50ef5629fdcdd
exercise-2.7.7,courseware_exercise,18,2,2.7.7,Equivalence Relations & Partial Orders,index.htm,08_Courseware_Exercises/S18_2.7.7_equivalence-relations-and-partial-orders.md,contents/structures/partial-orders-and-equivalence/vertical-d757201744eb/index.htm,https://ocw.mit.edu/courses/electrical-engineering-and-computer-science/6-042j-mathematics-for-computer-science-spring-2015/structures/partial-orders-and-equivalence/vertical-d757201744eb/,Official interactive exercise extracted from OCW HTML; correct-answer and feedback fields preserved,2015,md,,2372,8f244f68fc45f9ee80c0858fb9b2d8fb965e3e95f84cd3ea2488554ce28ec446
exercise-2.8.2,courseware_exercise,19,2,2.8.2,Counting Degrees & Edges,index.htm,08_Courseware_Exercises/S19_2.8.2_counting-degrees-and-edges.md,contents/structures/tp7-2/vertical-0403a1f6fa4c/index.htm,https://ocw.mit.edu/courses/electrical-engineering-and-computer-science/6-042j-mathematics-for-computer-science-spring-2015/structures/tp7-2/vertical-0403a1f6fa4c/,Official interactive exercise extracted from OCW HTML; correct-answer and feedback fields preserved,2015,md,,1714,6c819da1eadf976dc868eaeec2bc6d963b4d0791cf0431b6ff5aa77889ba1cb9
exercise-2.8.4,courseware_exercise,19,2,2.8.4,Isomorphism,index.htm,08_Courseware_Exercises/S19_2.8.4_isomorphism.md,contents/structures/tp7-2/vertical-206635abfb7b/index.htm,https://ocw.mit.edu/courses/electrical-engineering-and-computer-science/6-042j-mathematics-for-computer-science-spring-2015/structures/tp7-2/vertical-206635abfb7b/,Official interactive exercise extracted from OCW HTML; correct-answer and feedback fields preserved,2015,md,,1379,c33857ee7e797c8ff25c4f6eaf364c4667926faee2c97f1af2bf764828690547
exercise-2.8.5,courseware_exercise,19,2,2.8.5,Extreme Graphs,index.htm,08_Courseware_Exercises/S19_2.8.5_extreme-graphs.md,contents/structures/tp7-2/vertical-0d59158da590/index.htm,https://ocw.mit.edu/courses/electrical-engineering-and-computer-science/6-042j-mathematics-for-computer-science-spring-2015/structures/tp7-2/vertical-0d59158da590/,Official interactive exercise extracted from OCW HTML; correct-answer and feedback fields preserved,2015,md,,1333,31b9892df5fd077de7b6d03561dd2ccbca2bffad5df416052f2311465814c4c5
exercise-2.8.6,courseware_exercise,19,2,2.8.6,Isomorphic Graphs,index.htm,08_Courseware_Exercises/S19_2.8.6_isomorphic-graphs.md,contents/structures/tp7-2/vertical-b30a643c515e/index.htm,https://ocw.mit.edu/courses/electrical-engineering-and-computer-science/6-042j-mathematics-for-computer-science-spring-2015/structures/tp7-2/vertical-b30a643c515e/,Official interactive exercise extracted from OCW HTML; correct-answer and feedback fields preserved,2015,md,,1216,600fc9a0c8c7f08e79a35a31d2be66ddfb524806cd68bb480d2b1f0189700bb3
exercise-2.8.7,courseware_exercise,19,2,2.8.7,Non-Isomorphic Graphs,index.htm,08_Courseware_Exercises/S19_2.8.7_non-isomorphic-graphs.md,contents/structures/tp7-2/vertical-3c93d1aadcac/index.htm,https://ocw.mit.edu/courses/electrical-engineering-and-computer-science/6-042j-mathematics-for-computer-science-spring-2015/structures/tp7-2/vertical-3c93d1aadcac/,Official interactive exercise extracted from OCW HTML; correct-answer and feedback fields preserved,2015,md,,1811,07a99ad1c289a4d396ae9b34568189471439ac8ae31fb2575a5d8f6edad6c806
exercise-1.2.2,courseware_exercise,2,1,1.2.2,Proof By Contradiction,index.htm,08_Courseware_Exercises/S02_1.2.2_proof-by-contradiction.md,contents/proofs/tp1-2/vertical-2835de2f30b6/index.htm,https://ocw.mit.edu/courses/electrical-engineering-and-computer-science/6-042j-mathematics-for-computer-science-spring-2015/proofs/tp1-2/vertical-2835de2f30b6/,Official interactive exercise extracted from OCW HTML; correct-answer and feedback fields preserved,2015,md,,1230,1bbbef6b51fdaf8b7be3b3a2af43bd8e663e951b31d51357ced41899754bbb0b
exercise-1.2.4,courseware_exercise,2,1,1.2.4,When to Prove by Cases,index.htm,08_Courseware_Exercises/S02_1.2.4_when-to-prove-by-cases.md,contents/proofs/tp1-2/vertical-ba5ad72ae7ec/index.htm,https://ocw.mit.edu/courses/electrical-engineering-and-computer-science/6-042j-mathematics-for-computer-science-spring-2015/proofs/tp1-2/vertical-ba5ad72ae7ec/,Official interactive exercise extracted from OCW HTML; correct-answer and feedback fields preserved,2015,md,,1430,3be9ce05eabe706b7261a5a87664d419cc423f19dc146c0861fa40e63e91b759
exercise-1.2.5,courseware_exercise,2,1,1.2.5,Friends and Strangers,index.htm,08_Courseware_Exercises/S02_1.2.5_friends-and-strangers.md,contents/proofs/tp1-2/vertical-9380624edebc/index.htm,https://ocw.mit.edu/courses/electrical-engineering-and-computer-science/6-042j-mathematics-for-computer-science-spring-2015/proofs/tp1-2/vertical-9380624edebc/,Official interactive exercise extracted from OCW HTML; correct-answer and feedback fields preserved,2015,md,,847,224b33bf73772ee954ba6ac934edd832fd8491121f7e2e7720096f6fabf47df3
exercise-1.2.6,courseware_exercise,2,1,1.2.6,A Bogus Proof by Cases,index.htm,08_Courseware_Exercises/S02_1.2.6_a-bogus-proof-by-cases.md,contents/proofs/tp1-2/vertical-70c0b579a359/index.htm,https://ocw.mit.edu/courses/electrical-engineering-and-computer-science/6-042j-mathematics-for-computer-science-spring-2015/proofs/tp1-2/vertical-70c0b579a359/,Official interactive exercise extracted from OCW HTML; correct-answer and feedback fields preserved,2015,md,,2038,d600e110458cf2ad81600a66406a32ba801c3c29f6b083626a0f5a300b3a3bc4
exercise-1.2.7,courseware_exercise,2,1,1.2.7,A Bogus Proof by Contradiction,index.htm,08_Courseware_Exercises/S02_1.2.7_a-bogus-proof-by-contradiction.md,contents/proofs/tp1-2/vertical-cdf72f5374ab/index.htm,https://ocw.mit.edu/courses/electrical-engineering-and-computer-science/6-042j-mathematics-for-computer-science-spring-2015/proofs/tp1-2/vertical-cdf72f5374ab/,Official interactive exercise extracted from OCW HTML; correct-answer and feedback fields preserved,2015,md,,1794,4fc1bd728c1e6d16aa819df025764490acc42b5b10f77bab1a8b411cfc301fb4
exercise-2.9.2,courseware_exercise,20,2,2.9.2,Chromatic Number,index.htm,08_Courseware_Exercises/S20_2.9.2_chromatic-number.md,contents/structures/tp7-3/vertical-312af3a98ad1/index.htm,https://ocw.mit.edu/courses/electrical-engineering-and-computer-science/6-042j-mathematics-for-computer-science-spring-2015/structures/tp7-3/vertical-312af3a98ad1/,Official interactive exercise extracted from OCW HTML; correct-answer and feedback fields preserved,2015,md,,1261,3fc041330331368e2959377c053e47edb5c40823a3a4913e10bad1571803f917
exercise-2.9.5,courseware_exercise,20,2,2.9.5,k-Connected [optional],index.htm,08_Courseware_Exercises/S20_2.9.5_k-connected.md,contents/structures/tp7-3/vertical-7dbbc5839c46/index.htm,https://ocw.mit.edu/courses/electrical-engineering-and-computer-science/6-042j-mathematics-for-computer-science-spring-2015/structures/tp7-3/vertical-7dbbc5839c46/,Official interactive exercise extracted from OCW HTML; correct-answer and feedback fields preserved,2015,md,,1160,5a91340994685e63a8902e75987e448c948ad3f4a75a95b8685d43efffac9bf5
exercise-2.9.6,courseware_exercise,20,2,2.9.6,Graph Coloring I,index.htm,08_Courseware_Exercises/S20_2.9.6_graph-coloring-i.md,contents/structures/tp7-3/vertical-c79a8bf5b197/index.htm,https://ocw.mit.edu/courses/electrical-engineering-and-computer-science/6-042j-mathematics-for-computer-science-spring-2015/structures/tp7-3/vertical-c79a8bf5b197/,Official interactive exercise extracted from OCW HTML; correct-answer and feedback fields preserved,2015,md,,1310,7cf77cf3feec2402f082c3c5af391e8641c47dd133d62e81a54dec0c8e4ebac3
exercise-2.9.7,courseware_exercise,20,2,2.9.7,Graph Coloring II,index.htm,08_Courseware_Exercises/S20_2.9.7_graph-coloring-ii.md,contents/structures/tp7-3/vertical-5c29d46d85ff/index.htm,https://ocw.mit.edu/courses/electrical-engineering-and-computer-science/6-042j-mathematics-for-computer-science-spring-2015/structures/tp7-3/vertical-5c29d46d85ff/,Official interactive exercise extracted from OCW HTML; correct-answer and feedback fields preserved,2015,md,,1248,01fe5be43a1898b37f048433c3a39b80611a47ddc2813f45ee750bf111d1dc20
exercise-2.9.8,courseware_exercise,20,2,2.9.8,Connected Components in Integers,index.htm,08_Courseware_Exercises/S20_2.9.8_connected-components-in-integers.md,contents/structures/tp7-3/vertical-fef93eac28bc/index.htm,https://ocw.mit.edu/courses/electrical-engineering-and-computer-science/6-042j-mathematics-for-computer-science-spring-2015/structures/tp7-3/vertical-fef93eac28bc/,Official interactive exercise extracted from OCW HTML; correct-answer and feedback fields preserved,2015,md,,865,5dfc44d30fda5f2e0258ff2dbc7a69134307e1cb4fc7bfa750009ec4439a0cf9
exercise-2.10.10,courseware_exercise,21,2,2.10.10,Graph Algorithm,index.htm,08_Courseware_Exercises/S21_2.10.10_graph-algorithm.md,contents/structures/tp8-1/vertical-f8c5c236b9c0/index.htm,https://ocw.mit.edu/courses/electrical-engineering-and-computer-science/6-042j-mathematics-for-computer-science-spring-2015/structures/tp8-1/vertical-f8c5c236b9c0/,Official interactive exercise extracted from OCW HTML; correct-answer and feedback fields preserved,2015,md,,4458,0bf6abaece769c0abd0bf2b1e49140d4d2ce09beb4516e52c158edb8a0e6ec8a
exercise-2.10.2,courseware_exercise,21,2,2.10.2,Trees: Many Definitions,index.htm,08_Courseware_Exercises/S21_2.10.2_trees-many-definitions.md,contents/structures/tp8-1/vertical-91c45efd7596/index.htm,https://ocw.mit.edu/courses/electrical-engineering-and-computer-science/6-042j-mathematics-for-computer-science-spring-2015/structures/tp8-1/vertical-91c45efd7596/,Official interactive exercise extracted from OCW HTML; correct-answer and feedback fields preserved,2015,md,,1402,12aef323e1e97f2ee296e1877862a21457f6ca7e8088da99f5180bef27a622e8
exercise-2.10.4,courseware_exercise,21,2,2.10.4,2-Colorable Trees,index.htm,08_Courseware_Exercises/S21_2.10.4_2-colorable-trees.md,contents/structures/tp8-1/vertical-b69812803f1e/index.htm,https://ocw.mit.edu/courses/electrical-engineering-and-computer-science/6-042j-mathematics-for-computer-science-spring-2015/structures/tp8-1/vertical-b69812803f1e/,Official interactive exercise extracted from OCW HTML; correct-answer and feedback fields preserved,2015,md,,776,eb7ad69e92a3c2734a82fd16a5c7e81035431398eade04b2bc51c0d8ddb213c6
exercise-2.10.6,courseware_exercise,21,2,2.10.6,Span all the Graphs!,index.htm,08_Courseware_Exercises/S21_2.10.6_span-all-the-graphs.md,contents/structures/tp8-1/vertical-63394d192790/index.htm,https://ocw.mit.edu/courses/electrical-engineering-and-computer-science/6-042j-mathematics-for-computer-science-spring-2015/structures/tp8-1/vertical-63394d192790/,Official interactive exercise extracted from OCW HTML; correct-answer and feedback fields preserved,2015,md,,1790,94e7642a86167646ea5938e3168aa48780381a84d65f4eba6b440daca505e263
exercise-2.10.7,courseware_exercise,21,2,2.10.7,Tree or Not Tree?,index.htm,08_Courseware_Exercises/S21_2.10.7_tree-or-not-tree.md,contents/structures/tp8-1/vertical-7bacea60d91e/index.htm,https://ocw.mit.edu/courses/electrical-engineering-and-computer-science/6-042j-mathematics-for-computer-science-spring-2015/structures/tp8-1/vertical-7bacea60d91e/,Official interactive exercise extracted from OCW HTML; correct-answer and feedback fields preserved,2015,md,,1259,9ad3bc4191b58dda9bbd52bfcabb57494fc44538802ae26ae3a81fb980278d83
exercise-2.10.8,courseware_exercise,21,2,2.10.8,Leaves,index.htm,08_Courseware_Exercises/S21_2.10.8_leaves.md,contents/structures/tp8-1/vertical-425ace1eec7d/index.htm,https://ocw.mit.edu/courses/electrical-engineering-and-computer-science/6-042j-mathematics-for-computer-science-spring-2015/structures/tp8-1/vertical-425ace1eec7d/,Official interactive exercise extracted from OCW HTML; correct-answer and feedback fields preserved,2015,md,,1234,d7a15d701ac7bf4036a63a118ac985390187a4deaf05fd0fea60d10ee16e87bd
exercise-2.10.9,courseware_exercise,21,2,2.10.9,Minimum Spanning Trees,index.htm,08_Courseware_Exercises/S21_2.10.9_minimum-spanning-trees.md,contents/structures/tp8-1/minimum-spanning-trees/index.htm,https://ocw.mit.edu/courses/electrical-engineering-and-computer-science/6-042j-mathematics-for-computer-science-spring-2015/structures/tp8-1/minimum-spanning-trees/,Official interactive exercise extracted from OCW HTML; correct-answer and feedback fields preserved,2015,md,,1269,f7a308ef18e988774daf122e0699e4c688a1925019d412b302f2abbf4b3c85d0
exercise-2.11.10,courseware_exercise,22,2,2.11.10,Bottleneck,index.htm,08_Courseware_Exercises/S22_2.11.10_bottleneck.md,contents/structures/stable-matching/bottleneck-3/index.htm,https://ocw.mit.edu/courses/electrical-engineering-and-computer-science/6-042j-mathematics-for-computer-science-spring-2015/structures/stable-matching/bottleneck-3/,Official interactive exercise extracted from OCW HTML; correct-answer and feedback fields preserved,2015,md,,915,35ce65c2a902ad9d4bc05e284003b6076878b6bd5dfb3478eb53c8a9b9acbe34
exercise-2.11.11,courseware_exercise,22,2,2.11.11,Bipartite Graphs,index.htm,08_Courseware_Exercises/S22_2.11.11_bipartite-graphs.md,contents/structures/stable-matching/bipartite-graphs-5/index.htm,https://ocw.mit.edu/courses/electrical-engineering-and-computer-science/6-042j-mathematics-for-computer-science-spring-2015/structures/stable-matching/bipartite-graphs-5/,Official interactive exercise extracted from OCW HTML; correct-answer and feedback fields preserved,2015,md,,1366,3b5546ebd38ea626cef66634470824308a24633ac057377243a0612fd1803d49
exercise-2.11.12,courseware_exercise,22,2,2.11.12,Matching,index.htm,08_Courseware_Exercises/S22_2.11.12_matching.md,contents/structures/stable-matching/matching/index.htm,https://ocw.mit.edu/courses/electrical-engineering-and-computer-science/6-042j-mathematics-for-computer-science-spring-2015/structures/stable-matching/matching/,Official interactive exercise extracted from OCW HTML; correct-answer and feedback fields preserved,2015,md,,2537,03e36199938aa77640fc6e5d2314594549301b3665f2a7af3b84ef4fb5382038
exercise-2.11.13,courseware_exercise,22,2,2.11.13,Stable Matching Invariants,index.htm,08_Courseware_Exercises/S22_2.11.13_stable-matching-invariants.md,contents/structures/stable-matching/stable-matching-invariants/index.htm,https://ocw.mit.edu/courses/electrical-engineering-and-computer-science/6-042j-mathematics-for-computer-science-spring-2015/structures/stable-matching/stable-matching-invariants/,Official interactive exercise extracted from OCW HTML; correct-answer and feedback fields preserved,2015,md,,3562,2fc563a5f98a89c1103b377b5ae038e077c4a5aa0620534a24cecd5145ce022c
exercise-2.11.3,courseware_exercise,22,2,2.11.3,Derived Variables,index.htm,08_Courseware_Exercises/S22_2.11.3_derived-variables.md,contents/structures/stable-matching/derived-variables-0/index.htm,https://ocw.mit.edu/courses/electrical-engineering-and-computer-science/6-042j-mathematics-for-computer-science-spring-2015/structures/stable-matching/derived-variables-0/,Official interactive exercise extracted from OCW HTML; correct-answer and feedback fields preserved,2015,md,,1075,cb70c2da68ea7bebef2206a5cc836be6abada16e2aa4f35e6280e1c737e64b16
exercise-2.11.4,courseware_exercise,22,2,2.11.4,Mating Ritual,index.htm,08_Courseware_Exercises/S22_2.11.4_mating-ritual.md,contents/structures/stable-matching/mating-ritual-0/index.htm,https://ocw.mit.edu/courses/electrical-engineering-and-computer-science/6-042j-mathematics-for-computer-science-spring-2015/structures/stable-matching/mating-ritual-0/,Official interactive exercise extracted from OCW HTML; correct-answer and feedback fields preserved,2015,md,,1277,21ce50c1fa2b8d08f66b77b05eeb9426dc65ce41ae75e984c6d37f75ca4e3f8b
exercise-2.11.6,courseware_exercise,22,2,2.11.6,Boy Optimal,index.htm,08_Courseware_Exercises/S22_2.11.6_boy-optimal.md,contents/structures/stable-matching/boy-optimal/index.htm,https://ocw.mit.edu/courses/electrical-engineering-and-computer-science/6-042j-mathematics-for-computer-science-spring-2015/structures/stable-matching/boy-optimal/,Official interactive exercise extracted from OCW HTML; correct-answer and feedback fields preserved,2015,md,,1327,034643fef6f0159037698529b5237c3bca63eb0aa3bb05980c984f1d64d808fd
exercise-2.11.8,courseware_exercise,22,2,2.11.8,Bipartite Equivalence Relation,index.htm,08_Courseware_Exercises/S22_2.11.8_bipartite-equivalence-relation.md,contents/structures/stable-matching/bipartite-equivalence-relation/index.htm,https://ocw.mit.edu/courses/electrical-engineering-and-computer-science/6-042j-mathematics-for-computer-science-spring-2015/structures/stable-matching/bipartite-equivalence-relation/,Official interactive exercise extracted from OCW HTML; correct-answer and feedback fields preserved,2015,md,,1085,0cdb4e79754b9ae378fa5a01a8904024bcc97a2b710edc4329cec2386ad9068f
exercise-3.1.10,courseware_exercise,23,3,3.1.10,Applying Stirling's Formula,index.htm,08_Courseware_Exercises/S23_3.1.10_applying-stirling-s-formula.md,contents/counting/tp8-2/vertical-109177f07958/index.htm,https://ocw.mit.edu/courses/electrical-engineering-and-computer-science/6-042j-mathematics-for-computer-science-spring-2015/counting/tp8-2/vertical-109177f07958/,Official interactive exercise extracted from OCW HTML; correct-answer and feedback fields preserved,2015,md,,1710,2f0c42d93f237e7e1ba757d48bae5fda95a3b3abfc272e0a939a85a519514fe9
exercise-3.1.11,courseware_exercise,23,3,3.1.11,Convergence of Geometric Series,index.htm,08_Courseware_Exercises/S23_3.1.11_convergence-of-geometric-series.md,contents/counting/tp8-2/convergence-of-geometric-series/index.htm,https://ocw.mit.edu/courses/electrical-engineering-and-computer-science/6-042j-mathematics-for-computer-science-spring-2015/counting/tp8-2/convergence-of-geometric-series/,Official interactive exercise extracted from OCW HTML; correct-answer and feedback fields preserved,2015,md,,909,d1cdec6079c4bb84539d11ca4843e9391064bb578f7dc895f7d213f1ffb05a22
exercise-3.1.12,courseware_exercise,23,3,3.1.12,Summation,index.htm,08_Courseware_Exercises/S23_3.1.12_summation.md,contents/counting/tp8-2/vertical-a64ff304ccd5/index.htm,https://ocw.mit.edu/courses/electrical-engineering-and-computer-science/6-042j-mathematics-for-computer-science-spring-2015/counting/tp8-2/vertical-a64ff304ccd5/,Official interactive exercise extracted from OCW HTML; correct-answer and feedback fields preserved,2015,md,,2499,a0fba6058dee106d1c57bfff47010a8e30020a47ff3f61ff1ef409e1b565c2dd
exercise-3.1.13,courseware_exercise,23,3,3.1.13,Sum's Upper Lower Bounds,index.htm,08_Courseware_Exercises/S23_3.1.13_sum-s-upper-lower-bounds.md,contents/counting/tp8-2/vertical-9f131aae203e/index.htm,https://ocw.mit.edu/courses/electrical-engineering-and-computer-science/6-042j-mathematics-for-computer-science-spring-2015/counting/tp8-2/vertical-9f131aae203e/,Official interactive exercise extracted from OCW HTML; correct-answer and feedback fields preserved,2015,md,,1424,68dc07809d74bad0d837c94d2ca26ba50ddd2995e8031d6876caaef9e582ff77
exercise-3.1.2,courseware_exercise,23,3,3.1.2,Perturbation by Young Gauss,index.htm,08_Courseware_Exercises/S23_3.1.2_perturbation-by-young-gauss.md,contents/counting/tp8-2/vertical-56598c481e1a/index.htm,https://ocw.mit.edu/courses/electrical-engineering-and-computer-science/6-042j-mathematics-for-computer-science-spring-2015/counting/tp8-2/vertical-56598c481e1a/,Official interactive exercise extracted from OCW HTML; correct-answer and feedback fields preserved,2015,md,,1344,3b214acf0462f18c0a90b6b331c001a540ca073c46e1aefcab3970bba6354419
exercise-3.1.4,courseware_exercise,23,3,3.1.4,Annuities,index.htm,08_Courseware_Exercises/S23_3.1.4_annuities.md,contents/counting/tp8-2/vertical-7019fdda010c/index.htm,https://ocw.mit.edu/courses/electrical-engineering-and-computer-science/6-042j-mathematics-for-computer-science-spring-2015/counting/tp8-2/vertical-7019fdda010c/,Official interactive exercise extracted from OCW HTML; correct-answer and feedback fields preserved,2015,md,,1331,61df2500e321b00ae95f2352390e876078be676d17a65c173e0b268c2d5b527a
exercise-3.1.6,courseware_exercise,23,3,3.1.6,Harmonic Numbers,index.htm,08_Courseware_Exercises/S23_3.1.6_harmonic-numbers.md,contents/counting/tp8-2/vertical-c496866a2419/index.htm,https://ocw.mit.edu/courses/electrical-engineering-and-computer-science/6-042j-mathematics-for-computer-science-spring-2015/counting/tp8-2/vertical-c496866a2419/,Official interactive exercise extracted from OCW HTML; correct-answer and feedback fields preserved,2015,md,,1694,589881e568ad6a044cbfcf02d4dd93b488394c6ee1ece72c699f740d141bfc32
exercise-3.1.8,courseware_exercise,23,3,3.1.8,Integral Method Demystified,index.htm,08_Courseware_Exercises/S23_3.1.8_integral-method-demystified.md,contents/counting/tp8-2/vertical-efaab47d6b5a/index.htm,https://ocw.mit.edu/courses/electrical-engineering-and-computer-science/6-042j-mathematics-for-computer-science-spring-2015/counting/tp8-2/vertical-efaab47d6b5a/,Official interactive exercise extracted from OCW HTML; correct-answer and feedback fields preserved,2015,md,,2960,da692fcd4052cd5862b9fd1add11caca1b656a67d913a7d82a61ebfe70e02592
exercise-3.2.2,courseware_exercise,24,3,3.2.2,Asymptotics as Relations,index.htm,08_Courseware_Exercises/S24_3.2.2_asymptotics-as-relations.md,contents/counting/tp8-3/vertical-3800c4b1c397/index.htm,https://ocw.mit.edu/courses/electrical-engineering-and-computer-science/6-042j-mathematics-for-computer-science-spring-2015/counting/tp8-3/vertical-3800c4b1c397/,Official interactive exercise extracted from OCW HTML; correct-answer and feedback fields preserved,2015,md,,1000,2fa58a74bbd8f0cacc9191d5a7f30e09788e220ce99756f2fd2e46867ff953e7
exercise-3.2.4,courseware_exercise,24,3,3.2.4,Little oh Big Oh,index.htm,08_Courseware_Exercises/S24_3.2.4_little-oh-big-oh.md,contents/counting/tp8-3/vertical-5c04897d10e6/index.htm,https://ocw.mit.edu/courses/electrical-engineering-and-computer-science/6-042j-mathematics-for-computer-science-spring-2015/counting/tp8-3/vertical-5c04897d10e6/,Official interactive exercise extracted from OCW HTML; correct-answer and feedback fields preserved,2015,md,,2553,5a0b27c2477452a1f7727723b819e6644a28e92ccf6f3f5519ef345285db1760
exercise-3.2.5,courseware_exercise,24,3,3.2.5,Theta,index.htm,08_Courseware_Exercises/S24_3.2.5_theta.md,contents/counting/tp8-3/theta/index.htm,https://ocw.mit.edu/courses/electrical-engineering-and-computer-science/6-042j-mathematics-for-computer-science-spring-2015/counting/tp8-3/theta/,Official interactive exercise extracted from OCW HTML; correct-answer and feedback fields preserved,2015,md,,1112,4aae27c993fe975ebd4de4be3ce0fe4ad939aee9af0d8f7e49b43da7a1977a60
exercise-3.2.7,courseware_exercise,24,3,3.2.7,Asymptotics the Right Way,index.htm,08_Courseware_Exercises/S24_3.2.7_asymptotics-the-right-way.md,contents/counting/tp8-3/vertical-9df50ab7aa43/index.htm,https://ocw.mit.edu/courses/electrical-engineering-and-computer-science/6-042j-mathematics-for-computer-science-spring-2015/counting/tp8-3/vertical-9df50ab7aa43/,Official interactive exercise extracted from OCW HTML; correct-answer and feedback fields preserved,2015,md,,1852,a8a8acec93a08f7dc761f2e8c22473aa9c044b29cfe86de2b7ccd7afa22d194c
exercise-3.2.8,courseware_exercise,24,3,3.2.8,Practice with Big O,index.htm,08_Courseware_Exercises/S24_3.2.8_practice-with-big-o.md,contents/counting/tp8-3/vertical-4c14279fa60f/index.htm,https://ocw.mit.edu/courses/electrical-engineering-and-computer-science/6-042j-mathematics-for-computer-science-spring-2015/counting/tp8-3/vertical-4c14279fa60f/,Official interactive exercise extracted from OCW HTML; correct-answer and feedback fields preserved,2015,md,,2427,3fc1c3c5e469f809b4dc9d1cc3ced6ce7c2927dab1410fa65cad0ea20a940618
exercise-3.2.9,courseware_exercise,24,3,3.2.9,Practice with Order of Growth,index.htm,08_Courseware_Exercises/S24_3.2.9_practice-with-order-of-growth.md,contents/counting/tp8-3/vertical-171ad650135b/index.htm,https://ocw.mit.edu/courses/electrical-engineering-and-computer-science/6-042j-mathematics-for-computer-science-spring-2015/counting/tp8-3/vertical-171ad650135b/,Official interactive exercise extracted from OCW HTML; correct-answer and feedback fields preserved,2015,md,,2681,0079772dc7b6b493a360b579adc1c0f3582e48ce81ee322aa82262abe037b886
exercise-3.3.2,courseware_exercise,25,3,3.3.2,Counting Practice,index.htm,08_Courseware_Exercises/S25_3.3.2_counting-practice.md,contents/counting/tp9-1/vertical-049622956720/index.htm,https://ocw.mit.edu/courses/electrical-engineering-and-computer-science/6-042j-mathematics-for-computer-science-spring-2015/counting/tp9-1/vertical-049622956720/,Official interactive exercise extracted from OCW HTML; correct-answer and feedback fields preserved,2015,md,,1446,ee1bb75029df0456b400a7bf585d2f2f1bdc3a796f46024ae4066f4495764073
exercise-3.3.4,courseware_exercise,25,3,3.3.4,Selecting Donuts,index.htm,08_Courseware_Exercises/S25_3.3.4_selecting-donuts.md,contents/counting/tp9-1/vertical-74c5f1c609a4/index.htm,https://ocw.mit.edu/courses/electrical-engineering-and-computer-science/6-042j-mathematics-for-computer-science-spring-2015/counting/tp9-1/vertical-74c5f1c609a4/,Official interactive exercise extracted from OCW HTML; correct-answer and feedback fields preserved,2015,md,,945,0afb3a03ef3858d758b3ab3daeb0a43267115cc6aaf9811391966379c8c01d1a
exercise-3.3.5,courseware_exercise,25,3,3.3.5,Counting Functions,index.htm,08_Courseware_Exercises/S25_3.3.5_counting-functions.md,contents/counting/tp9-1/vertical-8ad5a4d769b7/index.htm,https://ocw.mit.edu/courses/electrical-engineering-and-computer-science/6-042j-mathematics-for-computer-science-spring-2015/counting/tp9-1/vertical-8ad5a4d769b7/,Official interactive exercise extracted from OCW HTML; correct-answer and feedback fields preserved,2015,md,,1136,dceec258a9748fd6d3416cf1b33c078b56f82d90c57efe91ad79ca8c0e0d7249
exercise-3.4.2,courseware_exercise,26,3,3.4.2,Choosing Integers,index.htm,08_Courseware_Exercises/S26_3.4.2_choosing-integers.md,contents/counting/tp9-2/vertical-c197c8335ccf/index.htm,https://ocw.mit.edu/courses/electrical-engineering-and-computer-science/6-042j-mathematics-for-computer-science-spring-2015/counting/tp9-2/vertical-c197c8335ccf/,Official interactive exercise extracted from OCW HTML; correct-answer and feedback fields preserved,2015,md,,791,764d6857d74d2ae1e68eaa1bc2aed919538767fa511608842f95d94c5907d77d
exercise-3.5.2,courseware_exercise,27,3,3.5.2,Rolling Dice,index.htm,08_Courseware_Exercises/S27_3.5.2_rolling-dice.md,contents/counting/tp10-1/vertical-4e860a9da2fe/index.htm,https://ocw.mit.edu/courses/electrical-engineering-and-computer-science/6-042j-mathematics-for-computer-science-spring-2015/counting/tp10-1/vertical-4e860a9da2fe/,Official interactive exercise extracted from OCW HTML; correct-answer and feedback fields preserved,2015,md,,1060,05f07f8d401d8292538ce93e43e00cbda24544ae59dac6dd620992934a3580cf
exercise-3.5.5,courseware_exercise,27,3,3.5.5,Pigeonhole Principle,index.htm,08_Courseware_Exercises/S27_3.5.5_pigeonhole-principle.md,contents/counting/tp10-1/vertical-138fcb49e968/index.htm,https://ocw.mit.edu/courses/electrical-engineering-and-computer-science/6-042j-mathematics-for-computer-science-spring-2015/counting/tp10-1/vertical-138fcb49e968/,Official interactive exercise extracted from OCW HTML; correct-answer and feedback fields preserved,2015,md,,2753,9819241e7d3da8cdbb172e05a0268133bb931affbbce3f14fa4febf2bf572d44
exercise-3.5.6,courseware_exercise,27,3,3.5.6,6.042 TEAL Table,index.htm,08_Courseware_Exercises/S27_3.5.6_6-042-teal-table.md,contents/counting/tp10-1/vertical-0bb6e57f86c4/index.htm,https://ocw.mit.edu/courses/electrical-engineering-and-computer-science/6-042j-mathematics-for-computer-science-spring-2015/counting/tp10-1/vertical-0bb6e57f86c4/,Official interactive exercise extracted from OCW HTML; correct-answer and feedback fields preserved,2015,md,,3448,99934248a44ce14c2cccff76cf7f0bbe62ee822dcde9dac02bfebea5c280a2c7
exercise-3.5.7,courseware_exercise,27,3,3.5.7,Class Schedules,index.htm,08_Courseware_Exercises/S27_3.5.7_class-schedules.md,contents/counting/tp10-1/class-schedules/index.htm,https://ocw.mit.edu/courses/electrical-engineering-and-computer-science/6-042j-mathematics-for-computer-science-spring-2015/counting/tp10-1/class-schedules/,Official interactive exercise extracted from OCW HTML; correct-answer and feedback fields preserved,2015,md,,1510,e4334cc9ac2579c2e89e777cbb1f43564c2a94c648096a9454f63134046e9c3c
exercise-4.1.2,courseware_exercise,28,4,4.1.2,Socks and Shoes,index.htm,08_Courseware_Exercises/S28_4.1.2_socks-and-shoes.md,contents/probability/tp11-2/vertical-dcc88d262213/index.htm,https://ocw.mit.edu/courses/electrical-engineering-and-computer-science/6-042j-mathematics-for-computer-science-spring-2015/probability/tp11-2/vertical-dcc88d262213/,Official interactive exercise extracted from OCW HTML; correct-answer and feedback fields preserved,2015,md,,3601,22ac7f57e0e8f155d4cd151df43c658577a298318e3f25b71b6cbcda1f838b65
exercise-4.1.4,courseware_exercise,28,4,4.1.4,Simplify Prize Tree,index.htm,08_Courseware_Exercises/S28_4.1.4_simplify-prize-tree.md,contents/probability/tp11-2/vertical-9542d6e9bbc8/index.htm,https://ocw.mit.edu/courses/electrical-engineering-and-computer-science/6-042j-mathematics-for-computer-science-spring-2015/probability/tp11-2/vertical-9542d6e9bbc8/,Official interactive exercise extracted from OCW HTML; correct-answer and feedback fields preserved,2015,md,,1863,f414d17aea3820a8691dbf7d6ac12a69f1f34f34a5313ce8745ca8c157ff947d
exercise-4.1.6,courseware_exercise,28,4,4.1.6,Sum Rule Practice,index.htm,08_Courseware_Exercises/S28_4.1.6_sum-rule-practice.md,contents/probability/tp11-2/vertical-eb54695f6f66/index.htm,https://ocw.mit.edu/courses/electrical-engineering-and-computer-science/6-042j-mathematics-for-computer-science-spring-2015/probability/tp11-2/vertical-eb54695f6f66/,Official interactive exercise extracted from OCW HTML; correct-answer and feedback fields preserved,2015,md,,1140,8488155f188b82006d20c6925ae47c0091d73eb93c31501fb136d157db56b07a
exercise-4.1.7,courseware_exercise,28,4,4.1.7,Addition Rule,index.htm,08_Courseware_Exercises/S28_4.1.7_addition-rule.md,contents/probability/tp11-2/vertical-d95cbbc345c2/index.htm,https://ocw.mit.edu/courses/electrical-engineering-and-computer-science/6-042j-mathematics-for-computer-science-spring-2015/probability/tp11-2/vertical-d95cbbc345c2/,Official interactive exercise extracted from OCW HTML; correct-answer and feedback fields preserved,2015,md,,1401,14aaaf8c73c03226f4c5d1084cf4e3aef9196db87ad7713f56f238ee89ec3131
exercise-4.1.8,courseware_exercise,28,4,4.1.8,Fun With Coins,index.htm,08_Courseware_Exercises/S28_4.1.8_fun-with-coins.md,contents/probability/tp11-2/vertical-a2b75a4824b8/index.htm,https://ocw.mit.edu/courses/electrical-engineering-and-computer-science/6-042j-mathematics-for-computer-science-spring-2015/probability/tp11-2/vertical-a2b75a4824b8/,Official interactive exercise extracted from OCW HTML; correct-answer and feedback fields preserved,2015,md,,1433,9610fcc06e7c9db307728315a80d90002bb3da1f7bc691f836e93719ab738797
exercise-4.2.10,courseware_exercise,29,4,4.2.10,Watch Out For Crocodiles,index.htm,08_Courseware_Exercises/S29_4.2.10_watch-out-for-crocodiles.md,contents/probability/tp12-1/vertical-b7574f507526/index.htm,https://ocw.mit.edu/courses/electrical-engineering-and-computer-science/6-042j-mathematics-for-computer-science-spring-2015/probability/tp12-1/vertical-b7574f507526/,Official interactive exercise extracted from OCW HTML; correct-answer and feedback fields preserved,2015,md,,1549,0d992862a5a9a24eb745b87f7dec52e415a0b5538c9e8511034e6c3c638d45b6
exercise-4.2.2,courseware_exercise,29,4,4.2.2,Dicey Sum,index.htm,08_Courseware_Exercises/S29_4.2.2_dicey-sum.md,contents/probability/tp12-1/vertical-c84a5906e76d/index.htm,https://ocw.mit.edu/courses/electrical-engineering-and-computer-science/6-042j-mathematics-for-computer-science-spring-2015/probability/tp12-1/vertical-c84a5906e76d/,Official interactive exercise extracted from OCW HTML; correct-answer and feedback fields preserved,2015,md,,1030,555ab6cf0db1ce4c1ed79340ddb92fea4e4ebd62ce20aaea3031b6aa2ac4376d
exercise-4.2.4,courseware_exercise,29,4,4.2.4,Cavities and Candy,index.htm,08_Courseware_Exercises/S29_4.2.4_cavities-and-candy.md,contents/probability/tp12-1/vertical-ca9fdfa21bb0/index.htm,https://ocw.mit.edu/courses/electrical-engineering-and-computer-science/6-042j-mathematics-for-computer-science-spring-2015/probability/tp12-1/vertical-ca9fdfa21bb0/,Official interactive exercise extracted from OCW HTML; correct-answer and feedback fields preserved,2015,md,,1389,98c0abd6db08f65b8d190b2c3af3d8e22313d72ce32dba12ec74cbfc06e09d2f
exercise-4.2.6,courseware_exercise,29,4,4.2.6,Two Boys,index.htm,08_Courseware_Exercises/S29_4.2.6_two-boys.md,contents/probability/tp12-1/vertical-1c440a383ad3/index.htm,https://ocw.mit.edu/courses/electrical-engineering-and-computer-science/6-042j-mathematics-for-computer-science-spring-2015/probability/tp12-1/vertical-1c440a383ad3/,Official interactive exercise extracted from OCW HTML; correct-answer and feedback fields preserved,2015,md,,1658,88680d996e94bf0255d0a53f37e2983036e1e582b4b23aab717dfbe2aff0f684
exercise-4.2.8,courseware_exercise,29,4,4.2.8,Conditional Probability,index.htm,08_Courseware_Exercises/S29_4.2.8_conditional-probability.md,contents/probability/tp12-1/vertical-b447cf681095/index.htm,https://ocw.mit.edu/courses/electrical-engineering-and-computer-science/6-042j-mathematics-for-computer-science-spring-2015/probability/tp12-1/vertical-b447cf681095/,Official interactive exercise extracted from OCW HTML; correct-answer and feedback fields preserved,2015,md,,1365,41da952e8cf6258dd201d71d833a40068fb1fa98974fa7e6c51821f0f92bf7ba
exercise-4.2.9,courseware_exercise,29,4,4.2.9,Dicey Game,index.htm,08_Courseware_Exercises/S29_4.2.9_dicey-game.md,contents/probability/tp12-1/vertical-dbc09e338aa5/index.htm,https://ocw.mit.edu/courses/electrical-engineering-and-computer-science/6-042j-mathematics-for-computer-science-spring-2015/probability/tp12-1/vertical-dbc09e338aa5/,Official interactive exercise extracted from OCW HTML; correct-answer and feedback fields preserved,2015,md,,2021,d94b6ff5db09c42cdd6d24e5ed5474a72fe2f6e9c154ff4d76f1dac4f5e2964d
exercise-1.3.2,courseware_exercise,3,1,1.3.2,Domain for Well Ordering Principle,index.htm,08_Courseware_Exercises/S03_1.3.2_domain-for-well-ordering-principle.md,contents/proofs/tp2-1/vertical-1d9c2a0e507a/index.htm,https://ocw.mit.edu/courses/electrical-engineering-and-computer-science/6-042j-mathematics-for-computer-science-spring-2015/proofs/tp2-1/vertical-1d9c2a0e507a/,Official interactive exercise extracted from OCW HTML; correct-answer and feedback fields preserved,2015,md,,1013,da456e6d198a06c96e0c48c5fc6ed78808f21ba4ec01828badb271dbe2b7b8ce
exercise-1.3.4,courseware_exercise,3,1,1.3.4,Well Ordering Proofs and Counterexamples,index.htm,08_Courseware_Exercises/S03_1.3.4_well-ordering-proofs-and-counterexamples.md,contents/proofs/tp2-1/vertical-001819756631/index.htm,https://ocw.mit.edu/courses/electrical-engineering-and-computer-science/6-042j-mathematics-for-computer-science-spring-2015/proofs/tp2-1/vertical-001819756631/,Official interactive exercise extracted from OCW HTML; correct-answer and feedback fields preserved,2015,md,,1267,d3dcde89f105ef7433e4c7c30bcf055d4879f9c82a0db08d7113aff9ec108b60
exercise-1.3.6,courseware_exercise,3,1,1.3.6,WOP Proof for Geometric Sum,index.htm,08_Courseware_Exercises/S03_1.3.6_wop-proof-for-geometric-sum.md,contents/proofs/tp2-1/vertical-21c9adce63e4/index.htm,https://ocw.mit.edu/courses/electrical-engineering-and-computer-science/6-042j-mathematics-for-computer-science-spring-2015/proofs/tp2-1/vertical-21c9adce63e4/,Official interactive exercise extracted from OCW HTML; correct-answer and feedback fields preserved,2015,md,,1055,3d21ab2d3ee0a4ff30fc54e2c6457c5feb9be7245f513a504535d336a8106aca
exercise-1.3.7,courseware_exercise,3,1,1.3.7,Well Ordering Principle - Examples,index.htm,08_Courseware_Exercises/S03_1.3.7_well-ordering-principle-examples.md,contents/proofs/tp2-1/vertical-69c747468b20/index.htm,https://ocw.mit.edu/courses/electrical-engineering-and-computer-science/6-042j-mathematics-for-computer-science-spring-2015/proofs/tp2-1/vertical-69c747468b20/,Official interactive exercise extracted from OCW HTML; correct-answer and feedback fields preserved,2015,md,,5236,8c7191ebee81364befec823e61672301c913e82ad6915dbf337abf6d8da016c4
exercise-1.3.8,courseware_exercise,3,1,1.3.8,A Bogus Well Ordering Principle Proof,index.htm,08_Courseware_Exercises/S03_1.3.8_a-bogus-well-ordering-principle-proof.md,contents/proofs/tp2-1/vertical-0d330bfe723d/index.htm,https://ocw.mit.edu/courses/electrical-engineering-and-computer-science/6-042j-mathematics-for-computer-science-spring-2015/proofs/tp2-1/vertical-0d330bfe723d/,Official interactive exercise extracted from OCW HTML; correct-answer and feedback fields preserved,2015,md,,3192,aa5eb9112d740e51b2cc44a94b99f4e0272380e1ed1c8b1df15ae18af3b45ace
exercise-4.3.2,courseware_exercise,30,4,4.3.2,Independent Dice Rolls,index.htm,08_Courseware_Exercises/S30_4.3.2_independent-dice-rolls.md,contents/probability/tp12-2/vertical-8ff8e74ce854/index.htm,https://ocw.mit.edu/courses/electrical-engineering-and-computer-science/6-042j-mathematics-for-computer-science-spring-2015/probability/tp12-2/vertical-8ff8e74ce854/,Official interactive exercise extracted from OCW HTML; correct-answer and feedback fields preserved,2015,md,,1535,480f4fb3985be56e9d76cf5799b140e1f32a51960e46eae94500ca7c6e490136
exercise-4.3.4,courseware_exercise,30,4,4.3.4,Mutually Independent Dice Rolls,index.htm,08_Courseware_Exercises/S30_4.3.4_mutually-independent-dice-rolls.md,contents/probability/tp12-2/vertical-725617c4e7c2/index.htm,https://ocw.mit.edu/courses/electrical-engineering-and-computer-science/6-042j-mathematics-for-computer-science-spring-2015/probability/tp12-2/vertical-725617c4e7c2/,Official interactive exercise extracted from OCW HTML; correct-answer and feedback fields preserved,2015,md,,1769,ded97100f6774fdce86906cb85080cd97e3076018be4e9201065ee440df9d02e
exercise-4.3.5,courseware_exercise,30,4,4.3.5,Independent vs Disjoint,index.htm,08_Courseware_Exercises/S30_4.3.5_independent-vs-disjoint.md,contents/probability/tp12-2/vertical-6700220de664/index.htm,https://ocw.mit.edu/courses/electrical-engineering-and-computer-science/6-042j-mathematics-for-computer-science-spring-2015/probability/tp12-2/vertical-6700220de664/,Official interactive exercise extracted from OCW HTML; correct-answer and feedback fields preserved,2015,md,,1342,c0ceb6e8c6ad4a7f4c8252988c9d9168de62baa5da8b36a96812b647c6a83fb7
exercise-4.3.6,courseware_exercise,30,4,4.3.6,Labeled Balls,index.htm,08_Courseware_Exercises/S30_4.3.6_labeled-balls.md,contents/probability/tp12-2/vertical-324cac33b048/index.htm,https://ocw.mit.edu/courses/electrical-engineering-and-computer-science/6-042j-mathematics-for-computer-science-spring-2015/probability/tp12-2/vertical-324cac33b048/,Official interactive exercise extracted from OCW HTML; correct-answer and feedback fields preserved,2015,md,,2010,ee4c01e59f774f47e3358b40e6fb20878752c1f69eca857492fe8300f2c3ace7
exercise-4.3.7,courseware_exercise,30,4,4.3.7,Paradox,index.htm,08_Courseware_Exercises/S30_4.3.7_paradox.md,contents/probability/tp12-2/paradox/index.htm,https://ocw.mit.edu/courses/electrical-engineering-and-computer-science/6-042j-mathematics-for-computer-science-spring-2015/probability/tp12-2/paradox/,Official interactive exercise extracted from OCW HTML; correct-answer and feedback fields preserved,2015,md,,1209,100f6e15633c697b2c650b4b70bfce9513fd8c79eb0ace4846e3ad59a572bd4c
exercise-4.4.3,courseware_exercise,31,4,4.4.3,Odd Heads and Matches,index.htm,08_Courseware_Exercises/S31_4.4.3_odd-heads-and-matches.md,contents/probability/tp12-3/vertical-12926a05d1ba/index.htm,https://ocw.mit.edu/courses/electrical-engineering-and-computer-science/6-042j-mathematics-for-computer-science-spring-2015/probability/tp12-3/vertical-12926a05d1ba/,Official interactive exercise extracted from OCW HTML; correct-answer and feedback fields preserved,2015,md,,2787,e172f688c8322b2b67520b3748a48a3d702a8292dfbe5ad76474d9c5f9a203f3
exercise-4.4.5,courseware_exercise,31,4,4.4.5,Late For A Date,index.htm,08_Courseware_Exercises/S31_4.4.5_late-for-a-date.md,contents/probability/tp12-3/vertical-5a2c58463701/index.htm,https://ocw.mit.edu/courses/electrical-engineering-and-computer-science/6-042j-mathematics-for-computer-science-spring-2015/probability/tp12-3/vertical-5a2c58463701/,Official interactive exercise extracted from OCW HTML; correct-answer and feedback fields preserved,2015,md,,3300,1f05d3cbaf0d87e5752cab8247031ff0446724c9f9c873b73e8cd334311cd4c0
exercise-4.4.6,courseware_exercise,31,4,4.4.6,A Random Number,index.htm,08_Courseware_Exercises/S31_4.4.6_a-random-number.md,contents/probability/tp12-3/vertical-fd04358ad7c2/index.htm,https://ocw.mit.edu/courses/electrical-engineering-and-computer-science/6-042j-mathematics-for-computer-science-spring-2015/probability/tp12-3/vertical-fd04358ad7c2/,Official interactive exercise extracted from OCW HTML; correct-answer and feedback fields preserved,2015,md,,4416,55d31e2bae5f68183dbeb50d2670ee8421f1c391d3cef7b7a7a7fd096e0d9864
exercise-4.4.7,courseware_exercise,31,4,4.4.7,PDF to CDF,index.htm,08_Courseware_Exercises/S31_4.4.7_pdf-to-cdf.md,contents/probability/tp12-3/vertical-0527081b6af3/index.htm,https://ocw.mit.edu/courses/electrical-engineering-and-computer-science/6-042j-mathematics-for-computer-science-spring-2015/probability/tp12-3/vertical-0527081b6af3/,Official interactive exercise extracted from OCW HTML; correct-answer and feedback fields preserved,2015,md,,1161,427e7b56a317ecdecf8a60cc92f6426be3e4e41bec10a3af0abaed49457190f0
exercise-4.4.8,courseware_exercise,31,4,4.4.8,Dice And Coin Game,index.htm,08_Courseware_Exercises/S31_4.4.8_dice-and-coin-game.md,contents/probability/tp12-3/vertical-f27f5990f502/index.htm,https://ocw.mit.edu/courses/electrical-engineering-and-computer-science/6-042j-mathematics-for-computer-science-spring-2015/probability/tp12-3/vertical-f27f5990f502/,Official interactive exercise extracted from OCW HTML; correct-answer and feedback fields preserved,2015,md,,1708,e48f523f085cfde0a7f987f5cc97d71229576421a5966330e5ce9194157e6de1
exercise-4.5.10,courseware_exercise,32,4,4.5.10,Fair and Biased Coins,index.htm,08_Courseware_Exercises/S32_4.5.10_fair-and-biased-coins.md,contents/probability/tp13-1/vertical-4f20b89f006a/index.htm,https://ocw.mit.edu/courses/electrical-engineering-and-computer-science/6-042j-mathematics-for-computer-science-spring-2015/probability/tp13-1/vertical-4f20b89f006a/,Official interactive exercise extracted from OCW HTML; correct-answer and feedback fields preserved,2015,md,,1470,0ba53a8a018eaf65e8a8f8eb30467cdbed8a4002f9689f83d62da82af45c95e2
exercise-4.5.11,courseware_exercise,32,4,4.5.11,Binomial Board Breaking,index.htm,08_Courseware_Exercises/S32_4.5.11_binomial-board-breaking.md,contents/probability/tp13-1/vertical-49116fd8c065/index.htm,https://ocw.mit.edu/courses/electrical-engineering-and-computer-science/6-042j-mathematics-for-computer-science-spring-2015/probability/tp13-1/vertical-49116fd8c065/,Official interactive exercise extracted from OCW HTML; correct-answer and feedback fields preserved,2015,md,,2477,2d2e2b750fba2e2a27c34c83e0992026b26dc2b0252d862f824d06f7cdbed7a4
exercise-4.5.12,courseware_exercise,32,4,4.5.12,Great Expectations,index.htm,08_Courseware_Exercises/S32_4.5.12_great-expectations.md,contents/probability/tp13-1/vertical-88fafb62d4f8/index.htm,https://ocw.mit.edu/courses/electrical-engineering-and-computer-science/6-042j-mathematics-for-computer-science-spring-2015/probability/tp13-1/vertical-88fafb62d4f8/,Official interactive exercise extracted from OCW HTML; correct-answer and feedback fields preserved,2015,md,,2552,08d1e64a932ea5169d5dcb515c869c708498d85956840e8c2f94f9afcfd3fb5f
exercise-4.5.13,courseware_exercise,32,4,4.5.13,Expectation of a Uniform Distribution,index.htm,08_Courseware_Exercises/S32_4.5.13_expectation-of-a-uniform-distribution.md,contents/probability/tp13-1/vertical-0a1dc9049ff4/index.htm,https://ocw.mit.edu/courses/electrical-engineering-and-computer-science/6-042j-mathematics-for-computer-science-spring-2015/probability/tp13-1/vertical-0a1dc9049ff4/,Official interactive exercise extracted from OCW HTML; correct-answer and feedback fields preserved,2015,md,,1958,e6fd974d1db280fb4dd9040fdc40725dcf88673b90525e47b1153502ee1cce90
exercise-4.5.2,courseware_exercise,32,4,4.5.2,Uneven Dice,index.htm,08_Courseware_Exercises/S32_4.5.2_uneven-dice.md,contents/probability/tp13-1/vertical-d324b518e79a/index.htm,https://ocw.mit.edu/courses/electrical-engineering-and-computer-science/6-042j-mathematics-for-computer-science-spring-2015/probability/tp13-1/vertical-d324b518e79a/,Official interactive exercise extracted from OCW HTML; correct-answer and feedback fields preserved,2015,md,,1424,88585ebb30c332ef08eb4ce690bd0200a589fdd9f27c6952e34f1be246d4d0d2
exercise-4.5.4,courseware_exercise,32,4,4.5.4,Expected Number of Heads,index.htm,08_Courseware_Exercises/S32_4.5.4_expected-number-of-heads.md,contents/probability/tp13-1/vertical-932dca21218a/index.htm,https://ocw.mit.edu/courses/electrical-engineering-and-computer-science/6-042j-mathematics-for-computer-science-spring-2015/probability/tp13-1/vertical-932dca21218a/,Official interactive exercise extracted from OCW HTML; correct-answer and feedback fields preserved,2015,md,,956,d0eb9cdab4eeb2af2fc382d921d8045a770f69f2da361794b8f24af556779917
exercise-4.5.6,courseware_exercise,32,4,4.5.6,Another Dice and Coin Game,index.htm,08_Courseware_Exercises/S32_4.5.6_another-dice-and-coin-game.md,contents/probability/tp13-1/vertical-3506cf32b49b/index.htm,https://ocw.mit.edu/courses/electrical-engineering-and-computer-science/6-042j-mathematics-for-computer-science-spring-2015/probability/tp13-1/vertical-3506cf32b49b/,Official interactive exercise extracted from OCW HTML; correct-answer and feedback fields preserved,2015,md,,1533,b73b0c05004dc6b60d22cf88da47a716c1d0e9d32e4fb21275cea31cd2688edb
exercise-4.5.8,courseware_exercise,32,4,4.5.8,Three Machines Failing,index.htm,08_Courseware_Exercises/S32_4.5.8_three-machines-failing.md,contents/probability/tp13-1/vertical-f2cac6de0392/index.htm,https://ocw.mit.edu/courses/electrical-engineering-and-computer-science/6-042j-mathematics-for-computer-science-spring-2015/probability/tp13-1/vertical-f2cac6de0392/,Official interactive exercise extracted from OCW HTML; correct-answer and feedback fields preserved,2015,md,,1189,663c0ec61b4727548508a7a2f38bed66a8a0f28720168e12919fcf125f7cf562
exercise-4.6.10,courseware_exercise,33,4,4.6.10,Practice with Bounds,index.htm,08_Courseware_Exercises/S33_4.6.10_practice-with-bounds.md,contents/probability/tp13-2/vertical-00ed1bc2728f/index.htm,https://ocw.mit.edu/courses/electrical-engineering-and-computer-science/6-042j-mathematics-for-computer-science-spring-2015/probability/tp13-2/vertical-00ed1bc2728f/,Official interactive exercise extracted from OCW HTML; correct-answer and feedback fields preserved,2015,md,,1873,1512d25ad6a1229a35303118a30d068ffab4cc0b8b185e54f19d3f69ba2309b9
exercise-4.6.11,courseware_exercise,33,4,4.6.11,Implications of Expectation,index.htm,08_Courseware_Exercises/S33_4.6.11_implications-of-expectation.md,contents/probability/tp13-2/vertical-4699d069607e/index.htm,https://ocw.mit.edu/courses/electrical-engineering-and-computer-science/6-042j-mathematics-for-computer-science-spring-2015/probability/tp13-2/vertical-4699d069607e/,Official interactive exercise extracted from OCW HTML; correct-answer and feedback fields preserved,2015,md,,3786,253341b27e94f0a2f1cab396b078d00fe3d97e8e5699007bbe361519f1569d41
exercise-4.6.2,courseware_exercise,33,4,4.6.2,Don't Expect the Expectation,index.htm,08_Courseware_Exercises/S33_4.6.2_don-t-expect-the-expectation.md,contents/probability/tp13-2/vertical-18d81b8ca2e1/index.htm,https://ocw.mit.edu/courses/electrical-engineering-and-computer-science/6-042j-mathematics-for-computer-science-spring-2015/probability/tp13-2/vertical-18d81b8ca2e1/,Official interactive exercise extracted from OCW HTML; correct-answer and feedback fields preserved,2015,md,,1289,1a9e67e3d3e617ab514d81e05ec5212530ffaa255bac29a0a6590d2fe4fbe80f
exercise-4.6.4,courseware_exercise,33,4,4.6.4,Markov Bound,index.htm,08_Courseware_Exercises/S33_4.6.4_markov-bound.md,contents/probability/tp13-2/vertical-ecd276750fa8/index.htm,https://ocw.mit.edu/courses/electrical-engineering-and-computer-science/6-042j-mathematics-for-computer-science-spring-2015/probability/tp13-2/vertical-ecd276750fa8/,Official interactive exercise extracted from OCW HTML; correct-answer and feedback fields preserved,2015,md,,1305,09ed8fcbafddb9974529848a11b5de8f43f4c9cd497c36f71e4fcebc54fd2854
exercise-4.6.6,courseware_exercise,33,4,4.6.6,Inside the TA's Brain,index.htm,08_Courseware_Exercises/S33_4.6.6_inside-the-ta-s-brain.md,contents/probability/tp13-2/vertical-82fa33baa07e/index.htm,https://ocw.mit.edu/courses/electrical-engineering-and-computer-science/6-042j-mathematics-for-computer-science-spring-2015/probability/tp13-2/vertical-82fa33baa07e/,Official interactive exercise extracted from OCW HTML; correct-answer and feedback fields preserved,2015,md,,3633,19aa0413284629a97d0c6dc09c378e134bca78c8f97fef8eeaabff873bb092a1
exercise-4.6.8,courseware_exercise,33,4,4.6.8,Practice with Variance,index.htm,08_Courseware_Exercises/S33_4.6.8_practice-with-variance.md,contents/probability/tp13-2/vertical-1b1a945bfd78/index.htm,https://ocw.mit.edu/courses/electrical-engineering-and-computer-science/6-042j-mathematics-for-computer-science-spring-2015/probability/tp13-2/vertical-1b1a945bfd78/,Official interactive exercise extracted from OCW HTML; correct-answer and feedback fields preserved,2015,md,,1436,ce2bc130a2820212fda320c5dd033d540659bba4d3d46937629211996260e095
exercise-4.6.9,courseware_exercise,33,4,4.6.9,Flipping Coins,index.htm,08_Courseware_Exercises/S33_4.6.9_flipping-coins.md,contents/probability/tp13-2/vertical-871f95303dd6/index.htm,https://ocw.mit.edu/courses/electrical-engineering-and-computer-science/6-042j-mathematics-for-computer-science-spring-2015/probability/tp13-2/vertical-871f95303dd6/,Official interactive exercise extracted from OCW HTML; correct-answer and feedback fields preserved,2015,md,,3243,55e6a1e15b469dc4966ac8031274ffb3db45c863062539c329118530a219a8cc
exercise-4.7.10,courseware_exercise,34,4,4.7.10,Above Average Number of Fingers,index.htm,08_Courseware_Exercises/S34_4.7.10_above-average-number-of-fingers.md,contents/probability/tp14-1/vertical-2f9ccec3fdf7/index.htm,https://ocw.mit.edu/courses/electrical-engineering-and-computer-science/6-042j-mathematics-for-computer-science-spring-2015/probability/tp14-1/vertical-2f9ccec3fdf7/,Official interactive exercise extracted from OCW HTML; correct-answer and feedback fields preserved,2015,md,,2876,3fd33b2923954398bb73f41468f69fc0d44c8f33f8227b1de4903ee292ed5d50
exercise-4.7.2,courseware_exercise,34,4,4.7.2,Not So Strong,index.htm,08_Courseware_Exercises/S34_4.7.2_not-so-strong.md,contents/probability/tp14-1/vertical-84aa6f70d1c0/index.htm,https://ocw.mit.edu/courses/electrical-engineering-and-computer-science/6-042j-mathematics-for-computer-science-spring-2015/probability/tp14-1/vertical-84aa6f70d1c0/,Official interactive exercise extracted from OCW HTML; correct-answer and feedback fields preserved,2015,md,,1077,fea07c3a6865e3aab8610af4f433d20b9faea900a1158356cbb9d274f7f582a9
exercise-4.7.4,courseware_exercise,34,4,4.7.4,Sampling Coin Tosses,index.htm,08_Courseware_Exercises/S34_4.7.4_sampling-coin-tosses.md,contents/probability/tp14-1/vertical-b7cee8c0e19c/index.htm,https://ocw.mit.edu/courses/electrical-engineering-and-computer-science/6-042j-mathematics-for-computer-science-spring-2015/probability/tp14-1/vertical-b7cee8c0e19c/,Official interactive exercise extracted from OCW HTML; correct-answer and feedback fields preserved,2015,md,,1881,ad004f67cf67ce351e8057f7edfca96c4f1219808c8c39df81a6efbba13515de
exercise-4.7.6,courseware_exercise,34,4,4.7.6,Birthdays On Naboo,index.htm,08_Courseware_Exercises/S34_4.7.6_birthdays-on-naboo.md,contents/probability/tp14-1/vertical-20063bed5f4a/index.htm,https://ocw.mit.edu/courses/electrical-engineering-and-computer-science/6-042j-mathematics-for-computer-science-spring-2015/probability/tp14-1/vertical-20063bed5f4a/,Official interactive exercise extracted from OCW HTML; correct-answer and feedback fields preserved,2015,md,,2104,255a7e9870b607b942d9aad662b228064876d338a6161fe5f73a3adafd628674
exercise-4.7.8,courseware_exercise,34,4,4.7.8,Confidence,index.htm,08_Courseware_Exercises/S34_4.7.8_confidence.md,contents/probability/tp14-1/vertical-b6f0d030cb36/index.htm,https://ocw.mit.edu/courses/electrical-engineering-and-computer-science/6-042j-mathematics-for-computer-science-spring-2015/probability/tp14-1/vertical-b6f0d030cb36/,Official interactive exercise extracted from OCW HTML; correct-answer and feedback fields preserved,2015,md,,1458,7668a4cff9ef33f4de180b3b38de76328ee8dc32d4e91fc25279b18bcbdb2cb3
exercise-4.7.9,courseware_exercise,34,4,4.7.9,Random Sampling,index.htm,08_Courseware_Exercises/S34_4.7.9_random-sampling.md,contents/probability/tp14-1/vertical-0a9b074af4b4/index.htm,https://ocw.mit.edu/courses/electrical-engineering-and-computer-science/6-042j-mathematics-for-computer-science-spring-2015/probability/tp14-1/vertical-0a9b074af4b4/,Official interactive exercise extracted from OCW HTML; correct-answer and feedback fields preserved,2015,md,,5083,88483ded4d848034df027df92995fbb493e2726148b63588347acf0fedac1758
exercise-4.8.4,courseware_exercise,35,4,4.8.4,Random Walks,index.htm,08_Courseware_Exercises/S35_4.8.4_random-walks.md,contents/probability/random-walks-pagerank/random-walks-0/index.htm,https://ocw.mit.edu/courses/electrical-engineering-and-computer-science/6-042j-mathematics-for-computer-science-spring-2015/probability/random-walks-pagerank/random-walks-0/,Official interactive exercise extracted from OCW HTML; correct-answer and feedback fields preserved,2015,md,,1597,50fa910a34ae761b277beab20c2e461a7efbb2e4397ef676a79c142ccf6275c2
exercise-4.8.5,courseware_exercise,35,4,4.8.5,Random Walks (cont.),index.htm,08_Courseware_Exercises/S35_4.8.5_random-walks-cont.md,contents/probability/random-walks-pagerank/random-walks-cont/index.htm,https://ocw.mit.edu/courses/electrical-engineering-and-computer-science/6-042j-mathematics-for-computer-science-spring-2015/probability/random-walks-pagerank/random-walks-cont/,Official interactive exercise extracted from OCW HTML; correct-answer and feedback fields preserved,2015,md,,1667,a0a2ea3a63e953c0db119aff50445415df184dd85456c2e32678ac3b00228e4e
exercise-1.4.2,courseware_exercise,4,1,1.4.2,Propositional Operators,index.htm,08_Courseware_Exercises/S04_1.4.2_propositional-operators.md,contents/proofs/tp2-2/vertical-e6ef70d76365/index.htm,https://ocw.mit.edu/courses/electrical-engineering-and-computer-science/6-042j-mathematics-for-computer-science-spring-2015/proofs/tp2-2/vertical-e6ef70d76365/,Official interactive exercise extracted from OCW HTML; correct-answer and feedback fields preserved,2015,md,,2768,5b18185a6d62f069022fe05045789f70072f7658941217e3e774aafadcf88320
exercise-1.4.5,courseware_exercise,4,1,1.4.5,Equivalence and Truth Table,index.htm,08_Courseware_Exercises/S04_1.4.5_equivalence-and-truth-table.md,contents/proofs/tp2-2/vertical-b8b2711c0ce8/index.htm,https://ocw.mit.edu/courses/electrical-engineering-and-computer-science/6-042j-mathematics-for-computer-science-spring-2015/proofs/tp2-2/vertical-b8b2711c0ce8/,Official interactive exercise extracted from OCW HTML; correct-answer and feedback fields preserved,2015,md,,1077,39acd964e3d02e9683fc156535cbdef51f9b74913c4c634d5b398cad964dd502
exercise-1.4.8,courseware_exercise,4,1,1.4.8,Soundness and Validity,index.htm,08_Courseware_Exercises/S04_1.4.8_soundness-and-validity.md,contents/proofs/tp2-2/vertical-ed6030bda119/index.htm,https://ocw.mit.edu/courses/electrical-engineering-and-computer-science/6-042j-mathematics-for-computer-science-spring-2015/proofs/tp2-2/vertical-ed6030bda119/,Official interactive exercise extracted from OCW HTML; correct-answer and feedback fields preserved,2015,md,,884,916725e76d7e7ef810b62dbd87f97f756986ebcdaf39b4782a53184846df0eed
exercise-1.4.9,courseware_exercise,4,1,1.4.9,Logical Connectives,index.htm,08_Courseware_Exercises/S04_1.4.9_logical-connectives.md,contents/proofs/tp2-2/vertical-a28e46f96fa1/index.htm,https://ocw.mit.edu/courses/electrical-engineering-and-computer-science/6-042j-mathematics-for-computer-science-spring-2015/proofs/tp2-2/vertical-a28e46f96fa1/,Official interactive exercise extracted from OCW HTML; correct-answer and feedback fields preserved,2015,md,,2755,e0ea04c8883833d4255bf687d9bea636b1aa18f5b0c556656576bd5fce761e52
exercise-1.5.3,courseware_exercise,5,1,1.5.3,Satisfiability,index.htm,08_Courseware_Exercises/S05_1.5.3_satisfiability.md,contents/proofs/tp3-1/vertical-071a48267f00/index.htm,https://ocw.mit.edu/courses/electrical-engineering-and-computer-science/6-042j-mathematics-for-computer-science-spring-2015/proofs/tp3-1/vertical-071a48267f00/,Official interactive exercise extracted from OCW HTML; correct-answer and feedback fields preserved,2015,md,,1063,df2022be636b56221035c156e055678e5434b8d76215e38d0537a5f1a7c0ec6e
exercise-1.5.5,courseware_exercise,5,1,1.5.5,Name That Predicate!,index.htm,08_Courseware_Exercises/S05_1.5.5_name-that-predicate.md,contents/proofs/tp3-1/vertical-f68a21116180/index.htm,https://ocw.mit.edu/courses/electrical-engineering-and-computer-science/6-042j-mathematics-for-computer-science-spring-2015/proofs/tp3-1/vertical-f68a21116180/,Official interactive exercise extracted from OCW HTML; correct-answer and feedback fields preserved,2015,md,,1028,2dfb13d92cac65ed5879c9691994adbf01278cf573da57466e1f4811294b0629
exercise-1.5.6,courseware_exercise,5,1,1.5.6,Quantifiers,index.htm,08_Courseware_Exercises/S05_1.5.6_quantifiers.md,contents/proofs/tp3-1/vertical-1131e84e1185/index.htm,https://ocw.mit.edu/courses/electrical-engineering-and-computer-science/6-042j-mathematics-for-computer-science-spring-2015/proofs/tp3-1/vertical-1131e84e1185/,Official interactive exercise extracted from OCW HTML; correct-answer and feedback fields preserved,2015,md,,1278,7054085f6ee8cdfa9c1acd1004419faa9251f5dfa0296050b63bf0a51a4a9f6a
exercise-1.5.7,courseware_exercise,5,1,1.5.7,Propositions with Quantifiers,index.htm,08_Courseware_Exercises/S05_1.5.7_propositions-with-quantifiers.md,contents/proofs/tp3-1/vertical-7b928b76cb8d/index.htm,https://ocw.mit.edu/courses/electrical-engineering-and-computer-science/6-042j-mathematics-for-computer-science-spring-2015/proofs/tp3-1/vertical-7b928b76cb8d/,Official interactive exercise extracted from OCW HTML; correct-answer and feedback fields preserved,2015,md,,2398,677fdece38cbd094f1c11f91db0982ac93593454ca6794b11afa919d228d8c3e
exercise-1.5.8,courseware_exercise,5,1,1.5.8,Predicate Logic,index.htm,08_Courseware_Exercises/S05_1.5.8_predicate-logic.md,contents/proofs/tp3-1/vertical-384645055c08/index.htm,https://ocw.mit.edu/courses/electrical-engineering-and-computer-science/6-042j-mathematics-for-computer-science-spring-2015/proofs/tp3-1/vertical-384645055c08/,Official interactive exercise extracted from OCW HTML; correct-answer and feedback fields preserved,2015,md,,2373,7537373ecca3370eb0219910944bc9bc6b56f629d1ab1554fbbebd8d74ecd5a9
exercise-1.6.3,courseware_exercise,6,1,1.6.3,Difference,index.htm,08_Courseware_Exercises/S06_1.6.3_difference.md,contents/proofs/tp3-2/vertical-049c9a1dd957/index.htm,https://ocw.mit.edu/courses/electrical-engineering-and-computer-science/6-042j-mathematics-for-computer-science-spring-2015/proofs/tp3-2/vertical-049c9a1dd957/,Official interactive exercise extracted from OCW HTML; correct-answer and feedback fields preserved,2015,md,,1283,925c3e0f465f722da3688a10c7d26821be37b3f28be6263c53780c7cd46b3540
exercise-1.7.10,courseware_exercise,7,1,1.7.10,"In- ,Sur-, and Bijections",index.htm,08_Courseware_Exercises/S07_1.7.10_in-sur-and-bijections.md,contents/proofs/tp3-3/vertical-e3a6326108c6/index.htm,https://ocw.mit.edu/courses/electrical-engineering-and-computer-science/6-042j-mathematics-for-computer-science-spring-2015/proofs/tp3-3/vertical-e3a6326108c6/,Official interactive exercise extracted from OCW HTML; correct-answer and feedback fields preserved,2015,md,,3088,1785a154368729025271de198813de226fd000402752bcbf22183bb70f298ff8
exercise-1.7.11,courseware_exercise,7,1,1.7.11,Mapping Lemma: Sizes of Domains and Codomains,index.htm,08_Courseware_Exercises/S07_1.7.11_mapping-lemma-sizes-of-domains-and-codomains.md,contents/proofs/tp3-3/vertical-7d9a2d67e3b9/index.htm,https://ocw.mit.edu/courses/electrical-engineering-and-computer-science/6-042j-mathematics-for-computer-science-spring-2015/proofs/tp3-3/vertical-7d9a2d67e3b9/,Official interactive exercise extracted from OCW HTML; correct-answer and feedback fields preserved,2015,md,,2315,70dcc64e88585b9c57fd94438f15f3f5404b8e0fe09850f184a8c2bc0364a6d1
exercise-1.7.2,courseware_exercise,7,1,1.7.2,Range of a Relation,index.htm,08_Courseware_Exercises/S07_1.7.2_range-of-a-relation.md,contents/proofs/tp3-3/vertical-70020f5936fa/index.htm,https://ocw.mit.edu/courses/electrical-engineering-and-computer-science/6-042j-mathematics-for-computer-science-spring-2015/proofs/tp3-3/vertical-70020f5936fa/,Official interactive exercise extracted from OCW HTML; correct-answer and feedback fields preserved,2015,md,,925,4b2df3691cefd869184a6e4b7ac75d7defd801c6fe82c4043f1c9f9a894c3d77
exercise-1.7.4,courseware_exercise,7,1,1.7.4,Total Injection,index.htm,08_Courseware_Exercises/S07_1.7.4_total-injection.md,contents/proofs/tp3-3/vertical-5c792a4ae3f8/index.htm,https://ocw.mit.edu/courses/electrical-engineering-and-computer-science/6-042j-mathematics-for-computer-science-spring-2015/proofs/tp3-3/vertical-5c792a4ae3f8/,Official interactive exercise extracted from OCW HTML; correct-answer and feedback fields preserved,2015,md,,964,772f6a5ec5defbf27a32d6f88fcd9d9b25a728d19237bddd35ea7b5102694c91
exercise-1.7.6,courseware_exercise,7,1,1.7.6,A inj B,index.htm,08_Courseware_Exercises/S07_1.7.6_a-inj-b.md,contents/proofs/tp3-3/vertical-faefc8383410/index.htm,https://ocw.mit.edu/courses/electrical-engineering-and-computer-science/6-042j-mathematics-for-computer-science-spring-2015/proofs/tp3-3/vertical-faefc8383410/,Official interactive exercise extracted from OCW HTML; correct-answer and feedback fields preserved,2015,md,,1711,bbe120ae8302253c294b19a9dcbe20f43089648fa5d6a84afcfd5d6df15a238e
exercise-1.7.7,courseware_exercise,7,1,1.7.7,Total Relations,index.htm,08_Courseware_Exercises/S07_1.7.7_total-relations.md,contents/proofs/tp3-3/vertical-62aa874eafae/index.htm,https://ocw.mit.edu/courses/electrical-engineering-and-computer-science/6-042j-mathematics-for-computer-science-spring-2015/proofs/tp3-3/vertical-62aa874eafae/,Official interactive exercise extracted from OCW HTML; correct-answer and feedback fields preserved,2015,md,,898,7da4b6853c61e3c1ba0655a4e561893cf9d3aabba8ede815b3817c663030c14b
exercise-1.7.8,courseware_exercise,7,1,1.7.8,Surjective Relations,index.htm,08_Courseware_Exercises/S07_1.7.8_surjective-relations.md,contents/proofs/tp3-3/vertical-73dfbcd9adb9/index.htm,https://ocw.mit.edu/courses/electrical-engineering-and-computer-science/6-042j-mathematics-for-computer-science-spring-2015/proofs/tp3-3/vertical-73dfbcd9adb9/,Official interactive exercise extracted from OCW HTML; correct-answer and feedback fields preserved,2015,md,,789,00cfba9dffb34035923ca87cc25e4715338cb7e4bd021b7b3c47358ef89571e4
exercise-1.7.9,courseware_exercise,7,1,1.7.9,Inverse Relations,index.htm,08_Courseware_Exercises/S07_1.7.9_inverse-relations.md,contents/proofs/tp3-3/vertical-b100bd3fedc5/index.htm,https://ocw.mit.edu/courses/electrical-engineering-and-computer-science/6-042j-mathematics-for-computer-science-spring-2015/proofs/tp3-3/vertical-b100bd3fedc5/,Official interactive exercise extracted from OCW HTML; correct-answer and feedback fields preserved,2015,md,,1908,f602891fd4ace04dce5065ef788ebd253c913062b816b151f47aad3d913a7275
exercise-1.8.10,courseware_exercise,8,1,1.8.10,Postage by Induction,index.htm,08_Courseware_Exercises/S08_1.8.10_postage-by-induction.md,contents/proofs/tp4-1/vertical-a8ffdfcb631b/index.htm,https://ocw.mit.edu/courses/electrical-engineering-and-computer-science/6-042j-mathematics-for-computer-science-spring-2015/proofs/tp4-1/vertical-a8ffdfcb631b/,Official interactive exercise extracted from OCW HTML; correct-answer and feedback fields preserved,2015,md,,2964,0d245dea69b0c6db59f48045ff794e41eba1c9a97555ce3d9136a0b984c3609c
exercise-1.8.11,courseware_exercise,8,1,1.8.11,A Bogus Induction,index.htm,08_Courseware_Exercises/S08_1.8.11_a-bogus-induction.md,contents/proofs/tp4-1/vertical-87911985518e/index.htm,https://ocw.mit.edu/courses/electrical-engineering-and-computer-science/6-042j-mathematics-for-computer-science-spring-2015/proofs/tp4-1/vertical-87911985518e/,Official interactive exercise extracted from OCW HTML; correct-answer and feedback fields preserved,2015,md,,2766,a2c6ed57cd568874918940799e01e327b19dbd2679db3555c658e57c9ab7ffb8
exercise-1.8.3,courseware_exercise,8,1,1.8.3,Same Colored Horses,index.htm,08_Courseware_Exercises/S08_1.8.3_same-colored-horses.md,contents/proofs/tp4-1/vertical-e9a3ad8170fd/index.htm,https://ocw.mit.edu/courses/electrical-engineering-and-computer-science/6-042j-mathematics-for-computer-science-spring-2015/proofs/tp4-1/vertical-e9a3ad8170fd/,Official interactive exercise extracted from OCW HTML; correct-answer and feedback fields preserved,2015,md,,1102,58af8cfb6494f4b2e2864d468c074bf799253c9c2e17b957c2c1fb1b623a4577
exercise-1.8.5,courseware_exercise,8,1,1.8.5,Unstacking Game Score,index.htm,08_Courseware_Exercises/S08_1.8.5_unstacking-game-score.md,contents/proofs/tp4-1/vertical-cc43092b621f/index.htm,https://ocw.mit.edu/courses/electrical-engineering-and-computer-science/6-042j-mathematics-for-computer-science-spring-2015/proofs/tp4-1/vertical-cc43092b621f/,Official interactive exercise extracted from OCW HTML; correct-answer and feedback fields preserved,2015,md,,1486,369b0f8e443355eb27ebaa05986b671d8d1ac73c5c0e8b06f747b7c7260c79d2
exercise-1.8.7,courseware_exercise,8,1,1.8.7,Strong vs Ordinary Induction vs WOP [optional],index.htm,08_Courseware_Exercises/S08_1.8.7_strong-vs-ordinary-induction-vs-wop.md,contents/proofs/tp4-1/vertical-b16ab258826d/index.htm,https://ocw.mit.edu/courses/electrical-engineering-and-computer-science/6-042j-mathematics-for-computer-science-spring-2015/proofs/tp4-1/vertical-b16ab258826d/,Official interactive exercise extracted from OCW HTML; correct-answer and feedback fields preserved,2015,md,,2117,90da4618142c5528b35402c2e87d124c4738cabbc2c46fc9ec5d83a736259ec8
exercise-1.8.8,courseware_exercise,8,1,1.8.8,Induction by n+3,index.htm,08_Courseware_Exercises/S08_1.8.8_induction-by-n-3.md,contents/proofs/tp4-1/vertical-32c871c0cb9b/index.htm,https://ocw.mit.edu/courses/electrical-engineering-and-computer-science/6-042j-mathematics-for-computer-science-spring-2015/proofs/tp4-1/vertical-32c871c0cb9b/,Official interactive exercise extracted from OCW HTML; correct-answer and feedback fields preserved,2015,md,,2990,f4289f73f8b1d47652ee417e2ab9a7b533841117edbbda8e3b32690e52d697bd
exercise-1.8.9,courseware_exercise,8,1,1.8.9,Induction Rules,index.htm,08_Courseware_Exercises/S08_1.8.9_induction-rules.md,contents/proofs/tp4-1/vertical-7137716a91a6/index.htm,https://ocw.mit.edu/courses/electrical-engineering-and-computer-science/6-042j-mathematics-for-computer-science-spring-2015/proofs/tp4-1/vertical-7137716a91a6/,Official interactive exercise extracted from OCW HTML; correct-answer and feedback fields preserved,2015,md,,3418,29a74a7073deb4bb1ad2d2f94bc43e82f73b1e982c257836a70a6a888be31af1
exercise-1.9.2,courseware_exercise,9,1,1.9.2,State Machine Invariants,index.htm,08_Courseware_Exercises/S09_1.9.2_state-machine-invariants.md,contents/proofs/tp4-2/vertical-ee3144f200f1/index.htm,https://ocw.mit.edu/courses/electrical-engineering-and-computer-science/6-042j-mathematics-for-computer-science-spring-2015/proofs/tp4-2/vertical-ee3144f200f1/,Official interactive exercise extracted from OCW HTML; correct-answer and feedback fields preserved,2015,md,,2689,e7410e39deb5df7ae337f4475226cf6be55e0fd7821e8e33d0df09b99083a303
exercise-1.9.4,courseware_exercise,9,1,1.9.4,Derived Variables and Termination,index.htm,08_Courseware_Exercises/S09_1.9.4_derived-variables-and-termination.md,contents/proofs/tp4-2/vertical-5bf3bfde6f69/index.htm,https://ocw.mit.edu/courses/electrical-engineering-and-computer-science/6-042j-mathematics-for-computer-science-spring-2015/proofs/tp4-2/vertical-5bf3bfde6f69/,Official interactive exercise extracted from OCW HTML; correct-answer and feedback fields preserved,2015,md,,1696,211bde085b538673aabd72355df9cf36a72459c4666691b0bdf210f4b2350a8f
exercise-1.9.5,courseware_exercise,9,1,1.9.5,Integer Multiplication,index.htm,08_Courseware_Exercises/S09_1.9.5_integer-multiplication.md,contents/proofs/tp4-2/vertical-85cff195fae3/index.htm,https://ocw.mit.edu/courses/electrical-engineering-and-computer-science/6-042j-mathematics-for-computer-science-spring-2015/proofs/tp4-2/vertical-85cff195fae3/,Official interactive exercise extracted from OCW HTML; correct-answer and feedback fields preserved,2015,md,,2125,eaf178231f4a8d0b667406a1f397d91653f0d3ef9bdd03790861aaeea92f9910
exercise-1.9.6,courseware_exercise,9,1,1.9.6,Chocolate Bars,index.htm,08_Courseware_Exercises/S09_1.9.6_chocolate-bars.md,contents/proofs/tp4-2/vertical-ffd6266c03ec/index.htm,https://ocw.mit.edu/courses/electrical-engineering-and-computer-science/6-042j-mathematics-for-computer-science-spring-2015/proofs/tp4-2/vertical-ffd6266c03ec/,Official interactive exercise extracted from OCW HTML; correct-answer and feedback fields preserved,2015,md,,3180,688403d39926101416f23c7fb59b50a01e3bd5c588b89ae96fe3a402685a7ba1
courseware-image-6db849963e8c-105aa2c3,courseware_image,17,2,2.6.7,divi2,divi2.gif,09_Courseware_Images/structures/tp7-1/vertical-839e7a19a176/divi2.gif,contents/structures/tp7-1/vertical-839e7a19a176/divi2.gif,https://ocw.mit.edu/courses/electrical-engineering-and-computer-science/6-042j-mathematics-for-computer-science-spring-2015/structures/tp7-1/vertical-839e7a19a176/divi2.gif,Official MIT OCW Spring 2015 course package,2015,gif,,10281,6db849963e8c6bf5186c97bae14fa0768bf68add6291e4a625db0280b309e18f
courseware-image-fed742f4a8b9-302bb82f,courseware_image,19,2,2.8.4,isomorphism video 1,isomorphism_video_1.png,09_Courseware_Images/structures/tp7-2/vertical-206635abfb7b/isomorphism_video_1.png,contents/structures/tp7-2/vertical-206635abfb7b/isomorphism_video_1.png,https://ocw.mit.edu/courses/electrical-engineering-and-computer-science/6-042j-mathematics-for-computer-science-spring-2015/structures/tp7-2/vertical-206635abfb7b/isomorphism_video_1.png,Official MIT OCW Spring 2015 course package,2015,png,,3440,fed742f4a8b9362efb523e9351b202ae521287ba3c9226175f7d5117f58f57c7
courseware-image-735d807b86b0-3e39b7e1,courseware_image,19,2,2.8.4,isomorphism video 2,isomorphism_video_2.png,09_Courseware_Images/structures/tp7-2/vertical-206635abfb7b/isomorphism_video_2.png,contents/structures/tp7-2/vertical-206635abfb7b/isomorphism_video_2.png,https://ocw.mit.edu/courses/electrical-engineering-and-computer-science/6-042j-mathematics-for-computer-science-spring-2015/structures/tp7-2/vertical-206635abfb7b/isomorphism_video_2.png,Official MIT OCW Spring 2015 course package,2015,png,,18467,735d807b86b0f722b5996f1a512a8701af686957afd27a027195212cec9c9d31
courseware-image-24cc4df481ab-5fdff314,courseware_image,19,2,2.8.4,isomorphism video 3,isomorphism_video_3.png,09_Courseware_Images/structures/tp7-2/vertical-206635abfb7b/isomorphism_video_3.png,contents/structures/tp7-2/vertical-206635abfb7b/isomorphism_video_3.png,https://ocw.mit.edu/courses/electrical-engineering-and-computer-science/6-042j-mathematics-for-computer-science-spring-2015/structures/tp7-2/vertical-206635abfb7b/isomorphism_video_3.png,Official MIT OCW Spring 2015 course package,2015,png,,14648,24cc4df481ab16b36b9feb0d80e94517dcc96a3112eed8dc6c714bf6ff79b3ce
courseware-image-e1b524a91da7-d3556dea,courseware_image,19,2,2.8.7,prob3b1,prob3b1.gif,09_Courseware_Images/structures/tp7-2/vertical-3c93d1aadcac/prob3b1.gif,contents/structures/tp7-2/vertical-3c93d1aadcac/prob3b1.gif,https://ocw.mit.edu/courses/electrical-engineering-and-computer-science/6-042j-mathematics-for-computer-science-spring-2015/structures/tp7-2/vertical-3c93d1aadcac/prob3b1.gif,Official MIT OCW Spring 2015 course package,2015,gif,,2656,e1b524a91da750a15098d4ba775a1fe84e9fb03fe7a4463b0c290f403ce02fa3
courseware-image-a15237c8a6bc-c1aa8f96,courseware_image,19,2,2.8.6,prob3a1,prob3a1.gif,09_Courseware_Images/structures/tp7-2/vertical-b30a643c515e/prob3a1.gif,contents/structures/tp7-2/vertical-b30a643c515e/prob3a1.gif,https://ocw.mit.edu/courses/electrical-engineering-and-computer-science/6-042j-mathematics-for-computer-science-spring-2015/structures/tp7-2/vertical-b30a643c515e/prob3a1.gif,Official MIT OCW Spring 2015 course package,2015,gif,,2582,a15237c8a6bc94fe082c6b616fc2cc72108058d0dc4683903739558074748bf2
courseware-image-d7e40d999c24-551db7bd,courseware_image,20,2,2.9.6,prob5,prob5.gif,09_Courseware_Images/structures/tp7-3/vertical-c79a8bf5b197/prob5.gif,contents/structures/tp7-3/vertical-c79a8bf5b197/prob5.gif,https://ocw.mit.edu/courses/electrical-engineering-and-computer-science/6-042j-mathematics-for-computer-science-spring-2015/structures/tp7-3/vertical-c79a8bf5b197/prob5.gif,Official MIT OCW Spring 2015 course package,2015,gif,,2142,d7e40d999c24716bfd0cdde2a4ac03a59c64c4aa07d2fff135249700caef15da
courseware-image-1606522dc05f-939dc204,courseware_image,21,2,2.10.7,pp5prob2a,pp5prob2a.gif,09_Courseware_Images/structures/tp8-1/vertical-7bacea60d91e/pp5prob2a.gif,contents/structures/tp8-1/vertical-7bacea60d91e/pp5prob2a.gif,https://ocw.mit.edu/courses/electrical-engineering-and-computer-science/6-042j-mathematics-for-computer-science-spring-2015/structures/tp8-1/vertical-7bacea60d91e/pp5prob2a.gif,Official MIT OCW Spring 2015 course package,2015,gif,,4541,1606522dc05f68fcc58e77bb236da6400a86a1d574dcd576338e211c9e0fa54b
courseware-image-53fea26826c4-795f951b,courseware_image,21,2,2.10.7,pp5prob2b,pp5prob2b.gif,09_Courseware_Images/structures/tp8-1/vertical-7bacea60d91e/pp5prob2b.gif,contents/structures/tp8-1/vertical-7bacea60d91e/pp5prob2b.gif,https://ocw.mit.edu/courses/electrical-engineering-and-computer-science/6-042j-mathematics-for-computer-science-spring-2015/structures/tp8-1/vertical-7bacea60d91e/pp5prob2b.gif,Official MIT OCW Spring 2015 course package,2015,gif,,4154,53fea26826c47a6bf14e29b3de010dfbd83590823ef4adaf90f31105dc02ce5e
courseware-image-4f378959b0dd-f3cb30ab,courseware_image,21,2,2.10.7,pp5prob2c,pp5prob2c.gif,09_Courseware_Images/structures/tp8-1/vertical-7bacea60d91e/pp5prob2c.gif,contents/structures/tp8-1/vertical-7bacea60d91e/pp5prob2c.gif,https://ocw.mit.edu/courses/electrical-engineering-and-computer-science/6-042j-mathematics-for-computer-science-spring-2015/structures/tp8-1/vertical-7bacea60d91e/pp5prob2c.gif,Official MIT OCW Spring 2015 course package,2015,gif,,4940,4f378959b0dd83b06920b56d4ad365b83261b0da524d514470ba26d2bcb06492
courseware-image-698a61c70db4-2d91d9f1,courseware_image,21,2,2.10.7,pp5prob2d,pp5prob2d.gif,09_Courseware_Images/structures/tp8-1/vertical-7bacea60d91e/pp5prob2d.gif,contents/structures/tp8-1/vertical-7bacea60d91e/pp5prob2d.gif,https://ocw.mit.edu/courses/electrical-engineering-and-computer-science/6-042j-mathematics-for-computer-science-spring-2015/structures/tp8-1/vertical-7bacea60d91e/pp5prob2d.gif,Official MIT OCW Spring 2015 course package,2015,gif,,4389,698a61c70db48d8ac17d327a18387ea9090cf52431843992f0866314c41c6b2c
courseware-image-3bd4121f4de8-a5359e51,courseware_image,22,2,2.11.11,prob6a,prob6a.GIF,09_Courseware_Images/structures/stable-matching/bipartite-graphs-5/prob6a.GIF,contents/structures/stable-matching/bipartite-graphs-5/prob6a.GIF,https://ocw.mit.edu/courses/electrical-engineering-and-computer-science/6-042j-mathematics-for-computer-science-spring-2015/structures/stable-matching/bipartite-graphs-5/prob6a.GIF,Official MIT OCW Spring 2015 course package,2015,gif,,1735,3bd4121f4de89f61d97cc67d5557be94def7b7e3050e630b50fd8d0eef7e46fa
courseware-image-4c801d877c73-cee96326,courseware_image,22,2,2.11.11,prob6b,prob6b.GIF,09_Courseware_Images/structures/stable-matching/bipartite-graphs-5/prob6b.GIF,contents/structures/stable-matching/bipartite-graphs-5/prob6b.GIF,https://ocw.mit.edu/courses/electrical-engineering-and-computer-science/6-042j-mathematics-for-computer-science-spring-2015/structures/stable-matching/bipartite-graphs-5/prob6b.GIF,Official MIT OCW Spring 2015 course package,2015,gif,,1991,4c801d877c7308a4d107357ba46eead56629b7ef3867cd14717c5388c79982f9
courseware-image-b92ba8ca665a-daa56fca,courseware_image,22,2,2.11.11,prob6c,prob6c.GIF,09_Courseware_Images/structures/stable-matching/bipartite-graphs-5/prob6c.GIF,contents/structures/stable-matching/bipartite-graphs-5/prob6c.GIF,https://ocw.mit.edu/courses/electrical-engineering-and-computer-science/6-042j-mathematics-for-computer-science-spring-2015/structures/stable-matching/bipartite-graphs-5/prob6c.GIF,Official MIT OCW Spring 2015 course package,2015,gif,,1986,b92ba8ca665aea826b60f30d598b012a62c00937ece9cf446644e21616c6ab79
courseware-image-a7d4fe344269-d064366d,courseware_image,28,4,4.1.2,socks and shoes tree,socks_and_shoes_tree.jpg,09_Courseware_Images/probability/tp11-2/vertical-dcc88d262213/socks_and_shoes_tree.jpg,contents/probability/tp11-2/vertical-dcc88d262213/socks_and_shoes_tree.jpg,https://ocw.mit.edu/courses/electrical-engineering-and-computer-science/6-042j-mathematics-for-computer-science-spring-2015/probability/tp11-2/vertical-dcc88d262213/socks_and_shoes_tree.jpg,Official MIT OCW Spring 2015 course package,2015,jpg,,129385,a7d4fe344269c2fcf211fe6426d6ae3e06fa2f144e739e3886a33755e5353118
courseware-image-e9f2eb39de21-aceba9cf,courseware_image,35,4,4.8.4,random walk,random_walk.jpg,09_Courseware_Images/probability/random-walks-pagerank/random-walks-0/random_walk.jpg,contents/probability/random-walks-pagerank/random-walks-0/random_walk.jpg,https://ocw.mit.edu/courses/electrical-engineering-and-computer-science/6-042j-mathematics-for-computer-science-spring-2015/probability/random-walks-pagerank/random-walks-0/random_walk.jpg,Official MIT OCW Spring 2015 course package,2015,jpg,,63922,e9f2eb39de21011b835f54c0c0f6b351c5ddc8d9923ea275e0280c0bbca344cf
courseware-image-e9f2eb39de21-792c05cd,courseware_image,35,4,4.8.5,random walk,random_walk.jpg,09_Courseware_Images/probability/random-walks-pagerank/random-walks-cont/random_walk.jpg,contents/probability/random-walks-pagerank/random-walks-cont/random_walk.jpg,https://ocw.mit.edu/courses/electrical-engineering-and-computer-science/6-042j-mathematics-for-computer-science-spring-2015/probability/random-walks-pagerank/random-walks-cont/random_walk.jpg,Official MIT OCW Spring 2015 course package,2015,jpg,,63922,e9f2eb39de21011b835f54c0c0f6b351c5ddc8d9923ea275e0280c0bbca344cf
midterm-2,exam,16,2,,Midterm 2,MIT6_042JS15_midterm2.pdf,07_Exams/MIT6_042JS15_midterm2.pdf,contents/exams/MIT6_042JS15_midterm2.pdf,https://ocw.mit.edu/courses/electrical-engineering-and-computer-science/6-042j-mathematics-for-computer-science-spring-2015/exams/MIT6_042JS15_midterm2.pdf,Official MIT OCW Spring 2015 course package,2015,pdf,8,230840,9672f3cc35c6e72cf541ee8839302b60c570d133efc07e973b4632686ce95fff
midterm-3,exam,24,3,,Midterm 3,MIT6_042JS15_midterm3.pdf,07_Exams/MIT6_042JS15_midterm3.pdf,contents/exams/MIT6_042JS15_midterm3.pdf,https://ocw.mit.edu/courses/electrical-engineering-and-computer-science/6-042j-mathematics-for-computer-science-spring-2015/exams/MIT6_042JS15_midterm3.pdf,Official MIT OCW Spring 2015 course package,2015,pdf,8,704884,1cc46956aa6a2eb840b223cb6d7267314bfe11e03eff2c1360268a51cc6722a7
final-exam,exam,35,4,,Final Exam,MIT6_042JS15_finalexam.pdf,07_Exams/MIT6_042JS15_finalexam.pdf,contents/exams/MIT6_042JS15_finalexam.pdf,https://ocw.mit.edu/courses/electrical-engineering-and-computer-science/6-042j-mathematics-for-computer-science-spring-2015/exams/MIT6_042JS15_finalexam.pdf,Official MIT OCW Spring 2015 course package,2015,pdf,14,292827,a0b0ebb14be62481fd49884d7356ae9973179723263304dd60561dac3f4771b2
midterm-1,exam,8,1,,Midterm 1,MIT6_042JS15_midterm1.pdf,07_Exams/MIT6_042JS15_midterm1.pdf,contents/exams/MIT6_042JS15_midterm1.pdf,https://ocw.mit.edu/courses/electrical-engineering-and-computer-science/6-042j-mathematics-for-computer-science-spring-2015/exams/MIT6_042JS15_midterm1.pdf,Official MIT OCW Spring 2015 course package,2015,pdf,7,211646,3d7e2f3af769270e3c91791fee16c2beeec0ecd820be056d6d0b59ec46f53ca6
in-class-S01,in_class_questions,1,1,,Session 1 In-Class Questions,MIT6_042JS15_cp1.pdf,05_In_Class_Questions/MIT6_042JS15_cp1.pdf,contents/in-class-questions/MIT6_042JS15_cp1.pdf,https://ocw.mit.edu/courses/electrical-engineering-and-computer-science/6-042j-mathematics-for-computer-science-spring-2015/in-class-questions/MIT6_042JS15_cp1.pdf,Official MIT OCW Spring 2015 course package,2015,pdf,4,204988,f6eebcc267638f88063c86112e63032ab25d41535bcfdc1aa20617af778c86ad
in-class-S10,in_class_questions,10,1,,Session 10 In-Class Questions,MIT6_042JS15_cp10.pdf,05_In_Class_Questions/MIT6_042JS15_cp10.pdf,contents/in-class-questions/MIT6_042JS15_cp10.pdf,https://ocw.mit.edu/courses/electrical-engineering-and-computer-science/6-042j-mathematics-for-computer-science-spring-2015/in-class-questions/MIT6_042JS15_cp10.pdf,Official MIT OCW Spring 2015 course package,2015,pdf,5,262650,a3c4980db0405d42f516af75c36c211faa821022d2bc60a4a08741b24062a11e
in-class-S11,in_class_questions,11,1,,Session 11 In-Class Questions,MIT6_042JS15_cp11.pdf,05_In_Class_Questions/MIT6_042JS15_cp11.pdf,contents/in-class-questions/MIT6_042JS15_cp11.pdf,https://ocw.mit.edu/courses/electrical-engineering-and-computer-science/6-042j-mathematics-for-computer-science-spring-2015/in-class-questions/MIT6_042JS15_cp11.pdf,Official MIT OCW Spring 2015 course package,2015,pdf,3,250185,6f7f0892ce134fe60948c1abe822d9de874fa80fe4466e28573c3bec5a68af48
in-class-S12,in_class_questions,12,2,,Session 12 In-Class Questions,MIT6_042JS15_cp12.pdf,05_In_Class_Questions/MIT6_042JS15_cp12.pdf,contents/in-class-questions/MIT6_042JS15_cp12.pdf,https://ocw.mit.edu/courses/electrical-engineering-and-computer-science/6-042j-mathematics-for-computer-science-spring-2015/in-class-questions/MIT6_042JS15_cp12.pdf,Official MIT OCW Spring 2015 course package,2015,pdf,3,215608,c53ea5963536f494f1571223c08365d6196d91cde1eed5b2399e701d3f7a10d2
in-class-S13,in_class_questions,13,2,,Session 13 In-Class Questions,MIT6_042JS15_cp13.pdf,05_In_Class_Questions/MIT6_042JS15_cp13.pdf,contents/in-class-questions/MIT6_042JS15_cp13.pdf,https://ocw.mit.edu/courses/electrical-engineering-and-computer-science/6-042j-mathematics-for-computer-science-spring-2015/in-class-questions/MIT6_042JS15_cp13.pdf,Official MIT OCW Spring 2015 course package,2015,pdf,3,225061,3d2d4c8c23770b27572dc0195e845e698e7a898eae8c125c4e383e69c680c930
in-class-S14,in_class_questions,14,2,,Session 14 In-Class Questions,MIT6_042JS15_cp14.pdf,05_In_Class_Questions/MIT6_042JS15_cp14.pdf,contents/in-class-questions/MIT6_042JS15_cp14.pdf,https://ocw.mit.edu/courses/electrical-engineering-and-computer-science/6-042j-mathematics-for-computer-science-spring-2015/in-class-questions/MIT6_042JS15_cp14.pdf,Official MIT OCW Spring 2015 course package,2015,pdf,2,194026,82754c527ba234814687f617a6bd51102627aa8408726f1dd1c17cb548993cfe
in-class-S15,in_class_questions,15,2,,Session 15 In-Class Questions,MIT6_042JS15_cp15.pdf,05_In_Class_Questions/MIT6_042JS15_cp15.pdf,contents/in-class-questions/MIT6_042JS15_cp15.pdf,https://ocw.mit.edu/courses/electrical-engineering-and-computer-science/6-042j-mathematics-for-computer-science-spring-2015/in-class-questions/MIT6_042JS15_cp15.pdf,Official MIT OCW Spring 2015 course package,2015,pdf,4,221711,3280f162c4b27ffeee57666baf37286a124cfd0cf072a3bc8ca9bf383fd699ad
in-class-S16,in_class_questions,16,2,,Session 16 In-Class Questions,MIT6_042JS15_cp16.pdf,05_In_Class_Questions/MIT6_042JS15_cp16.pdf,contents/in-class-questions/MIT6_042JS15_cp16.pdf,https://ocw.mit.edu/courses/electrical-engineering-and-computer-science/6-042j-mathematics-for-computer-science-spring-2015/in-class-questions/MIT6_042JS15_cp16.pdf,Official MIT OCW Spring 2015 course package,2015,pdf,3,226349,bc25610de63a8f6bab48b9345792f456b0cc6026e121ce84cd82196e5258218a
in-class-S17,in_class_questions,17,2,,Session 17 In-Class Questions,MIT6_042JS15_cp17.pdf,05_In_Class_Questions/MIT6_042JS15_cp17.pdf,contents/in-class-questions/MIT6_042JS15_cp17.pdf,https://ocw.mit.edu/courses/electrical-engineering-and-computer-science/6-042j-mathematics-for-computer-science-spring-2015/in-class-questions/MIT6_042JS15_cp17.pdf,Official MIT OCW Spring 2015 course package,2015,pdf,5,217650,cfb35659156304bf3d186dbd1ecba80e3a32ff162d391ab09aad665461f1279c
in-class-S18,in_class_questions,18,2,,Session 18 In-Class Questions,MIT6_042JS15_cp18.pdf,05_In_Class_Questions/MIT6_042JS15_cp18.pdf,contents/in-class-questions/MIT6_042JS15_cp18.pdf,https://ocw.mit.edu/courses/electrical-engineering-and-computer-science/6-042j-mathematics-for-computer-science-spring-2015/in-class-questions/MIT6_042JS15_cp18.pdf,Official MIT OCW Spring 2015 course package,2015,pdf,3,214783,a515cb9cf4a98d08e44b54bc44bd9ec53616fd7f292dc1012d06a99a78a8485b
in-class-S19,in_class_questions,19,2,,Session 19 In-Class Questions,MIT6_042JS15_cp19.pdf,05_In_Class_Questions/MIT6_042JS15_cp19.pdf,contents/in-class-questions/MIT6_042JS15_cp19.pdf,https://ocw.mit.edu/courses/electrical-engineering-and-computer-science/6-042j-mathematics-for-computer-science-spring-2015/in-class-questions/MIT6_042JS15_cp19.pdf,Official MIT OCW Spring 2015 course package,2015,pdf,3,201186,78968e0f7a7cc8794d5f8ca14943041f4cd91df931008cd89f47676f4337cd85
in-class-S02,in_class_questions,2,1,,Session 2 In-Class Questions,MIT6_042JS15_cp2.pdf,05_In_Class_Questions/MIT6_042JS15_cp2.pdf,contents/in-class-questions/MIT6_042JS15_cp2.pdf,https://ocw.mit.edu/courses/electrical-engineering-and-computer-science/6-042j-mathematics-for-computer-science-spring-2015/in-class-questions/MIT6_042JS15_cp2.pdf,Official MIT OCW Spring 2015 course package,2015,pdf,3,230837,46aee40983d3eae34d56ae375142e7b39821317f3021fde60a64eed33c675f03
in-class-S20,in_class_questions,20,2,,Session 20 In-Class Questions,MIT6_042JS15_cp20.pdf,05_In_Class_Questions/MIT6_042JS15_cp20.pdf,contents/in-class-questions/MIT6_042JS15_cp20.pdf,https://ocw.mit.edu/courses/electrical-engineering-and-computer-science/6-042j-mathematics-for-computer-science-spring-2015/in-class-questions/MIT6_042JS15_cp20.pdf,Official MIT OCW Spring 2015 course package,2015,pdf,4,798758,5a6eacfaf1ce9fc6ed6c251fe783be58a2bd70b880e0e91959d4565b6dc3c8dc
in-class-S21,in_class_questions,21,2,,Session 21 In-Class Questions,MIT6_042JS15_cp21.pdf,05_In_Class_Questions/MIT6_042JS15_cp21.pdf,contents/in-class-questions/MIT6_042JS15_cp21.pdf,https://ocw.mit.edu/courses/electrical-engineering-and-computer-science/6-042j-mathematics-for-computer-science-spring-2015/in-class-questions/MIT6_042JS15_cp21.pdf,Official MIT OCW Spring 2015 course package,2015,pdf,3,203055,387a6b77c0b00fdb4c043529f6facde5f2e7930be963484e0701b96e84a97e9e
in-class-S22,in_class_questions,22,2,,Session 22 In-Class Questions,MIT6_042JS15_cp22.pdf,05_In_Class_Questions/MIT6_042JS15_cp22.pdf,contents/in-class-questions/MIT6_042JS15_cp22.pdf,https://ocw.mit.edu/courses/electrical-engineering-and-computer-science/6-042j-mathematics-for-computer-science-spring-2015/in-class-questions/MIT6_042JS15_cp22.pdf,Official MIT OCW Spring 2015 course package,2015,pdf,3,180571,bc993c7230aafb90e91674bf4e1d3b479e22e937f03837766f92d18535855e3c
in-class-S23,in_class_questions,23,3,,Session 23 In-Class Questions,MIT6_042JS15_cp23.pdf,05_In_Class_Questions/MIT6_042JS15_cp23.pdf,contents/in-class-questions/MIT6_042JS15_cp23.pdf,https://ocw.mit.edu/courses/electrical-engineering-and-computer-science/6-042j-mathematics-for-computer-science-spring-2015/in-class-questions/MIT6_042JS15_cp23.pdf,Official MIT OCW Spring 2015 course package,2015,pdf,3,216006,472bfc0636cc3e602a8fb1af7e3228667199e1891973e1b6dcbd0cd739481ef2
in-class-S24,in_class_questions,24,3,,Session 24 In-Class Questions,MIT6_042JS15_cp24.pdf,05_In_Class_Questions/MIT6_042JS15_cp24.pdf,contents/in-class-questions/MIT6_042JS15_cp24.pdf,https://ocw.mit.edu/courses/electrical-engineering-and-computer-science/6-042j-mathematics-for-computer-science-spring-2015/in-class-questions/MIT6_042JS15_cp24.pdf,Official MIT OCW Spring 2015 course package,2015,pdf,3,229950,27f1760754fb9c5a75acffb114b446a97f30ad64f76d70f2789af91a11d24e6e
in-class-S25,in_class_questions,25,3,,Session 25 In-Class Questions,MIT6_042JS15_cp25.pdf,05_In_Class_Questions/MIT6_042JS15_cp25.pdf,contents/in-class-questions/MIT6_042JS15_cp25.pdf,https://ocw.mit.edu/courses/electrical-engineering-and-computer-science/6-042j-mathematics-for-computer-science-spring-2015/in-class-questions/MIT6_042JS15_cp25.pdf,Official MIT OCW Spring 2015 course package,2015,pdf,3,255424,46825a62f7052da76aa1e3fc232d00e7e30fc24af2b0c52475c5b50b50957012
in-class-S26,in_class_questions,26,3,,Session 26 In-Class Questions,MIT6_042JS15_cp26.pdf,05_In_Class_Questions/MIT6_042JS15_cp26.pdf,contents/in-class-questions/MIT6_042JS15_cp26.pdf,https://ocw.mit.edu/courses/electrical-engineering-and-computer-science/6-042j-mathematics-for-computer-science-spring-2015/in-class-questions/MIT6_042JS15_cp26.pdf,Official MIT OCW Spring 2015 course package,2015,pdf,4,213933,3c245b37f8909e6e8092b7b0205892f4b8c0162baab67a42a0333a8885d92d84
in-class-S27,in_class_questions,27,3,,Session 27 In-Class Questions,MIT6_042JS15_cp27.pdf,05_In_Class_Questions/MIT6_042JS15_cp27.pdf,contents/in-class-questions/MIT6_042JS15_cp27.pdf,https://ocw.mit.edu/courses/electrical-engineering-and-computer-science/6-042j-mathematics-for-computer-science-spring-2015/in-class-questions/MIT6_042JS15_cp27.pdf,Official MIT OCW Spring 2015 course package,2015,pdf,3,134117,7b8e1a8b235054cbfd4901dad1196004d80f91f7c523ad605c8b17e7455b983d
in-class-S28,in_class_questions,28,4,,Session 28 In-Class Questions,MIT6_042JS15_cp28.pdf,05_In_Class_Questions/MIT6_042JS15_cp28.pdf,contents/in-class-questions/MIT6_042JS15_cp28.pdf,https://ocw.mit.edu/courses/electrical-engineering-and-computer-science/6-042j-mathematics-for-computer-science-spring-2015/in-class-questions/MIT6_042JS15_cp28.pdf,Official MIT OCW Spring 2015 course package,2015,pdf,4,239139,db4817eca3eaca64d81e1c8a04db25806c59b363cb1f30f569e729e1866e4d0c
in-class-S29,in_class_questions,29,4,,Session 29 In-Class Questions,MIT6_042JS15_cp29.pdf,05_In_Class_Questions/MIT6_042JS15_cp29.pdf,contents/in-class-questions/MIT6_042JS15_cp29.pdf,https://ocw.mit.edu/courses/electrical-engineering-and-computer-science/6-042j-mathematics-for-computer-science-spring-2015/in-class-questions/MIT6_042JS15_cp29.pdf,Official MIT OCW Spring 2015 course package,2015,pdf,3,205199,1cb805997ecb8f83ba329832d9b4bf3c1a5fa6e3c588f5a62a8360bc39e47c04
in-class-S03,in_class_questions,3,1,,Session 3 In-Class Questions,MIT6_042JS15_cp3.pdf,05_In_Class_Questions/MIT6_042JS15_cp3.pdf,contents/in-class-questions/MIT6_042JS15_cp3.pdf,https://ocw.mit.edu/courses/electrical-engineering-and-computer-science/6-042j-mathematics-for-computer-science-spring-2015/in-class-questions/MIT6_042JS15_cp3.pdf,Official MIT OCW Spring 2015 course package,2015,pdf,3,221965,1369197460233b1b1dff8ac3009d48a3d38d94c6df33b7cc21ba5ca9caae1e8c
in-class-S30,in_class_questions,30,4,,Session 30 In-Class Questions,MIT6_042JS15_cp30.pdf,05_In_Class_Questions/MIT6_042JS15_cp30.pdf,contents/in-class-questions/MIT6_042JS15_cp30.pdf,https://ocw.mit.edu/courses/electrical-engineering-and-computer-science/6-042j-mathematics-for-computer-science-spring-2015/in-class-questions/MIT6_042JS15_cp30.pdf,Official MIT OCW Spring 2015 course package,2015,pdf,4,202958,a9c63b5d6139a87dc78dfe65721995639df9fc940483839f53b5371c84ec2621
in-class-S31,in_class_questions,31,4,,Session 31 In-Class Questions,MIT6_042JS15_cp31.pdf,05_In_Class_Questions/MIT6_042JS15_cp31.pdf,contents/in-class-questions/MIT6_042JS15_cp31.pdf,https://ocw.mit.edu/courses/electrical-engineering-and-computer-science/6-042j-mathematics-for-computer-science-spring-2015/in-class-questions/MIT6_042JS15_cp31.pdf,Official MIT OCW Spring 2015 course package,2015,pdf,3,220049,d1f43cd50ea3509d3d3c66613252efa8372b0f1d4642ca20c194855ec1490d84
in-class-S32,in_class_questions,32,4,,Session 32 In-Class Questions,MIT6_042JS15_cp32.pdf,05_In_Class_Questions/MIT6_042JS15_cp32.pdf,contents/in-class-questions/MIT6_042JS15_cp32.pdf,https://ocw.mit.edu/courses/electrical-engineering-and-computer-science/6-042j-mathematics-for-computer-science-spring-2015/in-class-questions/MIT6_042JS15_cp32.pdf,Official MIT OCW Spring 2015 course package,2015,pdf,3,204670,d52ea17d754978687cb0da4e841b97227b046b65eabc62426b3eb72edb809ff8
in-class-S33,in_class_questions,33,4,,Session 33 In-Class Questions,MIT6_042JS15_cp33.pdf,05_In_Class_Questions/MIT6_042JS15_cp33.pdf,contents/in-class-questions/MIT6_042JS15_cp33.pdf,https://ocw.mit.edu/courses/electrical-engineering-and-computer-science/6-042j-mathematics-for-computer-science-spring-2015/in-class-questions/MIT6_042JS15_cp33.pdf,Official MIT OCW Spring 2015 course package,2015,pdf,4,243037,3651ae59179fb8c3309325b60d093242ed8beebf1f3600887a8283df93581d24
in-class-S34,in_class_questions,34,4,,Session 34 In-Class Questions,MIT6_042JS15_cp34.pdf,05_In_Class_Questions/MIT6_042JS15_cp34.pdf,contents/in-class-questions/MIT6_042JS15_cp34.pdf,https://ocw.mit.edu/courses/electrical-engineering-and-computer-science/6-042j-mathematics-for-computer-science-spring-2015/in-class-questions/MIT6_042JS15_cp34.pdf,Official MIT OCW Spring 2015 course package,2015,pdf,4,272976,893703b2bfbcd8bf12e4dba7151038463e128c546dd34701e31d062cc4f34931
in-class-S35,in_class_questions,35,4,,Session 35 In-Class Questions,MIT6_042JS15_cp35.pdf,05_In_Class_Questions/MIT6_042JS15_cp35.pdf,contents/in-class-questions/MIT6_042JS15_cp35.pdf,https://ocw.mit.edu/courses/electrical-engineering-and-computer-science/6-042j-mathematics-for-computer-science-spring-2015/in-class-questions/MIT6_042JS15_cp35.pdf,Official MIT OCW Spring 2015 course package,2015,pdf,3,277380,1d03abf86a07682ba4e98ba2331813261fe8e3ad35057a1c588b0aa53cd8279a
in-class-S04,in_class_questions,4,1,,Session 4 In-Class Questions,MIT6_042JS15_cp4.pdf,05_In_Class_Questions/MIT6_042JS15_cp4.pdf,contents/in-class-questions/MIT6_042JS15_cp4.pdf,https://ocw.mit.edu/courses/electrical-engineering-and-computer-science/6-042j-mathematics-for-computer-science-spring-2015/in-class-questions/MIT6_042JS15_cp4.pdf,Official MIT OCW Spring 2015 course package,2015,pdf,3,219931,64af6374819c97488488106ae8c7d47d80011efb08b666d510fb66916bf0f11a
in-class-S05,in_class_questions,5,1,,Session 5 In-Class Questions,MIT6_042JS15_cp5.pdf,05_In_Class_Questions/MIT6_042JS15_cp5.pdf,contents/in-class-questions/MIT6_042JS15_cp5.pdf,https://ocw.mit.edu/courses/electrical-engineering-and-computer-science/6-042j-mathematics-for-computer-science-spring-2015/in-class-questions/MIT6_042JS15_cp5.pdf,Official MIT OCW Spring 2015 course package,2015,pdf,3,213818,eccfe7429e4545e0a429de01b97bc8b5765e3645287a5f4e67f7b18decccf855
in-class-S06,in_class_questions,6,1,,Session 6 In-Class Questions,MIT6_042JS15_cp6.pdf,05_In_Class_Questions/MIT6_042JS15_cp6.pdf,contents/in-class-questions/MIT6_042JS15_cp6.pdf,https://ocw.mit.edu/courses/electrical-engineering-and-computer-science/6-042j-mathematics-for-computer-science-spring-2015/in-class-questions/MIT6_042JS15_cp6.pdf,Official MIT OCW Spring 2015 course package,2015,pdf,3,227940,15d80404868b9058940b6e4928cda151c1b821e8f316be52a05b82c66e6fa729
in-class-S07,in_class_questions,7,1,,Session 7 In-Class Questions,MIT6_042JS15_cp7.pdf,05_In_Class_Questions/MIT6_042JS15_cp7.pdf,contents/in-class-questions/MIT6_042JS15_cp7.pdf,https://ocw.mit.edu/courses/electrical-engineering-and-computer-science/6-042j-mathematics-for-computer-science-spring-2015/in-class-questions/MIT6_042JS15_cp7.pdf,Official MIT OCW Spring 2015 course package,2015,pdf,3,215271,aa94d95b9d7807b23e2c7890e4ca4b930d7d58d75107f4e9d68b6b8bd8265b46
in-class-S08,in_class_questions,8,1,,Session 8 In-Class Questions,MIT6_042JS15_cp8.pdf,05_In_Class_Questions/MIT6_042JS15_cp8.pdf,contents/in-class-questions/MIT6_042JS15_cp8.pdf,https://ocw.mit.edu/courses/electrical-engineering-and-computer-science/6-042j-mathematics-for-computer-science-spring-2015/in-class-questions/MIT6_042JS15_cp8.pdf,Official MIT OCW Spring 2015 course package,2015,pdf,2,208135,cb03fbad379f4022f9afc7c704f541fc1e516d9802d1c909548be6c45f513207
in-class-S09,in_class_questions,9,1,,Session 9 In-Class Questions,MIT6_042JS15_cp9.pdf,05_In_Class_Questions/MIT6_042JS15_cp9.pdf,contents/in-class-questions/MIT6_042JS15_cp9.pdf,https://ocw.mit.edu/courses/electrical-engineering-and-computer-science/6-042j-mathematics-for-computer-science-spring-2015/in-class-questions/MIT6_042JS15_cp9.pdf,Official MIT OCW Spring 2015 course package,2015,pdf,5,233097,543141419bfede1e3b369e7c561d99c3016e45ca63aacec40f0f330030a83213
slide-MIT6_042JS16_Introduction,lecture_slide,1,1,1.1.2;1.1.3,Introduction to Proofs,MIT6_042JS16_Introduction.pdf,02_Lecture_Slides/MIT6_042JS16_Introduction.pdf,contents/lecture-slides/MIT6_042JS16_Introduction.pdf,https://ocw.mit.edu/courses/electrical-engineering-and-computer-science/6-042j-mathematics-for-computer-science-spring-2015/lecture-slides/MIT6_042JS16_Introduction.pdf,Official later/replacement 2016 slide deck bundled with the Spring 2015 OCW package,2016,pdf,6,173689,bbfc209e5e99cbaa5a81d11f4e8f22eda1509c9c62a82e803c204b3afecaefb4
slide-MIT6_042JS16_Welcome6.042,lecture_slide,1,1,1.1.1,Welcome to 6.042J,MIT6_042JS16_Welcome6.042.pdf,02_Lecture_Slides/MIT6_042JS16_Welcome6.042.pdf,contents/lecture-slides/MIT6_042JS16_Welcome6.042.pdf,https://ocw.mit.edu/courses/electrical-engineering-and-computer-science/6-042j-mathematics-for-computer-science-spring-2015/lecture-slides/MIT6_042JS16_Welcome6.042.pdf,Official later/replacement 2016 slide deck bundled with the Spring 2015 OCW package,2016,pdf,2,566235,57edac1eef23582778664e6a82bd944ecd35ab245a0e9731bb5d3d217a00f8c7
slide-MIT6_042JS16_RecursiveData,lecture_slide,10,1,1.10.1,Recursive Data,MIT6_042JS16_RecursiveData.pdf,02_Lecture_Slides/MIT6_042JS16_RecursiveData.pdf,contents/lecture-slides/MIT6_042JS16_RecursiveData.pdf,https://ocw.mit.edu/courses/electrical-engineering-and-computer-science/6-042j-mathematics-for-computer-science-spring-2015/lecture-slides/MIT6_042JS16_RecursiveData.pdf,Official later/replacement 2016 slide deck bundled with the Spring 2015 OCW package,2016,pdf,4,616887,5c8bd8b37fcb95712b5f1d43421b578bd56b35c39219d063508645069e3561c5
slide-MIT6_042JS16_RecursiveFunc,lecture_slide,10,1,1.10.7,Recursive Functions,MIT6_042JS16_RecursiveFunc.pdf,02_Lecture_Slides/MIT6_042JS16_RecursiveFunc.pdf,contents/lecture-slides/MIT6_042JS16_RecursiveFunc.pdf,https://ocw.mit.edu/courses/electrical-engineering-and-computer-science/6-042j-mathematics-for-computer-science-spring-2015/lecture-slides/MIT6_042JS16_RecursiveFunc.pdf,Official later/replacement 2016 slide deck bundled with the Spring 2015 OCW package,2016,pdf,5,139062,ba2768c7749c1be1b8cffb5f8aca8c25698085e31b8ef5cc20c4aed11342d026
slide-MIT6_042JS16_StructuralInd,lecture_slide,10,1,1.10.4,Structural Induction,MIT6_042JS16_StructuralInd.pdf,02_Lecture_Slides/MIT6_042JS16_StructuralInd.pdf,contents/lecture-slides/MIT6_042JS16_StructuralInd.pdf,https://ocw.mit.edu/courses/electrical-engineering-and-computer-science/6-042j-mathematics-for-computer-science-spring-2015/lecture-slides/MIT6_042JS16_StructuralInd.pdf,Official later/replacement 2016 slide deck bundled with the Spring 2015 OCW package,2016,pdf,4,578273,e5661d6d44c872f52f8a2385a26da3d8d29e3edaf8341695cc54c3a33b2db191
slide-MIT6_042JS15_haltingproblm,lecture_slide,11,1,1.11.7,The Halting Problem,MIT6_042JS15_haltingproblm.pdf,02_Lecture_Slides/MIT6_042JS15_haltingproblm.pdf,contents/lecture-slides/MIT6_042JS15_haltingproblm.pdf,https://ocw.mit.edu/courses/electrical-engineering-and-computer-science/6-042j-mathematics-for-computer-science-spring-2015/lecture-slides/MIT6_042JS15_haltingproblm.pdf,Official Spring 2015 slide deck,2015,pdf,6,153912,3e05205e6f53121c3197c7136f3afe9f01ae2a7217d68880e0dc925876866531
slide-MIT6_042JS15_theroyaxioms,lecture_slide,11,1,1.11.11,Set Theory Axioms,MIT6_042JS15_theroyaxioms.pdf,02_Lecture_Slides/MIT6_042JS15_theroyaxioms.pdf,contents/lecture-slides/MIT6_042JS15_theroyaxioms.pdf,https://ocw.mit.edu/courses/electrical-engineering-and-computer-science/6-042j-mathematics-for-computer-science-spring-2015/lecture-slides/MIT6_042JS15_theroyaxioms.pdf,Official Spring 2015 slide deck,2015,pdf,5,135097,cfba5eb2edc3bd26337948ed05fce713b0830b8d90c5589a739e8f4fb45cbb94
slide-MIT6_042JS16_CantorsTheo,lecture_slide,11,1,1.11.4,Cantor's Theorem,MIT6_042JS16_CantorsTheo.pdf,02_Lecture_Slides/MIT6_042JS16_CantorsTheo.pdf,contents/lecture-slides/MIT6_042JS16_CantorsTheo.pdf,https://ocw.mit.edu/courses/electrical-engineering-and-computer-science/6-042j-mathematics-for-computer-science-spring-2015/lecture-slides/MIT6_042JS16_CantorsTheo.pdf,Official later/replacement 2016 slide deck bundled with the Spring 2015 OCW package,2016,pdf,7,232324,19267d4fe544f6a2bd40761e6587b42649bba6d0e9392bd1ef1f92aa755c7aa0
slide-MIT6_042JS16_Cardinality,lecture_slide,11,1,1.11.1,Cardinality,MIT6_042JS16_Cardinality.pdf,02_Lecture_Slides/MIT6_042JS16_Cardinality.pdf,contents/lecture-slides/MIT6_042JS16_Cardinality.pdf,https://ocw.mit.edu/courses/electrical-engineering-and-computer-science/6-042j-mathematics-for-computer-science-spring-2015/lecture-slides/MIT6_042JS16_Cardinality.pdf,Official later/replacement 2016 slide deck bundled with the Spring 2015 OCW package,2016,pdf,4,590570,c14abfc785430d26da46fbd7d056412a39ae28abcee11aeb43d82cecdfe290ea
slide-MIT6_042JS16_CountableSets,lecture_slide,11,1,1.11.3,Countable Sets,MIT6_042JS16_CountableSets.pdf,02_Lecture_Slides/MIT6_042JS16_CountableSets.pdf,contents/lecture-slides/MIT6_042JS16_CountableSets.pdf,https://ocw.mit.edu/courses/electrical-engineering-and-computer-science/6-042j-mathematics-for-computer-science-spring-2015/lecture-slides/MIT6_042JS16_CountableSets.pdf,Official later/replacement 2016 slide deck bundled with the Spring 2015 OCW package,2016,pdf,3,578687,e3615c1b57e0282e74f14e75321d22941d3b92bc539c5ed657333f76619a6550
slide-MIT6_042JS16_RussellsParad,lecture_slide,11,1,1.11.9,Russell's Paradox,MIT6_042JS16_RussellsParad.pdf,02_Lecture_Slides/MIT6_042JS16_RussellsParad.pdf,contents/lecture-slides/MIT6_042JS16_RussellsParad.pdf,https://ocw.mit.edu/courses/electrical-engineering-and-computer-science/6-042j-mathematics-for-computer-science-spring-2015/lecture-slides/MIT6_042JS16_RussellsParad.pdf,Official later/replacement 2016 slide deck bundled with the Spring 2015 OCW package,2016,pdf,5,689269,751c8be777f1c2ada614767b176fbf8e8f9dc246dd768b09a65ed87eba5831d7
slide-MIT6_042JS15_EuclidnAlgori,lecture_slide,12,2,2.1.2,Euclidean Algorithm,MIT6_042JS15_EuclidnAlgori.pdf,02_Lecture_Slides/MIT6_042JS15_EuclidnAlgori.pdf,contents/lecture-slides/MIT6_042JS15_EuclidnAlgori.pdf,https://ocw.mit.edu/courses/electrical-engineering-and-computer-science/6-042j-mathematics-for-computer-science-spring-2015/lecture-slides/MIT6_042JS15_EuclidnAlgori.pdf,Official Spring 2015 slide deck,2015,pdf,4,132531,8b30b5265e38859bf3dc22a41f2b4d96da5e9cb30c0ad7961efe908f000689df
slide-MIT6_042JS15_GCDsandLinear,lecture_slide,12,2,2.1.1,GCDs and Linear Combinations,MIT6_042JS15_GCDsandLinear.pdf,02_Lecture_Slides/MIT6_042JS15_GCDsandLinear.pdf,contents/lecture-slides/MIT6_042JS15_GCDsandLinear.pdf,https://ocw.mit.edu/courses/electrical-engineering-and-computer-science/6-042j-mathematics-for-computer-science-spring-2015/lecture-slides/MIT6_042JS15_GCDsandLinear.pdf,Official Spring 2015 slide deck,2015,pdf,4,137823,6e90dc5621628e25d10c9993dc44d800cede0c03f44434d74faaa7e7e5676d3c
slide-MIT6_042JS15_Hard_Primes,lecture_slide,12,2,2.1.6,Die Hard Primes,MIT6_042JS15_Hard_Primes.pdf,02_Lecture_Slides/MIT6_042JS15_Hard_Primes.pdf,contents/lecture-slides/MIT6_042JS15_Hard_Primes.pdf,https://ocw.mit.edu/courses/electrical-engineering-and-computer-science/6-042j-mathematics-for-computer-science-spring-2015/lecture-slides/MIT6_042JS15_Hard_Primes.pdf,Official Spring 2015 slide deck,2015,pdf,3,130995,ff790df1d8a053b506e39a2a52108863b4083d9d4187cc5c37a18bd653182377
slide-MIT6_042JS15_Pulverizer,lecture_slide,12,2,2.1.4,The Pulverizer,MIT6_042JS15_Pulverizer.pdf,02_Lecture_Slides/MIT6_042JS15_Pulverizer.pdf,contents/lecture-slides/MIT6_042JS15_Pulverizer.pdf,https://ocw.mit.edu/courses/electrical-engineering-and-computer-science/6-042j-mathematics-for-computer-science-spring-2015/lecture-slides/MIT6_042JS15_Pulverizer.pdf,Official Spring 2015 slide deck,2015,pdf,5,141222,fb5ef14868d10a1e08a6db4f20eb0026611b113b805d4086c9c171e49f79269b
slide-MIT6_042JS15_UniqueFactor,lecture_slide,12,2,2.1.7,Prime Factorization,MIT6_042JS15_UniqueFactor.pdf,02_Lecture_Slides/MIT6_042JS15_UniqueFactor.pdf,contents/lecture-slides/MIT6_042JS15_UniqueFactor.pdf,https://ocw.mit.edu/courses/electrical-engineering-and-computer-science/6-042j-mathematics-for-computer-science-spring-2015/lecture-slides/MIT6_042JS15_UniqueFactor.pdf,Official Spring 2015 slide deck,2015,pdf,4,144413,84d2145b49c8d97d8dc0b5ed0c0c56c8ec0f067abffe46cb2da047faa37eceaa
slide-MIT6_042JS15_congruence,lecture_slide,13,2,2.2.1,Congruence,MIT6_042JS15_congruence.pdf,02_Lecture_Slides/MIT6_042JS15_congruence.pdf,contents/lecture-slides/MIT6_042JS15_congruence.pdf,https://ocw.mit.edu/courses/electrical-engineering-and-computer-science/6-042j-mathematics-for-computer-science-spring-2015/lecture-slides/MIT6_042JS15_congruence.pdf,Official Spring 2015 slide deck,2015,pdf,6,619565,6d970f120802f6e522e3d8038c657ffe1c7e7ac963f246a3742722aadb58f076
slide-MIT6_042JS15_inverses_mod,lecture_slide,13,2,2.2.3,Inverses Mod N,MIT6_042JS15_inverses_mod.pdf,02_Lecture_Slides/MIT6_042JS15_inverses_mod.pdf,contents/lecture-slides/MIT6_042JS15_inverses_mod.pdf,https://ocw.mit.edu/courses/electrical-engineering-and-computer-science/6-042j-mathematics-for-computer-science-spring-2015/lecture-slides/MIT6_042JS15_inverses_mod.pdf,Official Spring 2015 slide deck,2015,pdf,3,592032,adb840d4e9e09e2a42f3c1735193d77708b74d90d30c213b2dd95698a6f0be47
slide-MIT6_042JS15_ModularEuler,lecture_slide,14,2,2.3.1,Modular Exponentiation: Euler's Function,MIT6_042JS15_ModularEuler.pdf,02_Lecture_Slides/MIT6_042JS15_ModularEuler.pdf,contents/lecture-slides/MIT6_042JS15_ModularEuler.pdf,https://ocw.mit.edu/courses/electrical-engineering-and-computer-science/6-042j-mathematics-for-computer-science-spring-2015/lecture-slides/MIT6_042JS15_ModularEuler.pdf,Official Spring 2015 slide deck,2015,pdf,6,145587,5bd9f17def9f28b7a89f84941fb283974ef1700a150293c6fb7a239353c2ffa4
slide-MIT6_042JS15_TheRingZn,lecture_slide,14,2,2.3.3,The Ring Z_n,MIT6_042JS15_TheRingZn.pdf,02_Lecture_Slides/MIT6_042JS15_TheRingZn.pdf,contents/lecture-slides/MIT6_042JS15_TheRingZn.pdf,https://ocw.mit.edu/courses/electrical-engineering-and-computer-science/6-042j-mathematics-for-computer-science-spring-2015/lecture-slides/MIT6_042JS15_TheRingZn.pdf,Official Spring 2015 slide deck,2015,pdf,8,163442,aace8b6ce2b66ca5b62a047ebec41273dab31ae9a9b7831ff7affc47164ffea4
slide-MIT6_042JS15_FactoringSAT,lecture_slide,15,2,2.4.3,Reducing Factoring to SAT,MIT6_042JS15_FactoringSAT.pdf,02_Lecture_Slides/MIT6_042JS15_FactoringSAT.pdf,contents/lecture-slides/MIT6_042JS15_FactoringSAT.pdf,https://ocw.mit.edu/courses/electrical-engineering-and-computer-science/6-042j-mathematics-for-computer-science-spring-2015/lecture-slides/MIT6_042JS15_FactoringSAT.pdf,Official Spring 2015 slide deck,2015,pdf,4,155411,d75bc01eb9144887dc0643832b10cee69f384a8e7d2ca72fad5d629a39f446c4
slide-MIT6_042JS15_RSA_Encytion,lecture_slide,15,2,2.4.1,RSA Public Key Encryption,MIT6_042JS15_RSA_Encytion.pdf,02_Lecture_Slides/MIT6_042JS15_RSA_Encytion.pdf,contents/lecture-slides/MIT6_042JS15_RSA_Encytion.pdf,https://ocw.mit.edu/courses/electrical-engineering-and-computer-science/6-042j-mathematics-for-computer-science-spring-2015/lecture-slides/MIT6_042JS15_RSA_Encytion.pdf,Official Spring 2015 slide deck,2015,pdf,5,165141,360c19dcb8d4cca7a54d0f625b1bac297fe2c9e8cd924de6a327c9f98dc327f0
slide-MIT6_042JS15_Concted_Vrtics,lecture_slide,16,2,2.5.3,Digraphs: Connected Vertices,MIT6_042JS15_Concted_Vrtics.pdf,02_Lecture_Slides/MIT6_042JS15_Concted_Vrtics.pdf,contents/lecture-slides/MIT6_042JS15_Concted_Vrtics.pdf,https://ocw.mit.edu/courses/electrical-engineering-and-computer-science/6-042j-mathematics-for-computer-science-spring-2015/lecture-slides/MIT6_042JS15_Concted_Vrtics.pdf,Official Spring 2015 slide deck,2015,pdf,5,234588,fbbff367a35c54f6e2759777affe2dd847519f64e96105c5bfd51ee339827953
slide-MIT6_042JS15_WalksPaths,lecture_slide,16,2,2.5.1,Digraphs: Walks & Paths,MIT6_042JS15_WalksPaths.pdf,02_Lecture_Slides/MIT6_042JS15_WalksPaths.pdf,contents/lecture-slides/MIT6_042JS15_WalksPaths.pdf,https://ocw.mit.edu/courses/electrical-engineering-and-computer-science/6-042j-mathematics-for-computer-science-spring-2015/lecture-slides/MIT6_042JS15_WalksPaths.pdf,Official Spring 2015 slide deck,2015,pdf,5,175757,19c3ad6a2341ea6b6e41a5f2d878888c7ea8a8e8aeb87d8c1ccb980f7e661719
slide-MIT6_042JS15_DAGs,lecture_slide,17,2,2.6.1,DAGs,MIT6_042JS15_DAGs.pdf,02_Lecture_Slides/MIT6_042JS15_DAGs.pdf,contents/lecture-slides/MIT6_042JS15_DAGs.pdf,https://ocw.mit.edu/courses/electrical-engineering-and-computer-science/6-042j-mathematics-for-computer-science-spring-2015/lecture-slides/MIT6_042JS15_DAGs.pdf,Official Spring 2015 slide deck,2015,pdf,5,170862,0882cc5bdedc711be2578fa5f0ff86111b2a5acff421250b4a71e17f5ed11106
slide-MIT6_042JS15_Scheduling,lecture_slide,17,2,2.6.3,Scheduling,MIT6_042JS15_Scheduling.pdf,02_Lecture_Slides/MIT6_042JS15_Scheduling.pdf,contents/lecture-slides/MIT6_042JS15_Scheduling.pdf,https://ocw.mit.edu/courses/electrical-engineering-and-computer-science/6-042j-mathematics-for-computer-science-spring-2015/lecture-slides/MIT6_042JS15_Scheduling.pdf,Official Spring 2015 slide deck,2015,pdf,8,209284,83eac5a8eae85408535999aab8535722553d2a242f0d4d726bf5e5d295557690
slide-MIT6_042JS15_TimeProcsors,lecture_slide,17,2,2.6.5,Time vs Processors,MIT6_042JS15_TimeProcsors.pdf,02_Lecture_Slides/MIT6_042JS15_TimeProcsors.pdf,contents/lecture-slides/MIT6_042JS15_TimeProcsors.pdf,https://ocw.mit.edu/courses/electrical-engineering-and-computer-science/6-042j-mathematics-for-computer-science-spring-2015/lecture-slides/MIT6_042JS15_TimeProcsors.pdf,Official Spring 2015 slide deck,2015,pdf,4,334573,308d7972205f71b2a4a34d452ea431b2257a3f660f2e09fb0d22b78b1814de39
slide-MIT6_042JS15_EquivRelations,lecture_slide,18,2,2.7.4,Equivalence Relations,MIT6_042JS15_EquivRelations.pdf,02_Lecture_Slides/MIT6_042JS15_EquivRelations.pdf,contents/lecture-slides/MIT6_042JS15_EquivRelations.pdf,https://ocw.mit.edu/courses/electrical-engineering-and-computer-science/6-042j-mathematics-for-computer-science-spring-2015/lecture-slides/MIT6_042JS15_EquivRelations.pdf,Official Spring 2015 slide deck,2015,pdf,5,183096,50987a772ba71b296259c1de9444bfc3c9c742043e3ddf796b195b74bfe63719
slide-MIT6_042JS15_PartialOrder,lecture_slide,18,2,2.7.1,Partial Orders,MIT6_042JS15_PartialOrder.pdf,02_Lecture_Slides/MIT6_042JS15_PartialOrder.pdf,contents/lecture-slides/MIT6_042JS15_PartialOrder.pdf,https://ocw.mit.edu/courses/electrical-engineering-and-computer-science/6-042j-mathematics-for-computer-science-spring-2015/lecture-slides/MIT6_042JS15_PartialOrder.pdf,Official Spring 2015 slide deck,2015,pdf,7,248215,09cb33d19e900566190e5dc7b9fd9cf782db8cf3a0e78b54dabcceed990f405a
slide-MIT6_042JS15_ReprsentPrtal,lecture_slide,18,2,2.7.3,Representing Partial Orders As Subset Relations,MIT6_042JS15_ReprsentPrtal.pdf,02_Lecture_Slides/MIT6_042JS15_ReprsentPrtal.pdf,contents/lecture-slides/MIT6_042JS15_ReprsentPrtal.pdf,https://ocw.mit.edu/courses/electrical-engineering-and-computer-science/6-042j-mathematics-for-computer-science-spring-2015/lecture-slides/MIT6_042JS15_ReprsentPrtal.pdf,Official Spring 2015 slide deck,2015,pdf,5,167931,38fec8cbba64cecf89de700baf87eff3ab198a8b6e9ed6eca2cbf69cae272f50
slide-MIT6_042JS15_Degrees,lecture_slide,19,2,2.8.1,Degrees,MIT6_042JS15_Degrees.pdf,02_Lecture_Slides/MIT6_042JS15_Degrees.pdf,contents/lecture-slides/MIT6_042JS15_Degrees.pdf,https://ocw.mit.edu/courses/electrical-engineering-and-computer-science/6-042j-mathematics-for-computer-science-spring-2015/lecture-slides/MIT6_042JS15_Degrees.pdf,Official Spring 2015 slide deck,2015,pdf,6,153418,205e453244acc48b9e581e54eb76fca475e287ba2d4cc799209933ac98987a20
slide-MIT6_042JS15_Isomorphism,lecture_slide,19,2,2.8.3,Isomorphism,MIT6_042JS15_Isomorphism.pdf,02_Lecture_Slides/MIT6_042JS15_Isomorphism.pdf,contents/lecture-slides/MIT6_042JS15_Isomorphism.pdf,https://ocw.mit.edu/courses/electrical-engineering-and-computer-science/6-042j-mathematics-for-computer-science-spring-2015/lecture-slides/MIT6_042JS15_Isomorphism.pdf,Official Spring 2015 slide deck,2015,pdf,5,347794,425500b7e3b4bb73fcf7808c9a054d9c23c1d946daac2f8ffc4b8a6645166410
slide-MIT6_042JS16_ProofCases,lecture_slide,2,1,1.2.3,Proof by Cases,MIT6_042JS16_ProofCases.pdf,02_Lecture_Slides/MIT6_042JS16_ProofCases.pdf,contents/lecture-slides/MIT6_042JS16_ProofCases.pdf,https://ocw.mit.edu/courses/electrical-engineering-and-computer-science/6-042j-mathematics-for-computer-science-spring-2015/lecture-slides/MIT6_042JS16_ProofCases.pdf,Official later/replacement 2016 slide deck bundled with the Spring 2015 OCW package,2016,pdf,3,135811,55cab705a272cb4dd3c7531f3bf9a450b6c725b049d93f8f94931500e0e4db43
slide-MIT6_042JS16_ProofContrad,lecture_slide,2,1,1.2.1,Proof by Contradiction,MIT6_042JS16_ProofContrad.pdf,02_Lecture_Slides/MIT6_042JS16_ProofContrad.pdf,contents/lecture-slides/MIT6_042JS16_ProofContrad.pdf,https://ocw.mit.edu/courses/electrical-engineering-and-computer-science/6-042j-mathematics-for-computer-science-spring-2015/lecture-slides/MIT6_042JS16_ProofContrad.pdf,Official later/replacement 2016 slide deck bundled with the Spring 2015 OCW package,2016,pdf,2,605898,39dc43bb1a3d4023ee0198cb8a353bf1f952014334d4311c0cba76a3dcfd265f
slide-MIT6_042JS16_ProofExample,lecture_slide,2,1,S2-supplemental,Proof by Cases Example,MIT6_042JS16_ProofExample.pdf,02_Lecture_Slides/MIT6_042JS16_ProofExample.pdf,contents/lecture-slides/MIT6_042JS16_ProofExample.pdf,https://ocw.mit.edu/courses/electrical-engineering-and-computer-science/6-042j-mathematics-for-computer-science-spring-2015/lecture-slides/MIT6_042JS16_ProofExample.pdf,Official later/replacement 2016 slide deck bundled with the Spring 2015 OCW package,2016,pdf,4,980252,0a0cea11dd3154891c7e6719a17571faac89559b2795c40937477818600bb4a2
slide-MIT6_042JS15_Coloring,lecture_slide,20,2,2.9.1,Coloring,MIT6_042JS15_Coloring.pdf,02_Lecture_Slides/MIT6_042JS15_Coloring.pdf,contents/lecture-slides/MIT6_042JS15_Coloring.pdf,https://ocw.mit.edu/courses/electrical-engineering-and-computer-science/6-042j-mathematics-for-computer-science-spring-2015/lecture-slides/MIT6_042JS15_Coloring.pdf,Official Spring 2015 slide deck,2015,pdf,7,155092,5a7fe48cba1dd4380e84bc1060b780ca116f9d3e1b6d9ab194865fd28c4f1ad3
slide-MIT6_042JS15_graphconnectivity,lecture_slide,20,2,2.9.3,Connectivity,MIT6_042JS15_graphconnectivity.pdf,02_Lecture_Slides/MIT6_042JS15_graphconnectivity.pdf,contents/lecture-slides/MIT6_042JS15_graphconnectivity.pdf,https://ocw.mit.edu/courses/electrical-engineering-and-computer-science/6-042j-mathematics-for-computer-science-spring-2015/lecture-slides/MIT6_042JS15_graphconnectivity.pdf,Official Spring 2015 slide deck,2015,pdf,3,128024,6e8071f49fc75f44874733703411cffaaa9c91e88e2f6c4f593debdc754572d4
slide-MIT6_042JS15_k-connectivity,lecture_slide,20,2,2.9.4,k-Connectivity,MIT6_042JS15_k-connectivity.pdf,02_Lecture_Slides/MIT6_042JS15_k-connectivity.pdf,contents/lecture-slides/MIT6_042JS15_k-connectivity.pdf,https://ocw.mit.edu/courses/electrical-engineering-and-computer-science/6-042j-mathematics-for-computer-science-spring-2015/lecture-slides/MIT6_042JS15_k-connectivity.pdf,Official Spring 2015 slide deck,2015,pdf,6,139734,387ba83b29dd5bd8f0a966e395cae469db7694e089bff0765ddf343eb350f66c
slide-MIT6_042JS15_SpaingTrees,lecture_slide,21,2,2.10.5,Spanning Trees,MIT6_042JS15_SpaingTrees.pdf,02_Lecture_Slides/MIT6_042JS15_SpaingTrees.pdf,contents/lecture-slides/MIT6_042JS15_SpaingTrees.pdf,https://ocw.mit.edu/courses/electrical-engineering-and-computer-science/6-042j-mathematics-for-computer-science-spring-2015/lecture-slides/MIT6_042JS15_SpaingTrees.pdf,Official Spring 2015 slide deck,2015,pdf,7,150579,d801b3ee98abacab8dd2a02b1e87a1e1483ec3d90ff7ff48de774644aa2632d1
slide-MIT6_042JS15_trees,lecture_slide,21,2,2.10.1,Trees,MIT6_042JS15_trees.pdf,02_Lecture_Slides/MIT6_042JS15_trees.pdf,contents/lecture-slides/MIT6_042JS15_trees.pdf,https://ocw.mit.edu/courses/electrical-engineering-and-computer-science/6-042j-mathematics-for-computer-science-spring-2015/lecture-slides/MIT6_042JS15_trees.pdf,Official Spring 2015 slide deck,2015,pdf,6,149533,5f62519902e57e587dba9866c4f2b2467d3de8e18391a40fcb85d8ff46574642
slide-MIT6_042JS15_treescoloring,lecture_slide,21,2,2.10.3,Tree Coloring,MIT6_042JS15_treescoloring.pdf,02_Lecture_Slides/MIT6_042JS15_treescoloring.pdf,contents/lecture-slides/MIT6_042JS15_treescoloring.pdf,https://ocw.mit.edu/courses/electrical-engineering-and-computer-science/6-042j-mathematics-for-computer-science-spring-2015/lecture-slides/MIT6_042JS15_treescoloring.pdf,Official Spring 2015 slide deck,2015,pdf,2,128636,4fc068ffe79b74beacc49774a0bf4451b6a8dd783b3bc5215832d704b7a19605
slide-MIT6_042JS15_Mating_ritual,lecture_slide,22,2,2.11.2,Mating Ritual,MIT6_042JS15_Mating_ritual.pdf,02_Lecture_Slides/MIT6_042JS15_Mating_ritual.pdf,contents/lecture-slides/MIT6_042JS15_Mating_ritual.pdf,https://ocw.mit.edu/courses/electrical-engineering-and-computer-science/6-042j-mathematics-for-computer-science-spring-2015/lecture-slides/MIT6_042JS15_Mating_ritual.pdf,Official Spring 2015 slide deck,2015,pdf,6,412418,3d42df14a1d1acb363cb93dd78c7bb8ead7d86456189216ee5fd3ee4087228cb
slide-MIT6_042JS15_Optimal,lecture_slide,22,2,2.11.5,Optimal Stable Matching,MIT6_042JS15_Optimal.pdf,02_Lecture_Slides/MIT6_042JS15_Optimal.pdf,contents/lecture-slides/MIT6_042JS15_Optimal.pdf,https://ocw.mit.edu/courses/electrical-engineering-and-computer-science/6-042j-mathematics-for-computer-science-spring-2015/lecture-slides/MIT6_042JS15_Optimal.pdf,Official Spring 2015 slide deck,2015,pdf,6,142218,6894ba517249537d122e92c7fae968ac84492bf9b202245b74469f16a01226f2
slide-MIT6_042JS15_bip_mtchig,lecture_slide,22,2,2.11.7,Bipartite Matching,MIT6_042JS15_bip_mtchig.pdf,02_Lecture_Slides/MIT6_042JS15_bip_mtchig.pdf,contents/lecture-slides/MIT6_042JS15_bip_mtchig.pdf,https://ocw.mit.edu/courses/electrical-engineering-and-computer-science/6-042j-mathematics-for-computer-science-spring-2015/lecture-slides/MIT6_042JS15_bip_mtchig.pdf,Official Spring 2015 slide deck,2015,pdf,5,167079,bfe5a9074e034388fcbf8f49dda570714560f284b7885a2c7423c865312e2770
slide-MIT6_042JS15_halls_thorem,lecture_slide,22,2,2.11.9,Hall's Theorem,MIT6_042JS15_halls_thorem.pdf,02_Lecture_Slides/MIT6_042JS15_halls_thorem.pdf,contents/lecture-slides/MIT6_042JS15_halls_thorem.pdf,https://ocw.mit.edu/courses/electrical-engineering-and-computer-science/6-042j-mathematics-for-computer-science-spring-2015/lecture-slides/MIT6_042JS15_halls_thorem.pdf,Official Spring 2015 slide deck,2015,pdf,7,151035,b0d3563a59ebf5fbb1ebaf594868f801c906b26c768ce2580943c2a8a9a62010
slide-MIT6_042JS15_stablematchg,lecture_slide,22,2,2.11.1,Stable Matching,MIT6_042JS15_stablematchg.pdf,02_Lecture_Slides/MIT6_042JS15_stablematchg.pdf,contents/lecture-slides/MIT6_042JS15_stablematchg.pdf,https://ocw.mit.edu/courses/electrical-engineering-and-computer-science/6-042j-mathematics-for-computer-science-spring-2015/lecture-slides/MIT6_042JS15_stablematchg.pdf,Official Spring 2015 slide deck,2015,pdf,6,2765064,152ce27ce11dd226590d15be52867d4fc2612d89f1738a8b22d46c6531ed4db5
slide-MIT6_042JS16_Arithmetic,lecture_slide,23,3,3.1.1,Arithmetic Sums,MIT6_042JS16_Arithmetic.pdf,02_Lecture_Slides/MIT6_042JS16_Arithmetic.pdf,contents/lecture-slides/MIT6_042JS16_Arithmetic.pdf,https://ocw.mit.edu/courses/electrical-engineering-and-computer-science/6-042j-mathematics-for-computer-science-spring-2015/lecture-slides/MIT6_042JS16_Arithmetic.pdf,Official later/replacement 2016 slide deck bundled with the Spring 2015 OCW package,2016,pdf,3,614769,4efcb44cd54f62143aba52e87c97704fc9663ed92d6376810851c8e5058a6f8d
slide-MIT6_042JS16_BookStacking,lecture_slide,23,3,3.1.5,Book Stacking,MIT6_042JS16_BookStacking.pdf,02_Lecture_Slides/MIT6_042JS16_BookStacking.pdf,contents/lecture-slides/MIT6_042JS16_BookStacking.pdf,https://ocw.mit.edu/courses/electrical-engineering-and-computer-science/6-042j-mathematics-for-computer-science-spring-2015/lecture-slides/MIT6_042JS16_BookStacking.pdf,Official later/replacement 2016 slide deck bundled with the Spring 2015 OCW package,2016,pdf,6,148141,cf51c7a42c16c7ec6dfee186edd4ad7d9cdd928ca34d3287949069f934e327a2
slide-MIT6_042JS16_GeometricSum,lecture_slide,23,3,3.1.3,Geometric Sums,MIT6_042JS16_GeometricSum.pdf,02_Lecture_Slides/MIT6_042JS16_GeometricSum.pdf,contents/lecture-slides/MIT6_042JS16_GeometricSum.pdf,https://ocw.mit.edu/courses/electrical-engineering-and-computer-science/6-042j-mathematics-for-computer-science-spring-2015/lecture-slides/MIT6_042JS16_GeometricSum.pdf,Official later/replacement 2016 slide deck bundled with the Spring 2015 OCW package,2016,pdf,6,147135,dd9348604d15863ac40baef417828d735bddda45f28e8b8145727c659674fd81
slide-MIT6_042JS16_IntegralMeth,lecture_slide,23,3,3.1.7,Integral Method,MIT6_042JS16_IntegralMeth.pdf,02_Lecture_Slides/MIT6_042JS16_IntegralMeth.pdf,contents/lecture-slides/MIT6_042JS16_IntegralMeth.pdf,https://ocw.mit.edu/courses/electrical-engineering-and-computer-science/6-042j-mathematics-for-computer-science-spring-2015/lecture-slides/MIT6_042JS16_IntegralMeth.pdf,Official later/replacement 2016 slide deck bundled with the Spring 2015 OCW package,2016,pdf,5,193478,04bfe3400d038a553afe28c638c38d2f86ca2fc3b5e03f10298d98894464e2bb
slide-MIT6_042JS16_StirlingForm,lecture_slide,23,3,3.1.9,Stirling's Formula,MIT6_042JS16_StirlingForm.pdf,02_Lecture_Slides/MIT6_042JS16_StirlingForm.pdf,contents/lecture-slides/MIT6_042JS16_StirlingForm.pdf,https://ocw.mit.edu/courses/electrical-engineering-and-computer-science/6-042j-mathematics-for-computer-science-spring-2015/lecture-slides/MIT6_042JS16_StirlingForm.pdf,Official later/replacement 2016 slide deck bundled with the Spring 2015 OCW package,2016,pdf,3,126754,0d862be90d184a4a72b013a58696de0f1c885fffe31c8dc2bf15940b9cd67fb2
slide-MIT6_042JS16_AsymBlunders,lecture_slide,24,3,3.2.6,Asymptotic Blunders,MIT6_042JS16_AsymBlunders.pdf,02_Lecture_Slides/MIT6_042JS16_AsymBlunders.pdf,contents/lecture-slides/MIT6_042JS16_AsymBlunders.pdf,https://ocw.mit.edu/courses/electrical-engineering-and-computer-science/6-042j-mathematics-for-computer-science-spring-2015/lecture-slides/MIT6_042JS16_AsymBlunders.pdf,Official later/replacement 2016 slide deck bundled with the Spring 2015 OCW package,2016,pdf,3,556026,e90facf4bb3fca200dec2014af4d829422d85cbba79483e4164ec58b42bcd81d
slide-MIT6_042JS16_AsymNotation,lecture_slide,24,3,3.2.1,Asymptotic Notation,MIT6_042JS16_AsymNotation.pdf,02_Lecture_Slides/MIT6_042JS16_AsymNotation.pdf,contents/lecture-slides/MIT6_042JS16_AsymNotation.pdf,https://ocw.mit.edu/courses/electrical-engineering-and-computer-science/6-042j-mathematics-for-computer-science-spring-2015/lecture-slides/MIT6_042JS16_AsymNotation.pdf,Official later/replacement 2016 slide deck bundled with the Spring 2015 OCW package,2016,pdf,6,608550,31022c47961670ae095c798d40b59f55b9d1a250c960572c0a7c82cb65f15f87
slide-MIT6_042JS16_AsymProperti,lecture_slide,24,3,3.2.3,Asymptotic Properties,MIT6_042JS16_AsymProperti.pdf,02_Lecture_Slides/MIT6_042JS16_AsymProperti.pdf,contents/lecture-slides/MIT6_042JS16_AsymProperti.pdf,https://ocw.mit.edu/courses/electrical-engineering-and-computer-science/6-042j-mathematics-for-computer-science-spring-2015/lecture-slides/MIT6_042JS16_AsymProperti.pdf,Official later/replacement 2016 slide deck bundled with the Spring 2015 OCW package,2016,pdf,4,141603,93fe59f42b43a7fa527f33b606e4fbd81bede4d4ebec86246588004f192cecdc
slide-MIT6_042JS16_Bijections,lecture_slide,25,3,3.3.3,Counting with Bijections,MIT6_042JS16_Bijections.pdf,02_Lecture_Slides/MIT6_042JS16_Bijections.pdf,contents/lecture-slides/MIT6_042JS16_Bijections.pdf,https://ocw.mit.edu/courses/electrical-engineering-and-computer-science/6-042j-mathematics-for-computer-science-spring-2015/lecture-slides/MIT6_042JS16_Bijections.pdf,Official later/replacement 2016 slide deck bundled with the Spring 2015 OCW package,2016,pdf,5,146351,8139b2066b7c4698b5475c2f488cd3cbfc03aab2f4f0d1ebcf235069666977f3
slide-MIT6_042JS16_SumProduct,lecture_slide,25,3,3.3.1,Sum and Product Rules,MIT6_042JS16_SumProduct.pdf,02_Lecture_Slides/MIT6_042JS16_SumProduct.pdf,contents/lecture-slides/MIT6_042JS16_SumProduct.pdf,https://ocw.mit.edu/courses/electrical-engineering-and-computer-science/6-042j-mathematics-for-computer-science-spring-2015/lecture-slides/MIT6_042JS16_SumProduct.pdf,Official later/replacement 2016 slide deck bundled with the Spring 2015 OCW package,2016,pdf,4,128594,22c671047b5e4c26fec058ceb83287a3d910a9516684ceaed4a833873b24ab09
slide-MIT6_042JS16_BinomialTheo,lecture_slide,26,3,3.4.4,Binomial Theorem,MIT6_042JS16_BinomialTheo.pdf,02_Lecture_Slides/MIT6_042JS16_BinomialTheo.pdf,contents/lecture-slides/MIT6_042JS16_BinomialTheo.pdf,https://ocw.mit.edu/courses/electrical-engineering-and-computer-science/6-042j-mathematics-for-computer-science-spring-2015/lecture-slides/MIT6_042JS16_BinomialTheo.pdf,Official later/replacement 2016 slide deck bundled with the Spring 2015 OCW package,2016,pdf,4,154922,52f7b0927d1089aec25a9801976bdb739ce5f7bdb4f544447659ebeab99269f7
slide-MIT6_042JS16_Bookkeeper,lecture_slide,26,3,3.4.5,"Bookkeeper Rule, Multinomial Theorem",MIT6_042JS16_Bookkeeper.pdf,02_Lecture_Slides/MIT6_042JS16_Bookkeeper.pdf,contents/lecture-slides/MIT6_042JS16_Bookkeeper.pdf,https://ocw.mit.edu/courses/electrical-engineering-and-computer-science/6-042j-mathematics-for-computer-science-spring-2015/lecture-slides/MIT6_042JS16_Bookkeeper.pdf,Official later/replacement 2016 slide deck bundled with the Spring 2015 OCW package,2016,pdf,5,142085,dabdca95160aa74d403fc28f8a27ebe18efacdb73a416769280a4f352180c3ed
slide-MIT6_042JS16_Generalized,lecture_slide,26,3,3.4.1,Generalized Counting Rules,MIT6_042JS16_Generalized.pdf,02_Lecture_Slides/MIT6_042JS16_Generalized.pdf,contents/lecture-slides/MIT6_042JS16_Generalized.pdf,https://ocw.mit.edu/courses/electrical-engineering-and-computer-science/6-042j-mathematics-for-computer-science-spring-2015/lecture-slides/MIT6_042JS16_Generalized.pdf,Official later/replacement 2016 slide deck bundled with the Spring 2015 OCW package,2016,pdf,4,135429,e0356eb3047bac31efeb58cc10960e94dcaa68e453d41bb458df9c4facdab80e
slide-MIT6_042JS16_TwoPairPoker,lecture_slide,26,3,3.4.3,Two Pair Poker Hands,MIT6_042JS16_TwoPairPoker.pdf,02_Lecture_Slides/MIT6_042JS16_TwoPairPoker.pdf,contents/lecture-slides/MIT6_042JS16_TwoPairPoker.pdf,https://ocw.mit.edu/courses/electrical-engineering-and-computer-science/6-042j-mathematics-for-computer-science-spring-2015/lecture-slides/MIT6_042JS16_TwoPairPoker.pdf,Official later/replacement 2016 slide deck bundled with the Spring 2015 OCW package,2016,pdf,5,170104,5b316ea84aeeb86ddbfe03c21a52b10bc323a76266b0127a6d6969f7a5d5c1dd
slide-MIT6_042JS15_InculionExcl,lecture_slide,27,3,3.5.3,Inclusion-Exclusion,MIT6_042JS15_InculionExcl.pdf,02_Lecture_Slides/MIT6_042JS15_InculionExcl.pdf,contents/lecture-slides/MIT6_042JS15_InculionExcl.pdf,https://ocw.mit.edu/courses/electrical-engineering-and-computer-science/6-042j-mathematics-for-computer-science-spring-2015/lecture-slides/MIT6_042JS15_InculionExcl.pdf,Official Spring 2015 slide deck,2015,pdf,4,151677,71d6d459c07813dc69a789cc1e4dcdbc89d4baf5ecf45d23347cefa836aec2a7
slide-MIT6_042JS16_InclExclEx,lecture_slide,27,3,3.5.4,Inclusion-Exclusion: 2 Set Proof,MIT6_042JS16_InclExclEx.pdf,02_Lecture_Slides/MIT6_042JS16_InclExclEx.pdf,contents/lecture-slides/MIT6_042JS16_InclExclEx.pdf,https://ocw.mit.edu/courses/electrical-engineering-and-computer-science/6-042j-mathematics-for-computer-science-spring-2015/lecture-slides/MIT6_042JS16_InclExclEx.pdf,Official later/replacement 2016 slide deck bundled with the Spring 2015 OCW package,2016,pdf,4,147348,89617d16a0e6976d2d2960ad551db7a1726dcb4f2cacc7dd1fa74acea0752643
slide-MIT6_042JS16_ThePigeonhol,lecture_slide,27,3,3.5.1,The Pigeonhole Principle,MIT6_042JS16_ThePigeonhol.pdf,02_Lecture_Slides/MIT6_042JS16_ThePigeonhol.pdf,contents/lecture-slides/MIT6_042JS16_ThePigeonhol.pdf,https://ocw.mit.edu/courses/electrical-engineering-and-computer-science/6-042j-mathematics-for-computer-science-spring-2015/lecture-slides/MIT6_042JS16_ThePigeonhol.pdf,Official later/replacement 2016 slide deck bundled with the Spring 2015 OCW package,2016,pdf,4,597670,d480011d92a38f93e033ed8260c91cbef46139e696e70571765aa5cb5a67875e
slide-MIT6_042JS15_SampleSpaces,lecture_slide,28,4,4.1.5,Sample Spaces,MIT6_042JS15_SampleSpaces.pdf,02_Lecture_Slides/MIT6_042JS15_SampleSpaces.pdf,contents/lecture-slides/MIT6_042JS15_SampleSpaces.pdf,https://ocw.mit.edu/courses/electrical-engineering-and-computer-science/6-042j-mathematics-for-computer-science-spring-2015/lecture-slides/MIT6_042JS15_SampleSpaces.pdf,Official Spring 2015 slide deck,2015,pdf,3,136801,5543c2fddabc540061f3ee6a871f2f57dfb720a8a07c67a9fe3d1ff9c3002bc1
slide-MIT6_042JS15_SmplifiedMonty,lecture_slide,28,4,4.1.3,Simplified Monty Hall Tree,MIT6_042JS15_SmplifiedMonty.pdf,02_Lecture_Slides/MIT6_042JS15_SmplifiedMonty.pdf,contents/lecture-slides/MIT6_042JS15_SmplifiedMonty.pdf,https://ocw.mit.edu/courses/electrical-engineering-and-computer-science/6-042j-mathematics-for-computer-science-spring-2015/lecture-slides/MIT6_042JS15_SmplifiedMonty.pdf,Official Spring 2015 slide deck,2015,pdf,3,131914,4ad324cf15a388058fa807496d16595e22296e6593ee365fd892f0f87c9e90b8
slide-MIT6_042JS15_tree_model,lecture_slide,28,4,4.1.1,Tree Model,MIT6_042JS15_tree_model.pdf,02_Lecture_Slides/MIT6_042JS15_tree_model.pdf,contents/lecture-slides/MIT6_042JS15_tree_model.pdf,https://ocw.mit.edu/courses/electrical-engineering-and-computer-science/6-042j-mathematics-for-computer-science-spring-2015/lecture-slides/MIT6_042JS15_tree_model.pdf,Official Spring 2015 slide deck,2015,pdf,7,179590,b2aa88a77f2c0b1bf6cff0eac8a601e571ca97092864f641ca6a1bdb831a3dcb
slide-MIT6_042JS15_BayesTheorm,lecture_slide,29,4,4.2.5,Bayes' Theorem,MIT6_042JS15_BayesTheorm.pdf,02_Lecture_Slides/MIT6_042JS15_BayesTheorm.pdf,contents/lecture-slides/MIT6_042JS15_BayesTheorm.pdf,https://ocw.mit.edu/courses/electrical-engineering-and-computer-science/6-042j-mathematics-for-computer-science-spring-2015/lecture-slides/MIT6_042JS15_BayesTheorm.pdf,Official Spring 2015 slide deck,2015,pdf,8,148055,e119e09f7476ac7f55fc1879c14a23c0315c9e0aca8bfcf8bb4616f8f2c48fe1
slide-MIT6_042JS15_ConditProbability,lecture_slide,29,4,4.2.1,Conditional Probability,MIT6_042JS15_ConditProbability.pdf,02_Lecture_Slides/MIT6_042JS15_ConditProbability.pdf,contents/lecture-slides/MIT6_042JS15_ConditProbability.pdf,https://ocw.mit.edu/courses/electrical-engineering-and-computer-science/6-042j-mathematics-for-computer-science-spring-2015/lecture-slides/MIT6_042JS15_ConditProbability.pdf,Official Spring 2015 slide deck,2015,pdf,5,173213,f477a1ab71d34de7415470b99d4f68aae07e88b3343aea5b4c8bd29566355eba
slide-MIT6_042JS15_LawTotalProbab,lecture_slide,29,4,4.2.3,Law Of Total Probability,MIT6_042JS15_LawTotalProbab.pdf,02_Lecture_Slides/MIT6_042JS15_LawTotalProbab.pdf,contents/lecture-slides/MIT6_042JS15_LawTotalProbab.pdf,https://ocw.mit.edu/courses/electrical-engineering-and-computer-science/6-042j-mathematics-for-computer-science-spring-2015/lecture-slides/MIT6_042JS15_LawTotalProbab.pdf,Official Spring 2015 slide deck,2015,pdf,3,134921,24c32255b66c9f4f0f735d25aaef5151c4f3d7d019013726ea942556e5b30f04
slide-MIT6_042JS15_MontyHallConfus,lecture_slide,29,4,4.2.7,Monty Hall Problem,MIT6_042JS15_MontyHallConfus.pdf,02_Lecture_Slides/MIT6_042JS15_MontyHallConfus.pdf,contents/lecture-slides/MIT6_042JS15_MontyHallConfus.pdf,https://ocw.mit.edu/courses/electrical-engineering-and-computer-science/6-042j-mathematics-for-computer-science-spring-2015/lecture-slides/MIT6_042JS15_MontyHallConfus.pdf,Official Spring 2015 slide deck,2015,pdf,8,191800,8d98c787fd1a1ab45d3004dac11936b07ac6b461ec157cee145393edb1768b5e
slide-MIT6_042JS16_WellOrdering1,lecture_slide,3,1,1.3.1,Well Ordering Principle 1,MIT6_042JS16_WellOrdering1.pdf,02_Lecture_Slides/MIT6_042JS16_WellOrdering1.pdf,contents/lecture-slides/MIT6_042JS16_WellOrdering1.pdf,https://ocw.mit.edu/courses/electrical-engineering-and-computer-science/6-042j-mathematics-for-computer-science-spring-2015/lecture-slides/MIT6_042JS16_WellOrdering1.pdf,Official later/replacement 2016 slide deck bundled with the Spring 2015 OCW package,2016,pdf,3,148613,611283b2709dbc1f6104b3350a80f1471c0a2a2ac7434368ab1c5e910010c8ac
slide-MIT6_042JS16_WellOrdering2,lecture_slide,3,1,1.3.3,Well Ordering Principle 2,MIT6_042JS16_WellOrdering2.pdf,02_Lecture_Slides/MIT6_042JS16_WellOrdering2.pdf,contents/lecture-slides/MIT6_042JS16_WellOrdering2.pdf,https://ocw.mit.edu/courses/electrical-engineering-and-computer-science/6-042j-mathematics-for-computer-science-spring-2015/lecture-slides/MIT6_042JS16_WellOrdering2.pdf,Official later/replacement 2016 slide deck bundled with the Spring 2015 OCW package,2016,pdf,3,612140,f7edada7e5ea57891c1eff3600039741d7ce9aadc0e63357cb323f53c4f97f48
slide-MIT6_042JS16_WellOrdering3,lecture_slide,3,1,1.3.5,Well Ordering Principle 3,MIT6_042JS16_WellOrdering3.pdf,02_Lecture_Slides/MIT6_042JS16_WellOrdering3.pdf,contents/lecture-slides/MIT6_042JS16_WellOrdering3.pdf,https://ocw.mit.edu/courses/electrical-engineering-and-computer-science/6-042j-mathematics-for-computer-science-spring-2015/lecture-slides/MIT6_042JS16_WellOrdering3.pdf,Official later/replacement 2016 slide deck bundled with the Spring 2015 OCW package,2016,pdf,2,654637,61fb14c75bdf7deac6c2d8eca8aa181b747fc962da45e2493a5a678eb49aa25f
slide-MIT6_042JS15_Independence,lecture_slide,30,4,4.3.1,Independence,MIT6_042JS15_Independence.pdf,02_Lecture_Slides/MIT6_042JS15_Independence.pdf,contents/lecture-slides/MIT6_042JS15_Independence.pdf,https://ocw.mit.edu/courses/electrical-engineering-and-computer-science/6-042j-mathematics-for-computer-science-spring-2015/lecture-slides/MIT6_042JS15_Independence.pdf,Official Spring 2015 slide deck,2015,pdf,4,132782,34394a72b5c9be0f5f09be82d9bc72376f3f3198cb055cae8e3552c2658aee30
slide-MIT6_042JS15_MutualIndepend,lecture_slide,30,4,4.3.3,Mutual Independence,MIT6_042JS15_MutualIndepend.pdf,02_Lecture_Slides/MIT6_042JS15_MutualIndepend.pdf,contents/lecture-slides/MIT6_042JS15_MutualIndepend.pdf,https://ocw.mit.edu/courses/electrical-engineering-and-computer-science/6-042j-mathematics-for-computer-science-spring-2015/lecture-slides/MIT6_042JS15_MutualIndepend.pdf,Official Spring 2015 slide deck,2015,pdf,5,167270,9a5681041632ab77743fe72509b9ff512e70c2b0beefddfd73da3f96f4f53063
slide-MIT6_042JS15_BigerNmberGme,lecture_slide,31,4,4.4.1,Bigger Number Game,MIT6_042JS15_BigerNmberGme.pdf,02_Lecture_Slides/MIT6_042JS15_BigerNmberGme.pdf,contents/lecture-slides/MIT6_042JS15_BigerNmberGme.pdf,https://ocw.mit.edu/courses/electrical-engineering-and-computer-science/6-042j-mathematics-for-computer-science-spring-2015/lecture-slides/MIT6_042JS15_BigerNmberGme.pdf,Official Spring 2015 slide deck,2015,pdf,6,158042,e012df02aced72b097ca921878cfd8dcc9cb67d41e1ca0e7a70156d623422808
slide-MIT6_042JS15_RandomVaribles,lecture_slide,31,4,4.4.2,Random Variables: Independence,MIT6_042JS15_RandomVaribles.pdf,02_Lecture_Slides/MIT6_042JS15_RandomVaribles.pdf,contents/lecture-slides/MIT6_042JS15_RandomVaribles.pdf,https://ocw.mit.edu/courses/electrical-engineering-and-computer-science/6-042j-mathematics-for-computer-science-spring-2015/lecture-slides/MIT6_042JS15_RandomVaribles.pdf,Official Spring 2015 slide deck,2015,pdf,5,161493,a84369adfc9adde036067f0856dcb699ae65c524b90fe16a76e3c7dbb5d51c94
slide-MIT6_042JS15_UniformBinomial,lecture_slide,31,4,4.4.4,Random Variables: Uniform & Binomial,MIT6_042JS15_UniformBinomial.pdf,02_Lecture_Slides/MIT6_042JS15_UniformBinomial.pdf,contents/lecture-slides/MIT6_042JS15_UniformBinomial.pdf,https://ocw.mit.edu/courses/electrical-engineering-and-computer-science/6-042j-mathematics-for-computer-science-spring-2015/lecture-slides/MIT6_042JS15_UniformBinomial.pdf,Official Spring 2015 slide deck,2015,pdf,5,168470,84f4e311aa4dbca5e9ef29ee5eb11b22617a9a4a9093914149277e931431acb6
slide-MIT6_042JS15_ExpectNumber,lecture_slide,32,4,4.5.3,Expected Number Of Heads,MIT6_042JS15_ExpectNumber.pdf,02_Lecture_Slides/MIT6_042JS15_ExpectNumber.pdf,contents/lecture-slides/MIT6_042JS15_ExpectNumber.pdf,https://ocw.mit.edu/courses/electrical-engineering-and-computer-science/6-042j-mathematics-for-computer-science-spring-2015/lecture-slides/MIT6_042JS15_ExpectNumber.pdf,Official Spring 2015 slide deck,2015,pdf,4,146219,4c6068470e718d00c6da39274f8c303483527f047272403ccaadc8d724f25e1f
slide-MIT6_042JS15_Expectation,lecture_slide,32,4,4.5.1,Expectation,MIT6_042JS15_Expectation.pdf,02_Lecture_Slides/MIT6_042JS15_Expectation.pdf,contents/lecture-slides/MIT6_042JS15_Expectation.pdf,https://ocw.mit.edu/courses/electrical-engineering-and-computer-science/6-042j-mathematics-for-computer-science-spring-2015/lecture-slides/MIT6_042JS15_Expectation.pdf,Official Spring 2015 slide deck,2015,pdf,9,206719,5f8e0c52871ea23c24188f070fb36d825ee0d81031224c7849aa392c68c38e47
slide-MIT6_042JS15_LinearityExpect,lecture_slide,32,4,4.5.9,Linearity Of Expectation,MIT6_042JS15_LinearityExpect.pdf,02_Lecture_Slides/MIT6_042JS15_LinearityExpect.pdf,contents/lecture-slides/MIT6_042JS15_LinearityExpect.pdf,https://ocw.mit.edu/courses/electrical-engineering-and-computer-science/6-042j-mathematics-for-computer-science-spring-2015/lecture-slides/MIT6_042JS15_LinearityExpect.pdf,Official Spring 2015 slide deck,2015,pdf,7,169753,2d0cf76dc24c0d915397dc3b83f2b68021967c3d1b249d71a3da98bb87e40cad
slide-MIT6_042JS15_MeanTimeFailure,lecture_slide,32,4,4.5.7,Mean Time To Failure,MIT6_042JS15_MeanTimeFailure.pdf,02_Lecture_Slides/MIT6_042JS15_MeanTimeFailure.pdf,contents/lecture-slides/MIT6_042JS15_MeanTimeFailure.pdf,https://ocw.mit.edu/courses/electrical-engineering-and-computer-science/6-042j-mathematics-for-computer-science-spring-2015/lecture-slides/MIT6_042JS15_MeanTimeFailure.pdf,Official Spring 2015 slide deck,2015,pdf,5,139366,2c7ba209f65e570f28ea9c920e7dbce4c337d93a5176c7e88f0cd6740f771ab7
slide-MIT6_042JS15_TotalExpectatn,lecture_slide,32,4,4.5.5,Total Expectation,MIT6_042JS15_TotalExpectatn.pdf,02_Lecture_Slides/MIT6_042JS15_TotalExpectatn.pdf,contents/lecture-slides/MIT6_042JS15_TotalExpectatn.pdf,https://ocw.mit.edu/courses/electrical-engineering-and-computer-science/6-042j-mathematics-for-computer-science-spring-2015/lecture-slides/MIT6_042JS15_TotalExpectatn.pdf,Official Spring 2015 slide deck,2015,pdf,3,134052,581ff8706b17237712a56efb4f385a44e1720970f4bde4fbf4629b77a2d9db26
slide-MIT6_042JS15_ChebyhevBouds,lecture_slide,33,4,4.6.5,Chebyshev Bounds,MIT6_042JS15_ChebyhevBouds.pdf,02_Lecture_Slides/MIT6_042JS15_ChebyhevBouds.pdf,contents/lecture-slides/MIT6_042JS15_ChebyhevBouds.pdf,https://ocw.mit.edu/courses/electrical-engineering-and-computer-science/6-042j-mathematics-for-computer-science-spring-2015/lecture-slides/MIT6_042JS15_ChebyhevBouds.pdf,Official Spring 2015 slide deck,2015,pdf,4,173330,846319a5e8199e9816296fcc72d605b4d7e81628a000e0bc69c20302c2fd14d0
slide-MIT6_042JS15_DeviatTheMean,lecture_slide,33,4,4.6.1,Deviation From The Mean,MIT6_042JS15_DeviatTheMean.pdf,02_Lecture_Slides/MIT6_042JS15_DeviatTheMean.pdf,contents/lecture-slides/MIT6_042JS15_DeviatTheMean.pdf,https://ocw.mit.edu/courses/electrical-engineering-and-computer-science/6-042j-mathematics-for-computer-science-spring-2015/lecture-slides/MIT6_042JS15_DeviatTheMean.pdf,Official Spring 2015 slide deck,2015,pdf,4,139848,f2c3e23c01a54955da4003bc3318b7b1a286c330e429bf3af0a2aa55a2ae6ac0
slide-MIT6_042JS15_MarkovBounds,lecture_slide,33,4,4.6.3,Markov Bounds,MIT6_042JS15_MarkovBounds.pdf,02_Lecture_Slides/MIT6_042JS15_MarkovBounds.pdf,contents/lecture-slides/MIT6_042JS15_MarkovBounds.pdf,https://ocw.mit.edu/courses/electrical-engineering-and-computer-science/6-042j-mathematics-for-computer-science-spring-2015/lecture-slides/MIT6_042JS15_MarkovBounds.pdf,Official Spring 2015 slide deck,2015,pdf,4,138477,dc53c9817f9b7ac4c1b5d02bdde9b2edc3a57aa02bfb32ad3f22f196e30c8d92
slide-MIT6_042JS15_Variance,lecture_slide,33,4,4.6.7,Variance,MIT6_042JS15_Variance.pdf,02_Lecture_Slides/MIT6_042JS15_Variance.pdf,contents/lecture-slides/MIT6_042JS15_Variance.pdf,https://ocw.mit.edu/courses/electrical-engineering-and-computer-science/6-042j-mathematics-for-computer-science-spring-2015/lecture-slides/MIT6_042JS15_Variance.pdf,Official Spring 2015 slide deck,2015,pdf,6,160607,77d14056c020b6d146a2f4bf60de393302c87d22eff63effd98e555b287dbe93
slide-MIT6_042JS15_Birthday,lecture_slide,34,4,4.7.5,Birthday Matching,MIT6_042JS15_Birthday.pdf,02_Lecture_Slides/MIT6_042JS15_Birthday.pdf,contents/lecture-slides/MIT6_042JS15_Birthday.pdf,https://ocw.mit.edu/courses/electrical-engineering-and-computer-science/6-042j-mathematics-for-computer-science-spring-2015/lecture-slides/MIT6_042JS15_Birthday.pdf,Official Spring 2015 slide deck,2015,pdf,4,159027,092aa2380515532af748aec32b94bb66291f5814fe925d705cf120f047c8028d
slide-MIT6_042JS15_IndependSmpling,lecture_slide,34,4,4.7.3,Independent Sampling Theorem,MIT6_042JS15_IndependSmpling.pdf,02_Lecture_Slides/MIT6_042JS15_IndependSmpling.pdf,contents/lecture-slides/MIT6_042JS15_IndependSmpling.pdf,https://ocw.mit.edu/courses/electrical-engineering-and-computer-science/6-042j-mathematics-for-computer-science-spring-2015/lecture-slides/MIT6_042JS15_IndependSmpling.pdf,Official Spring 2015 slide deck,2015,pdf,4,158811,0bbb6d596a8e120509317d7fe73c3867ff0bf308d9e989cf65980bcba9ee5f17
slide-MIT6_042JS15_LawLrgeNumbr,lecture_slide,34,4,4.7.1,Law of Large Numbers,MIT6_042JS15_LawLrgeNumbr.pdf,02_Lecture_Slides/MIT6_042JS15_LawLrgeNumbr.pdf,contents/lecture-slides/MIT6_042JS15_LawLrgeNumbr.pdf,https://ocw.mit.edu/courses/electrical-engineering-and-computer-science/6-042j-mathematics-for-computer-science-spring-2015/lecture-slides/MIT6_042JS15_LawLrgeNumbr.pdf,Official Spring 2015 slide deck,2015,pdf,7,175433,10ef0d606127c9181e405d1721ca286f0f6f7292bc63f2921b401979641c692c
slide-MIT6_042JS15_SmplingConfid,lecture_slide,34,4,4.7.7,Sampling and Confidence,MIT6_042JS15_SmplingConfid.pdf,02_Lecture_Slides/MIT6_042JS15_SmplingConfid.pdf,contents/lecture-slides/MIT6_042JS15_SmplingConfid.pdf,https://ocw.mit.edu/courses/electrical-engineering-and-computer-science/6-042j-mathematics-for-computer-science-spring-2015/lecture-slides/MIT6_042JS15_SmplingConfid.pdf,Official Spring 2015 slide deck,2015,pdf,6,198815,6e8d158ba16f37e9298e4af6b0eada636a402d906eb0756b8c8e2247f478de7f
slide-MIT6_042JS15_Pagerank,lecture_slide,35,4,4.8.3,Pagerank,MIT6_042JS15_Pagerank.pdf,02_Lecture_Slides/MIT6_042JS15_Pagerank.pdf,contents/lecture-slides/MIT6_042JS15_Pagerank.pdf,https://ocw.mit.edu/courses/electrical-engineering-and-computer-science/6-042j-mathematics-for-computer-science-spring-2015/lecture-slides/MIT6_042JS15_Pagerank.pdf,Official Spring 2015 slide deck,2015,pdf,4,143259,9e500fab0f254ffd556718d60e459409239095ccf8b25252fef3d9bdb9474a85
slide-MIT6_042JS15_RandomWalks,lecture_slide,35,4,4.8.1,Random Walks,MIT6_042JS15_RandomWalks.pdf,02_Lecture_Slides/MIT6_042JS15_RandomWalks.pdf,contents/lecture-slides/MIT6_042JS15_RandomWalks.pdf,https://ocw.mit.edu/courses/electrical-engineering-and-computer-science/6-042j-mathematics-for-computer-science-spring-2015/lecture-slides/MIT6_042JS15_RandomWalks.pdf,Official Spring 2015 slide deck,2015,pdf,5,163092,26f51a29c1d61523f3adac0d33ed19ebe4dd0a4da6264bd4985e8917bdf5e24e
slide-MIT6_042JS15_StatinaryDist,lecture_slide,35,4,4.8.2,Stationary Distributions,MIT6_042JS15_StatinaryDist.pdf,02_Lecture_Slides/MIT6_042JS15_StatinaryDist.pdf,contents/lecture-slides/MIT6_042JS15_StatinaryDist.pdf,https://ocw.mit.edu/courses/electrical-engineering-and-computer-science/6-042j-mathematics-for-computer-science-spring-2015/lecture-slides/MIT6_042JS15_StatinaryDist.pdf,Official Spring 2015 slide deck,2015,pdf,6,535167,91fd20f45a9f615d66a11792774f1ac1c5f79d9f063a8e403da7523a6371eaef
slide-MIT6_042JS16_DigitalLogic,lecture_slide,4,1,1.4.3,Digital Logic,MIT6_042JS16_DigitalLogic.pdf,02_Lecture_Slides/MIT6_042JS16_DigitalLogic.pdf,contents/lecture-slides/MIT6_042JS16_DigitalLogic.pdf,https://ocw.mit.edu/courses/electrical-engineering-and-computer-science/6-042j-mathematics-for-computer-science-spring-2015/lecture-slides/MIT6_042JS16_DigitalLogic.pdf,Official later/replacement 2016 slide deck bundled with the Spring 2015 OCW package,2016,pdf,4,173130,099ca804f89d09a8ab2d1d9bf119ee69b2e7c32348ec260b0b71422d931403fe
slide-MIT6_042JS16_Implies,lecture_slide,4,1,1.4.6,Implies,MIT6_042JS16_Implies.pdf,02_Lecture_Slides/MIT6_042JS16_Implies.pdf,contents/lecture-slides/MIT6_042JS16_Implies.pdf,https://ocw.mit.edu/courses/electrical-engineering-and-computer-science/6-042j-mathematics-for-computer-science-spring-2015/lecture-slides/MIT6_042JS16_Implies.pdf,Official later/replacement 2016 slide deck bundled with the Spring 2015 OCW package,2016,pdf,4,127855,d7e7512c114f2c61bc5906a0664a25fe17f4df163d129d9c9a1b2591ce3b91d7
slide-MIT6_042JS16_PropositLogic,lecture_slide,4,1,1.4.7,Propositional Logic,MIT6_042JS16_PropositLogic.pdf,02_Lecture_Slides/MIT6_042JS16_PropositLogic.pdf,contents/lecture-slides/MIT6_042JS16_PropositLogic.pdf,https://ocw.mit.edu/courses/electrical-engineering-and-computer-science/6-042j-mathematics-for-computer-science-spring-2015/lecture-slides/MIT6_042JS16_PropositLogic.pdf,Official later/replacement 2016 slide deck bundled with the Spring 2015 OCW package,2016,pdf,7,628530,1573ced58b18e9b4df6085f45eb006c7372f70ef2ffd1f86c78575db9f56f4c4
slide-MIT6_042JS16_PropositOper,lecture_slide,4,1,1.4.1,Propositional Operators,MIT6_042JS16_PropositOper.pdf,02_Lecture_Slides/MIT6_042JS16_PropositOper.pdf,contents/lecture-slides/MIT6_042JS16_PropositOper.pdf,https://ocw.mit.edu/courses/electrical-engineering-and-computer-science/6-042j-mathematics-for-computer-science-spring-2015/lecture-slides/MIT6_042JS16_PropositOper.pdf,Official later/replacement 2016 slide deck bundled with the Spring 2015 OCW package,2016,pdf,4,139040,790b35769abec87c3859cf790f00fc67c21077e6c629457af979d53c1ce9e29d
slide-MIT6_042JS16_TruthTables,lecture_slide,4,1,1.4.4,Truth Tables,MIT6_042JS16_TruthTables.pdf,02_Lecture_Slides/MIT6_042JS16_TruthTables.pdf,contents/lecture-slides/MIT6_042JS16_TruthTables.pdf,https://ocw.mit.edu/courses/electrical-engineering-and-computer-science/6-042j-mathematics-for-computer-science-spring-2015/lecture-slides/MIT6_042JS16_TruthTables.pdf,Official later/replacement 2016 slide deck bundled with the Spring 2015 OCW package,2016,pdf,5,160350,47d8cf3855e2152ce8ac21cabe4c68e3a2028a2778c0373048a12ede7b7cadb7
slide-MIT6_042JS16_Predicate1,lecture_slide,5,1,1.5.1,Predicate Logic 1,MIT6_042JS16_Predicate1.pdf,02_Lecture_Slides/MIT6_042JS16_Predicate1.pdf,contents/lecture-slides/MIT6_042JS16_Predicate1.pdf,https://ocw.mit.edu/courses/electrical-engineering-and-computer-science/6-042j-mathematics-for-computer-science-spring-2015/lecture-slides/MIT6_042JS16_Predicate1.pdf,Official later/replacement 2016 slide deck bundled with the Spring 2015 OCW package,2016,pdf,3,158973,a4bd5aad0d8dc5239523e3006d25c24cb053ddfe6be38655d8eaa5ed2caf5d74
slide-MIT6_042JS16_Predicate2,lecture_slide,5,1,1.5.2,Predicate Logic 2,MIT6_042JS16_Predicate2.pdf,02_Lecture_Slides/MIT6_042JS16_Predicate2.pdf,contents/lecture-slides/MIT6_042JS16_Predicate2.pdf,https://ocw.mit.edu/courses/electrical-engineering-and-computer-science/6-042j-mathematics-for-computer-science-spring-2015/lecture-slides/MIT6_042JS16_Predicate2.pdf,Official later/replacement 2016 slide deck bundled with the Spring 2015 OCW package,2016,pdf,3,133345,beb886e5fba893433165715b48d1917e06f9af73ebb40b36008a0149a4a2ec63
slide-MIT6_042JS16_Predicate3,lecture_slide,5,1,1.5.4,Predicate Logic 3,MIT6_042JS16_Predicate3.pdf,02_Lecture_Slides/MIT6_042JS16_Predicate3.pdf,contents/lecture-slides/MIT6_042JS16_Predicate3.pdf,https://ocw.mit.edu/courses/electrical-engineering-and-computer-science/6-042j-mathematics-for-computer-science-spring-2015/lecture-slides/MIT6_042JS16_Predicate3.pdf,Official later/replacement 2016 slide deck bundled with the Spring 2015 OCW package,2016,pdf,3,135721,7307df210bd6b056b4f831768d393150418c78768f727f897766e4d3999ee955
slide-MIT6_042JS16_SetsDefinit,lecture_slide,6,1,1.6.1,Sets Definition,MIT6_042JS16_SetsDefinit.pdf,02_Lecture_Slides/MIT6_042JS16_SetsDefinit.pdf,contents/lecture-slides/MIT6_042JS16_SetsDefinit.pdf,https://ocw.mit.edu/courses/electrical-engineering-and-computer-science/6-042j-mathematics-for-computer-science-spring-2015/lecture-slides/MIT6_042JS16_SetsDefinit.pdf,Official later/replacement 2016 slide deck bundled with the Spring 2015 OCW package,2016,pdf,5,992692,60b4bef4d945a03c4e94f7248082133ff75fb033a5b7cf7e0ffee065554bb013
slide-MIT6_042JS16_SetsOperation,lecture_slide,6,1,1.6.2,Sets Operation,MIT6_042JS16_SetsOperation.pdf,02_Lecture_Slides/MIT6_042JS16_SetsOperation.pdf,contents/lecture-slides/MIT6_042JS16_SetsOperation.pdf,https://ocw.mit.edu/courses/electrical-engineering-and-computer-science/6-042j-mathematics-for-computer-science-spring-2015/lecture-slides/MIT6_042JS16_SetsOperation.pdf,Official later/replacement 2016 slide deck bundled with the Spring 2015 OCW package,2016,pdf,4,181783,22256f19a67dd152de04716703f5813bfc69957537da86328913f2f1223e1eff
slide-MIT6_042JS16_FiniteCardi,lecture_slide,7,1,1.7.5,Finite Cardinality,MIT6_042JS16_FiniteCardi.pdf,02_Lecture_Slides/MIT6_042JS16_FiniteCardi.pdf,contents/lecture-slides/MIT6_042JS16_FiniteCardi.pdf,https://ocw.mit.edu/courses/electrical-engineering-and-computer-science/6-042j-mathematics-for-computer-science-spring-2015/lecture-slides/MIT6_042JS16_FiniteCardi.pdf,Official later/replacement 2016 slide deck bundled with the Spring 2015 OCW package,2016,pdf,6,622587,05bca6d7df694c15e4e342e5c8ae09455189977f7563a256b9ae3e08da92df6b
slide-MIT6_042JS16_RelationalMap,lecture_slide,7,1,1.7.3,Relational Mapping,MIT6_042JS16_RelationalMap.pdf,02_Lecture_Slides/MIT6_042JS16_RelationalMap.pdf,contents/lecture-slides/MIT6_042JS16_RelationalMap.pdf,https://ocw.mit.edu/courses/electrical-engineering-and-computer-science/6-042j-mathematics-for-computer-science-spring-2015/lecture-slides/MIT6_042JS16_RelationalMap.pdf,Official later/replacement 2016 slide deck bundled with the Spring 2015 OCW package,2016,pdf,5,205523,07d461dd98bb109b529a39357ddb04b40f3fc5d4a10995f013726d0a0880d6ed
slide-MIT6_042JS16_Relations,lecture_slide,7,1,1.7.1,Relations,MIT6_042JS16_Relations.pdf,02_Lecture_Slides/MIT6_042JS16_Relations.pdf,contents/lecture-slides/MIT6_042JS16_Relations.pdf,https://ocw.mit.edu/courses/electrical-engineering-and-computer-science/6-042j-mathematics-for-computer-science-spring-2015/lecture-slides/MIT6_042JS16_Relations.pdf,Official later/replacement 2016 slide deck bundled with the Spring 2015 OCW package,2016,pdf,9,188098,08f97bd43a16bb6a2689f08240c78eb6084ab2b4591cc8859a4676ace447b987
slide-MIT6_042JS16_BogusInductn,lecture_slide,8,1,1.8.2,Bogus Induction,MIT6_042JS16_BogusInductn.pdf,02_Lecture_Slides/MIT6_042JS16_BogusInductn.pdf,contents/lecture-slides/MIT6_042JS16_BogusInductn.pdf,https://ocw.mit.edu/courses/electrical-engineering-and-computer-science/6-042j-mathematics-for-computer-science-spring-2015/lecture-slides/MIT6_042JS16_BogusInductn.pdf,Official later/replacement 2016 slide deck bundled with the Spring 2015 OCW package,2016,pdf,3,751666,3f9058a5136dfd9e3d5c82e5d9dfddc7d3822a2f2510bd59301382d04f095f98
slide-MIT6_042JS16_Induction,lecture_slide,8,1,1.8.1,Induction,MIT6_042JS16_Induction.pdf,02_Lecture_Slides/MIT6_042JS16_Induction.pdf,contents/lecture-slides/MIT6_042JS16_Induction.pdf,https://ocw.mit.edu/courses/electrical-engineering-and-computer-science/6-042j-mathematics-for-computer-science-spring-2015/lecture-slides/MIT6_042JS16_Induction.pdf,Official later/replacement 2016 slide deck bundled with the Spring 2015 OCW package,2016,pdf,8,236325,c006483f745c88325182a883145e8e49dca88c35c385ea7ad5f78b4664863f99
slide-MIT6_042JS16_StrongInduct,lecture_slide,8,1,1.8.4,Strong Induction,MIT6_042JS16_StrongInduct.pdf,02_Lecture_Slides/MIT6_042JS16_StrongInduct.pdf,contents/lecture-slides/MIT6_042JS16_StrongInduct.pdf,https://ocw.mit.edu/courses/electrical-engineering-and-computer-science/6-042j-mathematics-for-computer-science-spring-2015/lecture-slides/MIT6_042JS16_StrongInduct.pdf,Official later/replacement 2016 slide deck bundled with the Spring 2015 OCW package,2016,pdf,5,735465,7be30693294d1cd9f25fe7860a865dc12f2e2a1bb95f06baec7236c56a0cf041
slide-MIT6_042JS16_WOPvsInductn,lecture_slide,8,1,1.8.6,Ordinary Induction vs Strong Induction vs WOP,MIT6_042JS16_WOPvsInductn.pdf,02_Lecture_Slides/MIT6_042JS16_WOPvsInductn.pdf,contents/lecture-slides/MIT6_042JS16_WOPvsInductn.pdf,https://ocw.mit.edu/courses/electrical-engineering-and-computer-science/6-042j-mathematics-for-computer-science-spring-2015/lecture-slides/MIT6_042JS16_WOPvsInductn.pdf,Official later/replacement 2016 slide deck bundled with the Spring 2015 OCW package,2016,pdf,3,605971,ac457d7ebfd552cb5b25ce59e333939fdece2dc7021e8efc451133624a1b835d
slide-MIT6_042JS16_DerivedVaria,lecture_slide,9,1,1.9.3,Derived Variables,MIT6_042JS16_DerivedVaria.pdf,02_Lecture_Slides/MIT6_042JS16_DerivedVaria.pdf,contents/lecture-slides/MIT6_042JS16_DerivedVaria.pdf,https://ocw.mit.edu/courses/electrical-engineering-and-computer-science/6-042j-mathematics-for-computer-science-spring-2015/lecture-slides/MIT6_042JS16_DerivedVaria.pdf,Official later/replacement 2016 slide deck bundled with the Spring 2015 OCW package,2016,pdf,5,976162,d8bf2d1754a9dc91b7c82ca76d7ea8ccbaa27627b1258521800cf90600376224
slide-MIT6_042JS16_StateMachine,lecture_slide,9,1,1.9.1,State Machine Invariants,MIT6_042JS16_StateMachine.pdf,02_Lecture_Slides/MIT6_042JS16_StateMachine.pdf,contents/lecture-slides/MIT6_042JS16_StateMachine.pdf,https://ocw.mit.edu/courses/electrical-engineering-and-computer-science/6-042j-mathematics-for-computer-science-spring-2015/lecture-slides/MIT6_042JS16_StateMachine.pdf,Official later/replacement 2016 slide deck bundled with the Spring 2015 OCW package,2016,pdf,10,303030,80058c9e6397918a3403f05956139e7bd6aa86ef3b92b03ddd46b72280e0da8f
problem-set-1,problem_set,1-4,1,,Problem Set 1,MIT6_042JS15_ps1.pdf,06_Problem_Sets/MIT6_042JS15_ps1.pdf,contents/assignments/MIT6_042JS15_ps1.pdf,https://ocw.mit.edu/courses/electrical-engineering-and-computer-science/6-042j-mathematics-for-computer-science-spring-2015/assignments/MIT6_042JS15_ps1.pdf,Official MIT OCW Spring 2015 course package,2015,pdf,4,292069,296f45a52002ecc474d1bc6db64b687bc85e9a70cf594023395dcd32cddd0a4f
problem-set-5,problem_set,12-14,2,,Problem Set 5,MIT6_042JS15_ps5.pdf,06_Problem_Sets/MIT6_042JS15_ps5.pdf,contents/assignments/MIT6_042JS15_ps5.pdf,https://ocw.mit.edu/courses/electrical-engineering-and-computer-science/6-042j-mathematics-for-computer-science-spring-2015/assignments/MIT6_042JS15_ps5.pdf,Official MIT OCW Spring 2015 course package,2015,pdf,3,240829,968d75dfde49bfeb4cf9b727691215f8f3013218b92f7dd2b5a27a36789a424e
problem-set-6,problem_set,15-16,2,,Problem Set 6,MIT6_042JS15_ps6.pdf,06_Problem_Sets/MIT6_042JS15_ps6.pdf,contents/assignments/MIT6_042JS15_ps6.pdf,https://ocw.mit.edu/courses/electrical-engineering-and-computer-science/6-042j-mathematics-for-computer-science-spring-2015/assignments/MIT6_042JS15_ps6.pdf,Official MIT OCW Spring 2015 course package,2015,pdf,3,245136,ea4d03b7b9565ffff138fab84f6d792a04bba0de257690071d2d8e32a8932748
problem-set-7,problem_set,17-19,2,,Problem Set 7,MIT6_042JS15_ps7.pdf,06_Problem_Sets/MIT6_042JS15_ps7.pdf,contents/assignments/MIT6_042JS15_ps7.pdf,https://ocw.mit.edu/courses/electrical-engineering-and-computer-science/6-042j-mathematics-for-computer-science-spring-2015/assignments/MIT6_042JS15_ps7.pdf,Official MIT OCW Spring 2015 course package,2015,pdf,4,277569,d13092fdd041c61bfc24e023d0792cee1ad8f75a8b7f4dc36bea9ebac0d872a4
problem-set-8,problem_set,20-22,2,,Problem Set 8,MIT6_042JS15_ps8.pdf,06_Problem_Sets/MIT6_042JS15_ps8.pdf,contents/assignments/MIT6_042JS15_ps8.pdf,https://ocw.mit.edu/courses/electrical-engineering-and-computer-science/6-042j-mathematics-for-computer-science-spring-2015/assignments/MIT6_042JS15_ps8.pdf,Official MIT OCW Spring 2015 course package,2015,pdf,3,232928,9e582132b94a97b03935c748a1ee427eba82d225feff71ce1dcc4cfe697c9f93
problem-set-9,problem_set,23-24,3,,Problem Set 9,MIT6_042JS15_ps9.pdf,06_Problem_Sets/MIT6_042JS15_ps9.pdf,contents/assignments/MIT6_042JS15_ps9.pdf,https://ocw.mit.edu/courses/electrical-engineering-and-computer-science/6-042j-mathematics-for-computer-science-spring-2015/assignments/MIT6_042JS15_ps9.pdf,Official MIT OCW Spring 2015 course package,2015,pdf,2,194541,bf796a1b3864a214e5714ad246af6dd3b0b5be929903e25c3d82d29c43bd482d
problem-set-10,problem_set,25-27,3,,Problem Set 10,MIT6_042JS15_ps10.pdf,06_Problem_Sets/MIT6_042JS15_ps10.pdf,contents/assignments/MIT6_042JS15_ps10.pdf,https://ocw.mit.edu/courses/electrical-engineering-and-computer-science/6-042j-mathematics-for-computer-science-spring-2015/assignments/MIT6_042JS15_ps10.pdf,Official MIT OCW Spring 2015 course package,2015,pdf,3,239206,e130add3d37e8e46880256c574bbe7a8b77f30b2c8842135047473634fddc7f2
problem-set-11,problem_set,28-29,4,,Problem Set 11,MIT6_042JS15_ps11.pdf,06_Problem_Sets/MIT6_042JS15_ps11.pdf,contents/assignments/MIT6_042JS15_ps11.pdf,https://ocw.mit.edu/courses/electrical-engineering-and-computer-science/6-042j-mathematics-for-computer-science-spring-2015/assignments/MIT6_042JS15_ps11.pdf,Official MIT OCW Spring 2015 course package,2015,pdf,3,217580,e43b17910f50cc900695cf2c15cd7a2601edb7c404f5f5af1acca05ade74c115
problem-set-12,problem_set,30-32,4,,Problem Set 12,MIT6_042JS15_ps12.pdf,06_Problem_Sets/MIT6_042JS15_ps12.pdf,contents/assignments/MIT6_042JS15_ps12.pdf,https://ocw.mit.edu/courses/electrical-engineering-and-computer-science/6-042j-mathematics-for-computer-science-spring-2015/assignments/MIT6_042JS15_ps12.pdf,Official MIT OCW Spring 2015 course package,2015,pdf,4,264365,25e8b57e4473684c48f2bfd1ba8e63a654ec70f6c1981b1c49fed215fdb91661
problem-set-2,problem_set,5-6,1,,Problem Set 2,MIT6_042JS15_ps2.pdf,06_Problem_Sets/MIT6_042JS15_ps2.pdf,contents/assignments/MIT6_042JS15_ps2.pdf,https://ocw.mit.edu/courses/electrical-engineering-and-computer-science/6-042j-mathematics-for-computer-science-spring-2015/assignments/MIT6_042JS15_ps2.pdf,Official MIT OCW Spring 2015 course package,2015,pdf,4,258556,0c0031ea7ebce8f15a1d0191a7ed84a081c265ef29067471404cbd70a56807eb
problem-set-3,problem_set,7-8,1,,Problem Set 3,MIT6_042JS15_ps3.pdf,06_Problem_Sets/MIT6_042JS15_ps3.pdf,contents/assignments/MIT6_042JS15_ps3.pdf,https://ocw.mit.edu/courses/electrical-engineering-and-computer-science/6-042j-mathematics-for-computer-science-spring-2015/assignments/MIT6_042JS15_ps3.pdf,Official MIT OCW Spring 2015 course package,2015,pdf,3,225207,c327116f90fe10c5303eaffb9cf291a3831dff6a9a74f415920a4d60477be422
problem-set-4,problem_set,9-11,1,,Problem Set 4,MIT6_042JS15_ps4.pdf,06_Problem_Sets/MIT6_042JS15_ps4.pdf,contents/assignments/MIT6_042JS15_ps4.pdf,https://ocw.mit.edu/courses/electrical-engineering-and-computer-science/6-042j-mathematics-for-computer-science-spring-2015/assignments/MIT6_042JS15_ps4.pdf,Official MIT OCW Spring 2015 course package,2015,pdf,3,232707,54dee69b84c0aae9ace647734d871fdf38e613bd1d79fac2d62f854fa77adbf7
session_reading-MIT6_042JS15_Session1,session_reading,1,1,,Session 1: Chapter 1.1–1.6 (PDF),MIT6_042JS15_Session1.pdf,01_Session_Readings/MIT6_042JS15_Session1.pdf,contents/readings/MIT6_042JS15_Session1.pdf,https://ocw.mit.edu/courses/electrical-engineering-and-computer-science/6-042j-mathematics-for-computer-science-spring-2015/readings/MIT6_042JS15_Session1.pdf,Official MIT OCW Spring 2015 course package,2015,pdf,12,399825,adc8677e264880e1a79a6715a3064b03e16c7dbb6bbc45b43154d7672c2172f1
session_reading-MIT6_042JS15_Session10,session_reading,10,1,,Session 10: Chapter 6 (PDF),MIT6_042JS15_Session10.pdf,01_Session_Readings/MIT6_042JS15_Session10.pdf,contents/readings/MIT6_042JS15_Session10.pdf,https://ocw.mit.edu/courses/electrical-engineering-and-computer-science/6-042j-mathematics-for-computer-science-spring-2015/readings/MIT6_042JS15_Session10.pdf,Official MIT OCW Spring 2015 course package,2015,pdf,33,406012,e62c3a84d67e0f84046a2f3652272d1bc089ad0497a9d1f8393f6b16799ac447
session_reading-MIT6_042JS15_Session11,session_reading,11,1,,Session 11: Chapter 7 (PDF),MIT6_042JS15_Session11.pdf,01_Session_Readings/MIT6_042JS15_Session11.pdf,contents/readings/MIT6_042JS15_Session11.pdf,https://ocw.mit.edu/courses/electrical-engineering-and-computer-science/6-042j-mathematics-for-computer-science-spring-2015/readings/MIT6_042JS15_Session11.pdf,Official MIT OCW Spring 2015 course package,2015,pdf,35,438689,fecd7b45f6103e3f61f32966bf93b935917655df801816befbbc0e3b1da937ec
session_reading-MIT6_042JS15_Session12,session_reading,12,2,,Session 12: Chapter 8.1–8.5 (PDF),MIT6_042JS15_Session12.pdf,01_Session_Readings/MIT6_042JS15_Session12.pdf,contents/readings/MIT6_042JS15_Session12.pdf,https://ocw.mit.edu/courses/electrical-engineering-and-computer-science/6-042j-mathematics-for-computer-science-spring-2015/readings/MIT6_042JS15_Session12.pdf,Official MIT OCW Spring 2015 course package,2015,pdf,22,408037,2eddbaa1ecc144ed66a430eea00a9a94c5b99756dbcfdd1e858a5470e4b554f9
session_reading-MIT6_042JS15_Session13,session_reading,13,2,,Session 13: Chapter 8.6–8.9 (PDF),MIT6_042JS15_Session13.pdf,01_Session_Readings/MIT6_042JS15_Session13.pdf,contents/readings/MIT6_042JS15_Session13.pdf,https://ocw.mit.edu/courses/electrical-engineering-and-computer-science/6-042j-mathematics-for-computer-science-spring-2015/readings/MIT6_042JS15_Session13.pdf,Official MIT OCW Spring 2015 course package,2015,pdf,13,275487,10b91cad275bf049f4e4024b1fb4e1ddc4d3881567dd546191825f9a0166d37f
session_reading-MIT6_042JS15_Session14,session_reading,14,2,,Session 14: Chapter 8.10 (PDF),MIT6_042JS15_Session14.pdf,01_Session_Readings/MIT6_042JS15_Session14.pdf,contents/readings/MIT6_042JS15_Session14.pdf,https://ocw.mit.edu/courses/electrical-engineering-and-computer-science/6-042j-mathematics-for-computer-science-spring-2015/readings/MIT6_042JS15_Session14.pdf,Official MIT OCW Spring 2015 course package,2015,pdf,7,332641,35b14b48b66c1d3998bea5adba3b772186215afe49a5ab9e187cb10dd968f8c7
session_reading-MIT6_042JS15_Session15,session_reading,15,2,,Session 15: Chapter 8.11–8.12 (PDF),MIT6_042JS15_Session15.pdf,01_Session_Readings/MIT6_042JS15_Session15.pdf,contents/readings/MIT6_042JS15_Session15.pdf,https://ocw.mit.edu/courses/electrical-engineering-and-computer-science/6-042j-mathematics-for-computer-science-spring-2015/readings/MIT6_042JS15_Session15.pdf,Official MIT OCW Spring 2015 course package,2015,pdf,5,230439,b11c682aaca2b3d597f4a42021f7a476aafbc1d7be8c38ea1e52208d20249b0c
session_reading-MIT6_042JS15_Session16,session_reading,16,2,,Session 16: Chapter 9.1–9.4 (PDF),MIT6_042JS15_Session16.pdf,01_Session_Readings/MIT6_042JS15_Session16.pdf,contents/readings/MIT6_042JS15_Session16.pdf,https://ocw.mit.edu/courses/electrical-engineering-and-computer-science/6-042j-mathematics-for-computer-science-spring-2015/readings/MIT6_042JS15_Session16.pdf,Official MIT OCW Spring 2015 course package,2015,pdf,12,413138,565e8e1d42a60b88279c0f9ccd163db6cff289f9985edba954c8268fef685bb2
session_reading-MIT6_042JS15_Session17,session_reading,17,2,,Session 17: Chapter 9.5 (PDF),MIT6_042JS15_Session17.pdf,01_Session_Readings/MIT6_042JS15_Session17.pdf,contents/readings/MIT6_042JS15_Session17.pdf,https://ocw.mit.edu/courses/electrical-engineering-and-computer-science/6-042j-mathematics-for-computer-science-spring-2015/readings/MIT6_042JS15_Session17.pdf,Official MIT OCW Spring 2015 course package,2015,pdf,10,753737,b9b52e6acec8edc15ee7c8290ea41ea4d5bb81a44d9cf85cbd79805b6bd607fc
session_reading-MIT6_042JS15_Session18,session_reading,18,2,,Session 18: Chapter 9.5–9.11 (PDF),MIT6_042JS15_Session18.pdf,01_Session_Readings/MIT6_042JS15_Session18.pdf,contents/readings/MIT6_042JS15_Session18.pdf,https://ocw.mit.edu/courses/electrical-engineering-and-computer-science/6-042j-mathematics-for-computer-science-spring-2015/readings/MIT6_042JS15_Session18.pdf,Official MIT OCW Spring 2015 course package,2015,pdf,19,833287,f23b1d632714932519eb42add0872320bf72ce6d94e0e3538afc9af5d51903ba
session_reading-MIT6_042JS15_Session19,session_reading,19,2,,Session 19: Chapter 11.1–11.4 (PDF),MIT6_042JS15_Session19.pdf,01_Session_Readings/MIT6_042JS15_Session19.pdf,contents/readings/MIT6_042JS15_Session19.pdf,https://ocw.mit.edu/courses/electrical-engineering-and-computer-science/6-042j-mathematics-for-computer-science-spring-2015/readings/MIT6_042JS15_Session19.pdf,Official MIT OCW Spring 2015 course package,2015,pdf,10,337938,f6ee99cb8ac3e48056630768c2b042c65f89749709887e6f425e5541a4a25320
session_reading-MIT6_042JS15_Session2,session_reading,2,1,,Session 2: Chapter 1.7–1.9 (PDF),MIT6_042JS15_Session2.pdf,01_Session_Readings/MIT6_042JS15_Session2.pdf,contents/readings/MIT6_042JS15_Session2.pdf,https://ocw.mit.edu/courses/electrical-engineering-and-computer-science/6-042j-mathematics-for-computer-science-spring-2015/readings/MIT6_042JS15_Session2.pdf,Official MIT OCW Spring 2015 course package,2015,pdf,6,282421,8cacd1d3cf09dd8b6e40e82669d117094e16d18d3781887fff8464c48426cb77
session_reading-MIT6_042JS15_Session20,session_reading,20,2,,Session 20: Chapter 11.7–11.9 (PDF),MIT6_042JS15_Session20.pdf,01_Session_Readings/MIT6_042JS15_Session20.pdf,contents/readings/MIT6_042JS15_Session20.pdf,https://ocw.mit.edu/courses/electrical-engineering-and-computer-science/6-042j-mathematics-for-computer-science-spring-2015/readings/MIT6_042JS15_Session20.pdf,Official MIT OCW Spring 2015 course package,2015,pdf,13,360929,584447b2b7046924ed09faba28cae11849a3477b8d92e9cf6170eefd9890cfe6
session_reading-MIT6_042JS15_Session21,session_reading,21,2,,Session 21: Chapter 11.9–11.10 (PDF),MIT6_042JS15_Session21.pdf,01_Session_Readings/MIT6_042JS15_Session21.pdf,contents/readings/MIT6_042JS15_Session21.pdf,https://ocw.mit.edu/courses/electrical-engineering-and-computer-science/6-042j-mathematics-for-computer-science-spring-2015/readings/MIT6_042JS15_Session21.pdf,Official MIT OCW Spring 2015 course package,2015,pdf,16,286036,446bd9219e8bcd76518181ef724f9358bba0f4ded0aedea0d3415edaf14c74d4
session_reading-MIT6_042JS15_Session22,session_reading,22,2,,Session 22: Chapter 11.6 (PDF),MIT6_042JS15_Session22.pdf,01_Session_Readings/MIT6_042JS15_Session22.pdf,contents/readings/MIT6_042JS15_Session22.pdf,https://ocw.mit.edu/courses/electrical-engineering-and-computer-science/6-042j-mathematics-for-computer-science-spring-2015/readings/MIT6_042JS15_Session22.pdf,Official MIT OCW Spring 2015 course package,2015,pdf,9,271221,38bccc1fae37da8679327ca205247f22a7d239b806ee52324b0e7a6dd2c92db6
session_reading-MIT6_042JS15_Session23,session_reading,23,3,,Session 23: Chapter 13.1–13.5 (PDF),MIT6_042JS15_Session23.pdf,01_Session_Readings/MIT6_042JS15_Session23.pdf,contents/readings/MIT6_042JS15_Session23.pdf,https://ocw.mit.edu/courses/electrical-engineering-and-computer-science/6-042j-mathematics-for-computer-science-spring-2015/readings/MIT6_042JS15_Session23.pdf,Official MIT OCW Spring 2015 course package,2015,pdf,24,682652,56000576b39789e5c9e77cc29a5a1b52f09a4a54accd99879a361b6edc37207a
session_reading-MIT6_042JS15_Session24,session_reading,24,3,,Session 24: Chapter 13.7 (PDF),MIT6_042JS15_Session24.pdf,01_Session_Readings/MIT6_042JS15_Session24.pdf,contents/readings/MIT6_042JS15_Session24.pdf,https://ocw.mit.edu/courses/electrical-engineering-and-computer-science/6-042j-mathematics-for-computer-science-spring-2015/readings/MIT6_042JS15_Session24.pdf,Official MIT OCW Spring 2015 course package,2015,pdf,8,365567,b4f916f429f2b9d12cddcea46fd3fbbaad88cabe6b6426bf74b784f9ba49f5e9
session_reading-MIT6_042JS15_Session25,session_reading,25,3,,Session 25: Chapter 14.1–14.2 (PDF),MIT6_042JS15_Session25.pdf,01_Session_Readings/MIT6_042JS15_Session25.pdf,contents/readings/MIT6_042JS15_Session25.pdf,https://ocw.mit.edu/courses/electrical-engineering-and-computer-science/6-042j-mathematics-for-computer-science-spring-2015/readings/MIT6_042JS15_Session25.pdf,Official MIT OCW Spring 2015 course package,2015,pdf,6,250203,50bde7e8243e3716a8dc4b2ea15fe0ea0927cc9d4a8af8dc617525b0778dd828
session_reading-MIT6_042JS15_Session26,session_reading,26,3,,Session 26: Chapter 14.4–14.7 (PDF),MIT6_042JS15_Session26.pdf,01_Session_Readings/MIT6_042JS15_Session26.pdf,contents/readings/MIT6_042JS15_Session26.pdf,https://ocw.mit.edu/courses/electrical-engineering-and-computer-science/6-042j-mathematics-for-computer-science-spring-2015/readings/MIT6_042JS15_Session26.pdf,Official MIT OCW Spring 2015 course package,2015,pdf,15,339538,7047dfc4cea2ad19c043986e65d9e21a2ed88ca1297471b4702a329dbe95fa8f
session_reading-MIT6_042JS15_Session27,session_reading,27,3,,Session 27: Chapter 14.8 (PDF),MIT6_042JS15_Session27.pdf,01_Session_Readings/MIT6_042JS15_Session27.pdf,contents/readings/MIT6_042JS15_Session27.pdf,https://ocw.mit.edu/courses/electrical-engineering-and-computer-science/6-042j-mathematics-for-computer-science-spring-2015/readings/MIT6_042JS15_Session27.pdf,Official MIT OCW Spring 2015 course package,2015,pdf,11,323737,80fedbe568171748d3c0a91f7532ea97e66a928473077f69b44f55841c75d6d4
session_reading-MIT6_042JS15_Session28,session_reading,28,4,,Session 28: Chapter 16.1–16.5 (PDF),MIT6_042JS15_Session28.pdf,01_Session_Readings/MIT6_042JS15_Session28.pdf,contents/readings/MIT6_042JS15_Session28.pdf,https://ocw.mit.edu/courses/electrical-engineering-and-computer-science/6-042j-mathematics-for-computer-science-spring-2015/readings/MIT6_042JS15_Session28.pdf,Official MIT OCW Spring 2015 course package,2015,pdf,25,490628,720e9607cee92a25197f49dbdfd7de7914d9eebbe110dd52f4de123f2a9e6441
session_reading-MIT6_042JS15_Session29,session_reading,29,4,,Session 29: Chapter 17.1–17.5 (PDF),MIT6_042JS15_Session29.pdf,01_Session_Readings/MIT6_042JS15_Session29.pdf,contents/readings/MIT6_042JS15_Session29.pdf,https://ocw.mit.edu/courses/electrical-engineering-and-computer-science/6-042j-mathematics-for-computer-science-spring-2015/readings/MIT6_042JS15_Session29.pdf,Official MIT OCW Spring 2015 course package,2015,pdf,17,486739,061e465cdfc4e1179d0f0ea0aa03100afdaa26fb326028b6da60c9ded6edbbba
session_reading-MIT6_042JS15_Session3,session_reading,3,1,,Session 3: Chapter 2.1–2.3 (PDF),MIT6_042JS15_Session3.pdf,01_Session_Readings/MIT6_042JS15_Session3.pdf,contents/readings/MIT6_042JS15_Session3.pdf,https://ocw.mit.edu/courses/electrical-engineering-and-computer-science/6-042j-mathematics-for-computer-science-spring-2015/readings/MIT6_042JS15_Session3.pdf,Official MIT OCW Spring 2015 course package,2015,pdf,6,255286,2f3c6b4ee8a2b5cbdf67d900963b27bd314694cabaec264b14c5dfd023528f85
session_reading-MIT6_042JS15_Session30,session_reading,30,4,,Session 30: Chapter 17.7–17.8 (PDF),MIT6_042JS15_Session30.pdf,01_Session_Readings/MIT6_042JS15_Session30.pdf,contents/readings/MIT6_042JS15_Session30.pdf,https://ocw.mit.edu/courses/electrical-engineering-and-computer-science/6-042j-mathematics-for-computer-science-spring-2015/readings/MIT6_042JS15_Session30.pdf,Official MIT OCW Spring 2015 course package,2015,pdf,8,242632,9064e328cc9e7cdbc948f565456b74a0bf30420f7aba2787a71c77a5bf638ba3
session_reading-MIT6_042JS15_Session31,session_reading,31,4,,Session 31: Chapter 18.1–18.3 (PDF),MIT6_042JS15_Session31.pdf,01_Session_Readings/MIT6_042JS15_Session31.pdf,contents/readings/MIT6_042JS15_Session31.pdf,https://ocw.mit.edu/courses/electrical-engineering-and-computer-science/6-042j-mathematics-for-computer-science-spring-2015/readings/MIT6_042JS15_Session31.pdf,Official MIT OCW Spring 2015 course package,2015,pdf,14,388230,51afa9254dc9e1b3854c3b7ca9f26501fe19d6192c2cf37ca2fd465ca33294d9
session_reading-MIT6_042JS15_Session32,session_reading,32,4,,Session 32: Chapter 18.4–18.5 (PDF),MIT6_042JS15_Session32.pdf,01_Session_Readings/MIT6_042JS15_Session32.pdf,contents/readings/MIT6_042JS15_Session32.pdf,https://ocw.mit.edu/courses/electrical-engineering-and-computer-science/6-042j-mathematics-for-computer-science-spring-2015/readings/MIT6_042JS15_Session32.pdf,Official MIT OCW Spring 2015 course package,2015,pdf,22,451656,5e8bd5c318ce30d5581588464a2388e67f688e1f3fabec45783c6ea71b27565e
session_reading-MIT6_042JS15_Session33,session_reading,33,4,,Session 33: Chapter 19.1–19.3 (PDF),MIT6_042JS15_Session33.pdf,01_Session_Readings/MIT6_042JS15_Session33.pdf,contents/readings/MIT6_042JS15_Session33.pdf,https://ocw.mit.edu/courses/electrical-engineering-and-computer-science/6-042j-mathematics-for-computer-science-spring-2015/readings/MIT6_042JS15_Session33.pdf,Official MIT OCW Spring 2015 course package,2015,pdf,13,370687,fa66501946e1cfc71ee4661dc3558648cc9a8df13a6bb69ff4d488a1d41eac66
session_reading-MIT6_042JS15_Session34,session_reading,34,4,,Session 34: Chapter 19.4–19.5 (PDF),MIT6_042JS15_Session34.pdf,01_Session_Readings/MIT6_042JS15_Session34.pdf,contents/readings/MIT6_042JS15_Session34.pdf,https://ocw.mit.edu/courses/electrical-engineering-and-computer-science/6-042j-mathematics-for-computer-science-spring-2015/readings/MIT6_042JS15_Session34.pdf,Official MIT OCW Spring 2015 course package,2015,pdf,9,290376,863640bcdd0ce09f00ade5e1054d809261ec90d351b2db6b89aa260f6f1e38c3
session_reading-MIT6_042JS15_Session35,session_reading,35,4,,Session 35: Chapter 20.2 (PDF),MIT6_042JS15_Session35.pdf,01_Session_Readings/MIT6_042JS15_Session35.pdf,contents/readings/MIT6_042JS15_Session35.pdf,https://ocw.mit.edu/courses/electrical-engineering-and-computer-science/6-042j-mathematics-for-computer-science-spring-2015/readings/MIT6_042JS15_Session35.pdf,Official MIT OCW Spring 2015 course package,2015,pdf,6,314931,ff59c7c1fc21ac3aa86085710fce95039110127a06a0ef9659e6ad205380f4dd
session_reading-MIT6_042JS15_Session4,session_reading,4,1,,Session 4: Chapter 3.1–3.5 (PDF),MIT6_042JS15_Session4.pdf,01_Session_Readings/MIT6_042JS15_Session4.pdf,contents/readings/MIT6_042JS15_Session4.pdf,https://ocw.mit.edu/courses/electrical-engineering-and-computer-science/6-042j-mathematics-for-computer-science-spring-2015/readings/MIT6_042JS15_Session4.pdf,Official MIT OCW Spring 2015 course package,2015,pdf,16,427386,1e669d7ad19ab9ca78c41f73dacff6e19193813ba9e41a712fc3aad3873557c8
session_reading-MIT6_042JS15_Session5,session_reading,5,1,,Session 5: Chapter 3.6 (PDF),MIT6_042JS15_Session5.pdf,01_Session_Readings/MIT6_042JS15_Session5.pdf,contents/readings/MIT6_042JS15_Session5.pdf,https://ocw.mit.edu/courses/electrical-engineering-and-computer-science/6-042j-mathematics-for-computer-science-spring-2015/readings/MIT6_042JS15_Session5.pdf,Official MIT OCW Spring 2015 course package,2015,pdf,7,226697,b42bed6ad6bd3cb159e3bf42eeffb07538fa211f6f6dea0f5833973e3c248698
session_reading-MIT6_042JS15_Session6,session_reading,6,1,,Session 6: Chapter 4.1–4.2 (PDF),MIT6_042JS15_Session6.pdf,01_Session_Readings/MIT6_042JS15_Session6.pdf,contents/readings/MIT6_042JS15_Session6.pdf,https://ocw.mit.edu/courses/electrical-engineering-and-computer-science/6-042j-mathematics-for-computer-science-spring-2015/readings/MIT6_042JS15_Session6.pdf,Official MIT OCW Spring 2015 course package,2015,pdf,7,266103,4c9a74fe3382fcf7131b9b3a6cd073540ca80f758ebe2a5d39841c31c82136b5
session_reading-MIT6_042JS15_Session7,session_reading,7,1,,Session 7: Chapter 4.3–4.5 (PDF),MIT6_042JS15_Session7.pdf,01_Session_Readings/MIT6_042JS15_Session7.pdf,contents/readings/MIT6_042JS15_Session7.pdf,https://ocw.mit.edu/courses/electrical-engineering-and-computer-science/6-042j-mathematics-for-computer-science-spring-2015/readings/MIT6_042JS15_Session7.pdf,Official MIT OCW Spring 2015 course package,2015,pdf,10,315077,9c9f83c1157b34a9e3acc4904950566319cd6483d63fd11fbd5ef2e83b65667c
session_reading-MIT6_042JS15_Session8,session_reading,8,1,,Session 8: Chapter 5.1–5.3 (PDF),MIT6_042JS15_Session8.pdf,01_Session_Readings/MIT6_042JS15_Session8.pdf,contents/readings/MIT6_042JS15_Session8.pdf,https://ocw.mit.edu/courses/electrical-engineering-and-computer-science/6-042j-mathematics-for-computer-science-spring-2015/readings/MIT6_042JS15_Session8.pdf,Official MIT OCW Spring 2015 course package,2015,pdf,17,818016,196347bf123195c6ea2135f4131ad15272dbb9a1c568b3ccd3b772b0d3be3df2
session_reading-MIT6_042JS15_Session9,session_reading,9,1,,Session 9: Chapter 5.4 (PDF),MIT6_042JS15_Session9.pdf,01_Session_Readings/MIT6_042JS15_Session9.pdf,contents/readings/MIT6_042JS15_Session9.pdf,https://ocw.mit.edu/courses/electrical-engineering-and-computer-science/6-042j-mathematics-for-computer-science-spring-2015/readings/MIT6_042JS15_Session9.pdf,Official MIT OCW Spring 2015 course package,2015,pdf,16,1044852,853145ba70b7dcfddc92e35faef67c71d89df4a108404d869fdf14297dcc9730
transcript-GyFVgJZ0hIs,video_transcript,1,1,1.1.2,Intro To Proofs: Part 1: Video,GyFVgJZ0hIs.pdf,03_Video_Transcripts/GyFVgJZ0hIs.pdf,contents/proofs/tp1-1/intro-to-proofs-part-1-video/intro-to-proofs-part-1/GyFVgJZ0hIs.pdf,https://ocw.mit.edu/courses/electrical-engineering-and-computer-science/6-042j-mathematics-for-computer-science-spring-2015/proofs/tp1-1/intro-to-proofs-part-1-video/,Official MIT OCW Spring 2015 course package,2015,pdf,4,23749,bedfacaf7fda5ae50aa3da8421224e7dbdcf59dd68196450a6b9e1f9e7a56a5f
transcript-wIq4CssPoO0,video_transcript,1,1,1.1.1,Welcome to 6.042: Video,wIq4CssPoO0.pdf,03_Video_Transcripts/wIq4CssPoO0.pdf,contents/proofs/tp1-1/welcome-to-6-042-1/wIq4CssPoO0.pdf,https://ocw.mit.edu/courses/electrical-engineering-and-computer-science/6-042j-mathematics-for-computer-science-spring-2015/proofs/tp1-1/,Official MIT OCW Spring 2015 course package,2015,pdf,2,14979,612ae74bf075fbcca859560840b74fc1993aa4e1a2d7ed7e742e8e3e670df8be
transcript-wfr4XbR5VP8,video_transcript,1,1,1.1.3,Intro to Proofs: Part 2: Video,wfr4XbR5VP8.pdf,03_Video_Transcripts/wfr4XbR5VP8.pdf,contents/proofs/tp1-1/intro-to-proofs-part-2-video/intro-to-proofs-part-2/wfr4XbR5VP8.pdf,https://ocw.mit.edu/courses/electrical-engineering-and-computer-science/6-042j-mathematics-for-computer-science-spring-2015/proofs/tp1-1/intro-to-proofs-part-2-video/,Official MIT OCW Spring 2015 course package,2015,pdf,3,19981,1af382489b31108099325f0e6c82b86d14ee506e4f29b7dc032f764fecf93805
transcript-TXNXT3oBROw,video_transcript,10,1,1.10.1,Recursive Data: Video,TXNXT3oBROw.pdf,03_Video_Transcripts/TXNXT3oBROw.pdf,contents/proofs/recursive-definition/recursive-data/TXNXT3oBROw.pdf,https://ocw.mit.edu/courses/electrical-engineering-and-computer-science/6-042j-mathematics-for-computer-science-spring-2015/proofs/recursive-definition/,Official MIT OCW Spring 2015 course package,2015,pdf,5,26033,7653dca05bbb8bb8a2a351e571fefd13e7aad6214b307a2f7cfcf25525a1b612
transcript-VWIDwHCGJDQ,video_transcript,10,1,1.10.4,Structural Induction: Video,VWIDwHCGJDQ.pdf,03_Video_Transcripts/VWIDwHCGJDQ.pdf,contents/proofs/recursive-definition/structural-induction-video/structural-induction/VWIDwHCGJDQ.pdf,https://ocw.mit.edu/courses/electrical-engineering-and-computer-science/6-042j-mathematics-for-computer-science-spring-2015/proofs/recursive-definition/structural-induction-video/,Official MIT OCW Spring 2015 course package,2015,pdf,3,17899,c3f0da5a0fed704257dcfec76d9ef980659d6b23dc785c37f83e59d384a6d199
transcript-tOsdeaYDCMk,video_transcript,10,1,1.10.7,Recursive Functions: Video,tOsdeaYDCMk.pdf,03_Video_Transcripts/tOsdeaYDCMk.pdf,contents/proofs/recursive-definition/recursive-functions-video/recursive-functions/tOsdeaYDCMk.pdf,https://ocw.mit.edu/courses/electrical-engineering-and-computer-science/6-042j-mathematics-for-computer-science-spring-2015/proofs/recursive-definition/recursive-functions-video/,Official MIT OCW Spring 2015 course package,2015,pdf,5,26011,6678f20df098b84755ab16abb7ae79f3846c97fbb0113dd4dd3a89434548462b
transcript-4dj1ogUwTEM,video_transcript,11,1,1.11.4,Cantor's Theorem: Video,4dj1ogUwTEM.pdf,03_Video_Transcripts/4dj1ogUwTEM.pdf,contents/proofs/tp4-3/vertical-4eaa04fd577b/cantor-s-theorem/4dj1ogUwTEM.pdf,https://ocw.mit.edu/courses/electrical-engineering-and-computer-science/6-042j-mathematics-for-computer-science-spring-2015/proofs/tp4-3/vertical-4eaa04fd577b/,Official MIT OCW Spring 2015 course package,2015,pdf,8,34746,b9b0848f220d54e18eb4b2603ad311f569c8cf395f60cdb68a2f6c54d7dfdd9a
transcript-5hETv64GIuE,video_transcript,11,1,1.11.9,Russell's Paradox: Video,5hETv64GIuE.pdf,03_Video_Transcripts/5hETv64GIuE.pdf,contents/proofs/tp4-3/vertical-f1f52e8d7024/russell-s-paradox/5hETv64GIuE.pdf,https://ocw.mit.edu/courses/electrical-engineering-and-computer-science/6-042j-mathematics-for-computer-science-spring-2015/proofs/tp4-3/vertical-f1f52e8d7024/,Official MIT OCW Spring 2015 course package,2015,pdf,5,26551,6db9d0f146471fb542db5d72c446432e9e749949743f7caf545e87c205c79279
transcript-AipSRi3CyLg,video_transcript,11,1,1.11.3,Countable Sets: Video,AipSRi3CyLg.pdf,03_Video_Transcripts/AipSRi3CyLg.pdf,contents/proofs/tp4-3/countable-sets-video/countable-sets/AipSRi3CyLg.pdf,https://ocw.mit.edu/courses/electrical-engineering-and-computer-science/6-042j-mathematics-for-computer-science-spring-2015/proofs/tp4-3/countable-sets-video/,Official MIT OCW Spring 2015 course package,2015,pdf,4,22980,88b86e6af650793d66231e140d8f8bbdc2204b81067b606e43f582cc5f34bfee
transcript-QzSCf62kzjE,video_transcript,11,1,1.11.1,Cardinality: Video,QzSCf62kzjE.pdf,03_Video_Transcripts/QzSCf62kzjE.pdf,contents/proofs/tp4-3/cardinality/QzSCf62kzjE.pdf,https://ocw.mit.edu/courses/electrical-engineering-and-computer-science/6-042j-mathematics-for-computer-science-spring-2015/proofs/tp4-3/,Official MIT OCW Spring 2015 course package,2015,pdf,5,26836,177d2976eab6dcdaf67e2f9680159f30856a96b7bd25d72b8839d670078dfea5
transcript-WQHOImO0pX0,video_transcript,11,1,1.11.7,The Halting Problem: Video [Optional],WQHOImO0pX0.pdf,03_Video_Transcripts/WQHOImO0pX0.pdf,contents/proofs/tp4-3/vertical-b654b1f1c6e1/the-halting-problem/WQHOImO0pX0.pdf,https://ocw.mit.edu/courses/electrical-engineering-and-computer-science/6-042j-mathematics-for-computer-science-spring-2015/proofs/tp4-3/vertical-b654b1f1c6e1/,Official MIT OCW Spring 2015 course package,2015,pdf,7,30402,1d7150909294f383f3524b294d79dd86cc144c11aeace45c76c66c066bd99f95
transcript-zcvsyL7GtH4,video_transcript,11,1,1.11.11,Set Theory Axioms: Video [Optional],zcvsyL7GtH4.pdf,03_Video_Transcripts/zcvsyL7GtH4.pdf,contents/proofs/tp4-3/set-theory-axioms-video-optional/set-theory-axioms-optional/zcvsyL7GtH4.pdf,https://ocw.mit.edu/courses/electrical-engineering-and-computer-science/6-042j-mathematics-for-computer-science-spring-2015/proofs/tp4-3/set-theory-axioms-video-optional/,Official MIT OCW Spring 2015 course package,2015,pdf,3,20190,2ee0fec013ab0b0c029b49e7c3623c5e652ca7dd74036f726ef3fc4d10a2cf1e
transcript-QsKtEuUyIdw,video_transcript,12,2,2.1.7,Prime Factorization: Video,QsKtEuUyIdw.pdf,03_Video_Transcripts/QsKtEuUyIdw.pdf,contents/structures/tp5-1/prime-factorization-video/unique-factorization/QsKtEuUyIdw.pdf,https://ocw.mit.edu/courses/electrical-engineering-and-computer-science/6-042j-mathematics-for-computer-science-spring-2015/structures/tp5-1/prime-factorization-video/,Official MIT OCW Spring 2015 course package,2015,pdf,3,19658,53de1321c2534c2ba4333e70ed4a52ec64d0bfb3b333a9c220cc4564bc976aa8
transcript-c3qNBNl1h8g,video_transcript,12,2,2.1.6,Revisiting Die Hard: Video,c3qNBNl1h8g.pdf,03_Video_Transcripts/c3qNBNl1h8g.pdf,contents/structures/tp5-1/revisiting-die-hard-video/die-hard-primes/c3qNBNl1h8g.pdf,https://ocw.mit.edu/courses/electrical-engineering-and-computer-science/6-042j-mathematics-for-computer-science-spring-2015/structures/tp5-1/revisiting-die-hard-video/,Official MIT OCW Spring 2015 course package,2015,pdf,2,16355,3be8469f5f05749f88252ff1e98ebf62a5c50fcffbf798b8006039ddc7309b97
transcript-dW0f62lcCLE,video_transcript,12,2,2.1.2,Euclidean Algorithm: Video,dW0f62lcCLE.pdf,03_Video_Transcripts/dW0f62lcCLE.pdf,contents/structures/tp5-1/euclidean-algorithm-video/euclidean-algorithm/dW0f62lcCLE.pdf,https://ocw.mit.edu/courses/electrical-engineering-and-computer-science/6-042j-mathematics-for-computer-science-spring-2015/structures/tp5-1/euclidean-algorithm-video/,Official MIT OCW Spring 2015 course package,2015,pdf,3,21549,91647cf94e26f81ae07e6ff9d05ba756a5aa4970c25ecd47133fbede7cabf153
transcript-et3FOZdI6pk,video_transcript,12,2,2.1.1,GCDs & Linear Combinations: Video,et3FOZdI6pk.pdf,03_Video_Transcripts/et3FOZdI6pk.pdf,contents/structures/tp5-1/gcds-linear-combinations/et3FOZdI6pk.pdf,https://ocw.mit.edu/courses/electrical-engineering-and-computer-science/6-042j-mathematics-for-computer-science-spring-2015/structures/tp5-1/,Official MIT OCW Spring 2015 course package,2015,pdf,3,22906,12cc20fc1edccf70de3d3e5c82174e5ce3cf9dbd17a13f903189f9d88d52e158
transcript-yzKPotFLfsc,video_transcript,12,2,2.1.4,Pulverizer: Video,yzKPotFLfsc.pdf,03_Video_Transcripts/yzKPotFLfsc.pdf,contents/structures/tp5-1/pulverizer-video/pulverizer/yzKPotFLfsc.pdf,https://ocw.mit.edu/courses/electrical-engineering-and-computer-science/6-042j-mathematics-for-computer-science-spring-2015/structures/tp5-1/pulverizer-video/,Official MIT OCW Spring 2015 course package,2015,pdf,5,27558,94836f0de59f55ac05e314e2f15eaaaa5974584d62ddb7ea592589782949df45
transcript-CAKSh3M0y8k,video_transcript,13,2,2.2.3,Inverses mod n: Video,CAKSh3M0y8k.pdf,03_Video_Transcripts/CAKSh3M0y8k.pdf,contents/structures/tp5-2/vertical-5a82e8c3077d/inverses-mod-n/CAKSh3M0y8k.pdf,https://ocw.mit.edu/courses/electrical-engineering-and-computer-science/6-042j-mathematics-for-computer-science-spring-2015/structures/tp5-2/vertical-5a82e8c3077d/,Official MIT OCW Spring 2015 course package,2015,pdf,2,15793,aa135d6ba5d5eef4e09e1c1b23811686765eb1d4fd22b83d922fe44332d41d32
transcript-KvtLWgCTwn4,video_transcript,13,2,2.2.1,Congruence mod n: Video,KvtLWgCTwn4.pdf,03_Video_Transcripts/KvtLWgCTwn4.pdf,contents/structures/tp5-2/congruence-mod-n/KvtLWgCTwn4.pdf,https://ocw.mit.edu/courses/electrical-engineering-and-computer-science/6-042j-mathematics-for-computer-science-spring-2015/structures/tp5-2/,Official MIT OCW Spring 2015 course package,2015,pdf,5,26153,de1921fe1a6dda6b6ff2a931537668047559f186c7b88fdfc40ca3445137d5e0
transcript-TeRYL7kkhqs,video_transcript,14,2,2.3.1,Modular Exponentiation Euler's Function: Video,TeRYL7kkhqs.pdf,03_Video_Transcripts/TeRYL7kkhqs.pdf,contents/structures/tp6-1/modular-exponentiation-euler-s-function/TeRYL7kkhqs.pdf,https://ocw.mit.edu/courses/electrical-engineering-and-computer-science/6-042j-mathematics-for-computer-science-spring-2015/structures/tp6-1/,Official MIT OCW Spring 2015 course package,2015,pdf,3,18597,1b88e2dc99b6930afe90c2bb82419807ce4fdfb4e2115e6d00ab42526f55262a
transcript-dZgI16nMuqE,video_transcript,14,2,2.3.3,The Ring Z: Video,dZgI16nMuqE.pdf,03_Video_Transcripts/dZgI16nMuqE.pdf,contents/structures/tp6-1/vertical-96037fd2d933/modular-exponentiation-the-ring/dZgI16nMuqE.pdf,https://ocw.mit.edu/courses/electrical-engineering-and-computer-science/6-042j-mathematics-for-computer-science-spring-2015/structures/tp6-1/vertical-96037fd2d933/,Official MIT OCW Spring 2015 course package,2015,pdf,6,31681,0084f48133885bb0705bbcfb089400b651347056fff58fb5f4daf04ee121b620
transcript-ZUZ8VbX1YNQ,video_transcript,15,2,2.4.1,RSA Public Key Encryption: Video,ZUZ8VbX1YNQ.pdf,03_Video_Transcripts/ZUZ8VbX1YNQ.pdf,contents/structures/tp6-2/rsa-public-key-encryption/ZUZ8VbX1YNQ.pdf,https://ocw.mit.edu/courses/electrical-engineering-and-computer-science/6-042j-mathematics-for-computer-science-spring-2015/structures/tp6-2/,Official MIT OCW Spring 2015 course package,2015,pdf,7,35081,b5e4381d889bf101f396d2154a9ef4d251026754fe8d8c63e999e2cc78632fdf
transcript-yWIQCewgfwY,video_transcript,15,2,2.4.3,Reducing Factoring To SAT: Video,yWIQCewgfwY.pdf,03_Video_Transcripts/yWIQCewgfwY.pdf,contents/structures/tp6-2/vertical-10e2576c9510/reducing-factoring-to-sat/yWIQCewgfwY.pdf,https://ocw.mit.edu/courses/electrical-engineering-and-computer-science/6-042j-mathematics-for-computer-science-spring-2015/structures/tp6-2/vertical-10e2576c9510/,Official MIT OCW Spring 2015 course package,2015,pdf,3,19051,6c0094ee8eb173b7b484947389ec9a3060c3c68701f6407e1c4da3d9f5b85ce8
transcript-MX-mBxt6huU,video_transcript,16,2,2.5.1,Digraphs: Walks & Paths: Video,MX-mBxt6huU.pdf,03_Video_Transcripts/MX-mBxt6huU.pdf,contents/structures/tp6-3/digraphs-walks-paths/MX-mBxt6huU.pdf,https://ocw.mit.edu/courses/electrical-engineering-and-computer-science/6-042j-mathematics-for-computer-science-spring-2015/structures/tp6-3/,Official MIT OCW Spring 2015 course package,2015,pdf,2,15228,40cfbe121598aba74b201b6649054cc23cc9fbda36d2527fb74c1168744e6f91
transcript-QORX1OUabio,video_transcript,16,2,2.5.3,Digraphs: Connected Vertices: Video,QORX1OUabio.pdf,03_Video_Transcripts/QORX1OUabio.pdf,contents/structures/tp6-3/vertical-2c95b0b170e2/digraphs-connected-vertices/QORX1OUabio.pdf,https://ocw.mit.edu/courses/electrical-engineering-and-computer-science/6-042j-mathematics-for-computer-science-spring-2015/structures/tp6-3/vertical-2c95b0b170e2/,Official MIT OCW Spring 2015 course package,2015,pdf,3,20892,bd23b103da6b8f07a074704eeadea8362444c53f0f91c374e122badc939897dc
transcript-1TpzSCMLg08,video_transcript,17,2,2.6.3,Scheduling: Video,1TpzSCMLg08.pdf,03_Video_Transcripts/1TpzSCMLg08.pdf,contents/structures/tp7-1/vertical-0b187f2dedb6/scheduling/1TpzSCMLg08.pdf,https://ocw.mit.edu/courses/electrical-engineering-and-computer-science/6-042j-mathematics-for-computer-science-spring-2015/structures/tp7-1/vertical-0b187f2dedb6/,Official MIT OCW Spring 2015 course package,2015,pdf,5,26681,f080acf8c6b249f6b2e6ed41f65f09a27459420d1789e4948c2673ce65b4827d
transcript-Sdw8_0RDZuw,video_transcript,17,2,2.6.1,DAGs: Video,Sdw8_0RDZuw.pdf,03_Video_Transcripts/Sdw8_0RDZuw.pdf,contents/structures/tp7-1/digraphs-dags/Sdw8_0RDZuw.pdf,https://ocw.mit.edu/courses/electrical-engineering-and-computer-science/6-042j-mathematics-for-computer-science-spring-2015/structures/tp7-1/,Official MIT OCW Spring 2015 course package,2015,pdf,5,25947,ea4c3b59b69bdea827f7de7fdc623df7712898ec918250ea7618154f1695efc5
transcript-cUYTlKA8jaw,video_transcript,17,2,2.6.5,Time versus Processors: Video,cUYTlKA8jaw.pdf,03_Video_Transcripts/cUYTlKA8jaw.pdf,contents/structures/tp7-1/vertical-ce9e54c9d251/time-versus-processors/cUYTlKA8jaw.pdf,https://ocw.mit.edu/courses/electrical-engineering-and-computer-science/6-042j-mathematics-for-computer-science-spring-2015/structures/tp7-1/vertical-ce9e54c9d251/,Official MIT OCW Spring 2015 course package,2015,pdf,4,23004,818e3cb9a97dae7316c6459c2ad992e4918afaaaec780ee7702af0d44fe0101d
transcript-0w9luYcxHrw,video_transcript,18,2,2.7.1,Partial Orders: Video,0w9luYcxHrw.pdf,03_Video_Transcripts/0w9luYcxHrw.pdf,contents/structures/partial-orders-and-equivalence/partial-orders/0w9luYcxHrw.pdf,https://ocw.mit.edu/courses/electrical-engineering-and-computer-science/6-042j-mathematics-for-computer-science-spring-2015/structures/partial-orders-and-equivalence/,Official MIT OCW Spring 2015 course package,2015,pdf,4,21468,c6d93ad7b1d84f1e90465d5fa08ecee0b0919b4f537f2c8263c3bff693057b39
transcript-bHvMYZvZp7Y,video_transcript,18,2,2.7.3,Representing Partial Orders As Subset Relations: Video,bHvMYZvZp7Y.pdf,03_Video_Transcripts/bHvMYZvZp7Y.pdf,contents/structures/partial-orders-and-equivalence/vertical-a604c5db7bb5/representing-partial-orders-as-subset-relations/bHvMYZvZp7Y.pdf,https://ocw.mit.edu/courses/electrical-engineering-and-computer-science/6-042j-mathematics-for-computer-science-spring-2015/structures/partial-orders-and-equivalence/vertical-a604c5db7bb5/,Official MIT OCW Spring 2015 course package,2015,pdf,3,18922,878e2f38f6d926a87a002cef5a89009c75102b01fb4ee1c11f7fb89aa45a4a3e
transcript-s-E5T3igntw,video_transcript,18,2,2.7.4,Equivalence Relations: Video,s-E5T3igntw.pdf,03_Video_Transcripts/s-E5T3igntw.pdf,contents/structures/partial-orders-and-equivalence/vertical-c6c01eb0d061/equivalence-relations/s-E5T3igntw.pdf,https://ocw.mit.edu/courses/electrical-engineering-and-computer-science/6-042j-mathematics-for-computer-science-spring-2015/structures/partial-orders-and-equivalence/vertical-c6c01eb0d061/,Official MIT OCW Spring 2015 course package,2015,pdf,3,18332,d3038d1f57d1a459e90ef2a3f9e811d207c536461dcf3230c20bb65c4c081467
transcript-TIpnudrzvgg,video_transcript,19,2,2.8.1,Degree: Video,TIpnudrzvgg.pdf,03_Video_Transcripts/TIpnudrzvgg.pdf,contents/structures/tp7-2/degrees/TIpnudrzvgg.pdf,https://ocw.mit.edu/courses/electrical-engineering-and-computer-science/6-042j-mathematics-for-computer-science-spring-2015/structures/tp7-2/,Official MIT OCW Spring 2015 course package,2015,pdf,5,25598,9a62ab44c9d615e2ffc619006999c1a11a7bc8bf6a5d04850facee0707e4d43b
transcript-hVerxuP4cFg,video_transcript,19,2,2.8.3,Isomorphism: Video,hVerxuP4cFg.pdf,03_Video_Transcripts/hVerxuP4cFg.pdf,contents/structures/tp7-2/vertical-4cdac51413fd/isomorphism/hVerxuP4cFg.pdf,https://ocw.mit.edu/courses/electrical-engineering-and-computer-science/6-042j-mathematics-for-computer-science-spring-2015/structures/tp7-2/vertical-4cdac51413fd/,Official MIT OCW Spring 2015 course package,2015,pdf,5,24684,78cf885a12710c332d06859d58bb248b41854d54db0d53378271f1d3d51c16df
transcript-CpW0ZJ7i0oc,video_transcript,2,1,1.2.1,Proof By Contradiction: Video,CpW0ZJ7i0oc.pdf,03_Video_Transcripts/CpW0ZJ7i0oc.pdf,contents/proofs/tp1-2/proof-by-contradiction/CpW0ZJ7i0oc.pdf,https://ocw.mit.edu/courses/electrical-engineering-and-computer-science/6-042j-mathematics-for-computer-science-spring-2015/proofs/tp1-2/,Official MIT OCW Spring 2015 course package,2015,pdf,4,20619,cf114fbb793a660e28cdbaddbc21fabcfd1b67e1e6554316696b9e0ff87a856a
transcript-vzpFQ3uNyPo,video_transcript,2,1,1.2.3,Proof By Cases: Video,vzpFQ3uNyPo.pdf,03_Video_Transcripts/vzpFQ3uNyPo.pdf,contents/proofs/tp1-2/vertical-f502ca28cf17/proof-by-cases/vzpFQ3uNyPo.pdf,https://ocw.mit.edu/courses/electrical-engineering-and-computer-science/6-042j-mathematics-for-computer-science-spring-2015/proofs/tp1-2/vertical-f502ca28cf17/,Official MIT OCW Spring 2015 course package,2015,pdf,3,19146,01ec290dccab3cf4470139820de3af674c0fcde123a64a860187a62176809881
transcript-5wCZqdCDafc,video_transcript,20,2,2.9.4,k-Connectivity: Video,5wCZqdCDafc.pdf,03_Video_Transcripts/5wCZqdCDafc.pdf,contents/structures/tp7-3/vertical-a730aa2d96d6/k-connectivity/5wCZqdCDafc.pdf,https://ocw.mit.edu/courses/electrical-engineering-and-computer-science/6-042j-mathematics-for-computer-science-spring-2015/structures/tp7-3/vertical-a730aa2d96d6/,Official MIT OCW Spring 2015 course package,2015,pdf,3,19600,6837b1f06faa43963b218022a7b0244e00d17fc303dc6bb0f001539b80f4cc79
transcript-Penh4mv5gAg,video_transcript,20,2,2.9.1,Coloring: Video,Penh4mv5gAg.pdf,03_Video_Transcripts/Penh4mv5gAg.pdf,contents/structures/tp7-3/coloring/Penh4mv5gAg.pdf,https://ocw.mit.edu/courses/electrical-engineering-and-computer-science/6-042j-mathematics-for-computer-science-spring-2015/structures/tp7-3/,Official MIT OCW Spring 2015 course package,2015,pdf,6,31079,0411f96bf6a771a9fb2bb8d892b6118e470b18aebd2bedd9f7ae2d067049c58f
transcript-TIQ3xN38jgM,video_transcript,20,2,2.9.3,Connectivity: Video,TIQ3xN38jgM.pdf,03_Video_Transcripts/TIQ3xN38jgM.pdf,contents/structures/tp7-3/vertical-857c6f8a582c/connectivity/TIQ3xN38jgM.pdf,https://ocw.mit.edu/courses/electrical-engineering-and-computer-science/6-042j-mathematics-for-computer-science-spring-2015/structures/tp7-3/vertical-857c6f8a582c/,Official MIT OCW Spring 2015 course package,2015,pdf,2,14948,6cdb05d82f6766a9f4e6ec07af7ba744bacd7bda5d6e41f4fd35d7a20d4f977b
transcript-RqqzyWDVMA,video_transcript,21,2,2.10.5,Spanning Trees: Video,RqqzyWDVMA.pdf,03_Video_Transcripts/RqqzyWDVMA.pdf,contents/structures/tp8-1/vertical-2ef65242598f/spanning-trees/RqqzyWDVMA.pdf,https://ocw.mit.edu/courses/electrical-engineering-and-computer-science/6-042j-mathematics-for-computer-science-spring-2015/structures/tp8-1/vertical-2ef65242598f/,Official MIT OCW Spring 2015 course package,2015,pdf,4,22503,2a8c2f3504440fdbe3826e14447205c833a14fffdb8469da45d9898af3264117
transcript-ZEsk64C0fJg,video_transcript,21,2,2.10.1,Trees: Video,ZEsk64C0fJg.pdf,03_Video_Transcripts/ZEsk64C0fJg.pdf,contents/structures/tp8-1/trees/ZEsk64C0fJg.pdf,https://ocw.mit.edu/courses/electrical-engineering-and-computer-science/6-042j-mathematics-for-computer-science-spring-2015/structures/tp8-1/,Official MIT OCW Spring 2015 course package,2015,pdf,4,21370,3ea579889050597fdbac3a5276d9bfa85ab23cd776a4b144792ac4ea38be4623
transcript-g2mOvmC1TKc,video_transcript,21,2,2.10.3,Tree Coloring: Video,g2mOvmC1TKc.pdf,03_Video_Transcripts/g2mOvmC1TKc.pdf,contents/structures/tp8-1/vertical-04923c3ed451/tree-coloring/g2mOvmC1TKc.pdf,https://ocw.mit.edu/courses/electrical-engineering-and-computer-science/6-042j-mathematics-for-computer-science-spring-2015/structures/tp8-1/vertical-04923c3ed451/,Official MIT OCW Spring 2015 course package,2015,pdf,1,12251,7dc2ad5550c1c11e92559869524d76ff095defda0b52e22bc4b6f782fc92b1de
transcript-6vgHIImFwHo,video_transcript,22,2,2.11.2,Matching Ritual: Video,6vgHIImFwHo.pdf,03_Video_Transcripts/6vgHIImFwHo.pdf,contents/structures/stable-matching/matching-ritual-video/mating-ritual/6vgHIImFwHo.pdf,https://ocw.mit.edu/courses/electrical-engineering-and-computer-science/6-042j-mathematics-for-computer-science-spring-2015/structures/stable-matching/matching-ritual-video/,Official MIT OCW Spring 2015 course package,2015,pdf,3,20100,609df96902fca924cdf18f5c97ee15448ac039eb0b10fa2e47b3d9e57bedfae9
transcript-HZLKDC9OSaQ,video_transcript,22,2,2.11.7,Bipartite Matching: Video,HZLKDC9OSaQ.pdf,03_Video_Transcripts/HZLKDC9OSaQ.pdf,contents/structures/stable-matching/bipartite-matching-video/bipartite-matching-0/HZLKDC9OSaQ.pdf,https://ocw.mit.edu/courses/electrical-engineering-and-computer-science/6-042j-mathematics-for-computer-science-spring-2015/structures/stable-matching/bipartite-matching-video/,Official MIT OCW Spring 2015 course package,2015,pdf,2,15182,e31a0490ec81c923d9d2e63c1a9fadc54b4860dd59407a0cae93b9b4db32aa15
transcript-RE5PmdGNgj0,video_transcript,22,2,2.11.1,Stable Matching: Video,RE5PmdGNgj0.pdf,03_Video_Transcripts/RE5PmdGNgj0.pdf,contents/structures/stable-matching/stable-matching-0/RE5PmdGNgj0.pdf,https://ocw.mit.edu/courses/electrical-engineering-and-computer-science/6-042j-mathematics-for-computer-science-spring-2015/structures/stable-matching/,Official MIT OCW Spring 2015 course package,2015,pdf,4,27728,c7b78affa7345acbeeb4683b5f5552b7b104cb1249f04da1ef6ec325c36fe5cf
transcript-i5AWE-OoOsY,video_transcript,22,2,2.11.9,Hall's Theorem: Video,i5AWE-OoOsY.pdf,03_Video_Transcripts/i5AWE-OoOsY.pdf,contents/structures/stable-matching/hall-s-theorem-video/hall-s-theorem-0/i5AWE-OoOsY.pdf,https://ocw.mit.edu/courses/electrical-engineering-and-computer-science/6-042j-mathematics-for-computer-science-spring-2015/structures/stable-matching/hall-s-theorem-video/,Official MIT OCW Spring 2015 course package,2015,pdf,6,27360,6025784c4cf64d05e15720baa29f0ba0729648e76dada9f00435ff801d1b4f47
transcript-n4KKgKpp--0,video_transcript,22,2,2.11.5,Optimal Stable Matching: Video,n4KKgKpp--0.pdf,03_Video_Transcripts/n4KKgKpp--0.pdf,contents/structures/stable-matching/optimal-stable-matching-video/optimal-stable-matching/n4KKgKpp--0.pdf,https://ocw.mit.edu/courses/electrical-engineering-and-computer-science/6-042j-mathematics-for-computer-science-spring-2015/structures/stable-matching/optimal-stable-matching-video/,Official MIT OCW Spring 2015 course package,2015,pdf,4,21269,6fb0af5c2c3007cd2aee0f0ff99c2b4616ff7ac210d402317169c1e2cadba59a
transcript-CdhuVhWTSMI,video_transcript,23,3,3.1.5,Book Stacking: Video,CdhuVhWTSMI.pdf,03_Video_Transcripts/CdhuVhWTSMI.pdf,contents/counting/tp8-2/vertical-d3f74a0ca5a8/book-stacking/CdhuVhWTSMI.pdf,https://ocw.mit.edu/courses/electrical-engineering-and-computer-science/6-042j-mathematics-for-computer-science-spring-2015/counting/tp8-2/vertical-d3f74a0ca5a8/,Official MIT OCW Spring 2015 course package,2015,pdf,3,18167,84a541dc3ad0bf3dd4614e79dbb2bcbd0605130272f2ed976f272e1f96bdca05
transcript-EegG5TPL29c,video_transcript,23,3,3.1.7,Integral Method: Video,EegG5TPL29c.pdf,03_Video_Transcripts/EegG5TPL29c.pdf,contents/counting/tp8-2/vertical-65e8069d3ac4/integral-method/EegG5TPL29c.pdf,https://ocw.mit.edu/courses/electrical-engineering-and-computer-science/6-042j-mathematics-for-computer-science-spring-2015/counting/tp8-2/vertical-65e8069d3ac4/,Official MIT OCW Spring 2015 course package,2015,pdf,4,22634,d1ab5a4cbe6b8c66b59977bb294f325ffdea103ae3d0b00cb353795daea8e1da
transcript-ZDQk45NQbEo,video_transcript,23,3,3.1.3,Geometric Sums: Video,ZDQk45NQbEo.pdf,03_Video_Transcripts/ZDQk45NQbEo.pdf,contents/counting/tp8-2/vertical-46a80f3884d6/geometric-sums/ZDQk45NQbEo.pdf,https://ocw.mit.edu/courses/electrical-engineering-and-computer-science/6-042j-mathematics-for-computer-science-spring-2015/counting/tp8-2/vertical-46a80f3884d6/,Official MIT OCW Spring 2015 course package,2015,pdf,4,23904,bda125ada4f4db33453adeb1d58989275318c349d44808306749348dae05e392
transcript-lU_QT5GSuxI,video_transcript,23,3,3.1.9,Stirling's Formula: Video,lU_QT5GSuxI.pdf,03_Video_Transcripts/lU_QT5GSuxI.pdf,contents/counting/tp8-2/vertical-356e14210c43/stirling-s-formula/lU_QT5GSuxI.pdf,https://ocw.mit.edu/courses/electrical-engineering-and-computer-science/6-042j-mathematics-for-computer-science-spring-2015/counting/tp8-2/vertical-356e14210c43/,Official MIT OCW Spring 2015 course package,2015,pdf,2,16855,a3fb3d88807e6ec46d8546563cde6d1ac3e3e527d9d6579fcd6d79346ccba68e
transcript-v6axtBS6IF8,video_transcript,23,3,3.1.1,Arithmetic Sums: Video,v6axtBS6IF8.pdf,03_Video_Transcripts/v6axtBS6IF8.pdf,contents/counting/tp8-2/arithmetic-sums/v6axtBS6IF8.pdf,https://ocw.mit.edu/courses/electrical-engineering-and-computer-science/6-042j-mathematics-for-computer-science-spring-2015/counting/tp8-2/,Official MIT OCW Spring 2015 course package,2015,pdf,2,16187,87f8b4d060a56bc94238ed12698aa6902efa9e558ab22a947b29f82575c21fb3
transcript-CWkh5kb4TGc,video_transcript,24,3,3.2.1,Asymptotic Notation: Video,CWkh5kb4TGc.pdf,03_Video_Transcripts/CWkh5kb4TGc.pdf,contents/counting/tp8-3/asymptotic-notation/CWkh5kb4TGc.pdf,https://ocw.mit.edu/courses/electrical-engineering-and-computer-science/6-042j-mathematics-for-computer-science-spring-2015/counting/tp8-3/,Official MIT OCW Spring 2015 course package,2015,pdf,3,18548,a02d5ca8f532bbd12b6b5d03de3565066687381c55f69342370a84b717be208e
transcript-HeyEK0TWiBw,video_transcript,24,3,3.2.3,Asymptotic Properties: Video,HeyEK0TWiBw.pdf,03_Video_Transcripts/HeyEK0TWiBw.pdf,contents/counting/tp8-3/vertical-e35ce9684389/asymptotic-properties/HeyEK0TWiBw.pdf,https://ocw.mit.edu/courses/electrical-engineering-and-computer-science/6-042j-mathematics-for-computer-science-spring-2015/counting/tp8-3/vertical-e35ce9684389/,Official MIT OCW Spring 2015 course package,2015,pdf,4,22245,d30a9b5f5eb58b7ebab982f28ca936a8096e37ac3e24c638fa185e28860e7c5d
transcript-Y9Blo_G-Mvg,video_transcript,24,3,3.2.6,Asymptotic Blunders: Video,Y9Blo_G-Mvg.pdf,03_Video_Transcripts/Y9Blo_G-Mvg.pdf,contents/counting/tp8-3/vertical-f4d8cd185706/asymptotic-blunders/Y9Blo_G-Mvg.pdf,https://ocw.mit.edu/courses/electrical-engineering-and-computer-science/6-042j-mathematics-for-computer-science-spring-2015/counting/tp8-3/vertical-f4d8cd185706/,Official MIT OCW Spring 2015 course package,2015,pdf,2,16292,5072e0872527131e65a2f876fa03d5c857eb9938f034dc7f4939a3bd6f20baed
transcript-n0lce1dMAh8,video_transcript,25,3,3.3.3,Counting with Bijections: Video,n0lce1dMAh8.pdf,03_Video_Transcripts/n0lce1dMAh8.pdf,contents/counting/tp9-1/vertical-96a6db418419/bijections/n0lce1dMAh8.pdf,https://ocw.mit.edu/courses/electrical-engineering-and-computer-science/6-042j-mathematics-for-computer-science-spring-2015/counting/tp9-1/vertical-96a6db418419/,Official MIT OCW Spring 2015 course package,2015,pdf,4,24520,1fe8834a98c7a7ce7e4d143509bbdb290c40020c0ec9b9f15a98dee3c926a03b
transcript-yTrtVwKZkwU,video_transcript,25,3,3.3.1,Sum And Product Rules: Video,yTrtVwKZkwU.pdf,03_Video_Transcripts/yTrtVwKZkwU.pdf,contents/counting/tp9-1/sum-and-product-rules/yTrtVwKZkwU.pdf,https://ocw.mit.edu/courses/electrical-engineering-and-computer-science/6-042j-mathematics-for-computer-science-spring-2015/counting/tp9-1/,Official MIT OCW Spring 2015 course package,2015,pdf,3,19995,03322ed2ebd520cf3beb202c46f9b0bc3a355b62632ae8e44958d29668b0f22d
transcript-HswnmlLPGZ4,video_transcript,26,3,3.4.3,Two Pair Poker Hands: Video,HswnmlLPGZ4.pdf,03_Video_Transcripts/HswnmlLPGZ4.pdf,contents/counting/tp9-2/vertical-cb7317c8f4ec/two-pair-poker-hands/HswnmlLPGZ4.pdf,https://ocw.mit.edu/courses/electrical-engineering-and-computer-science/6-042j-mathematics-for-computer-science-spring-2015/counting/tp9-2/vertical-cb7317c8f4ec/,Official MIT OCW Spring 2015 course package,2015,pdf,3,19847,a1e30d3a13995ab05d844a544f358119b98e773c7a0ef9fd0f2baa5fd58c4890
transcript-iDfyX8WRIyM,video_transcript,26,3,3.4.1,Generalized Counting Rules: Video,iDfyX8WRIyM.pdf,03_Video_Transcripts/iDfyX8WRIyM.pdf,contents/counting/tp9-2/generalized-counting-rules/iDfyX8WRIyM.pdf,https://ocw.mit.edu/courses/electrical-engineering-and-computer-science/6-042j-mathematics-for-computer-science-spring-2015/counting/tp9-2/,Official MIT OCW Spring 2015 course package,2015,pdf,4,22560,b9f445562248a1d7d9116c21a4c71739727b553c045c3d03f540df2808ba3f70
transcript-juGgfHsO-xM,video_transcript,26,3,3.4.5,Multinomial Theorem: Video,juGgfHsO-xM.pdf,03_Video_Transcripts/juGgfHsO-xM.pdf,contents/counting/tp9-2/vertical-436d8f042056/bookkeeper-rule-multinomial-theorem/juGgfHsO-xM.pdf,https://ocw.mit.edu/courses/electrical-engineering-and-computer-science/6-042j-mathematics-for-computer-science-spring-2015/counting/tp9-2/vertical-436d8f042056/,Official MIT OCW Spring 2015 course package,2015,pdf,3,20040,aac0798766cb178028fd354bc34df2f36e08cc28c80f92b5bf19de71ea6bcbde
transcript-jwjDj4GoSV0,video_transcript,26,3,3.4.4,Binomial Theorem: Video,jwjDj4GoSV0.pdf,03_Video_Transcripts/jwjDj4GoSV0.pdf,contents/counting/tp9-2/vertical-a7fe1b9ddc0c/binomial-theorem/jwjDj4GoSV0.pdf,https://ocw.mit.edu/courses/electrical-engineering-and-computer-science/6-042j-mathematics-for-computer-science-spring-2015/counting/tp9-2/vertical-a7fe1b9ddc0c/,Official MIT OCW Spring 2015 course package,2015,pdf,2,16532,430af2de6dcf6c650a1687d49a74f7194a9d520f9f8784a84e824a2e4d68d72f
transcript-4Dz4vNUxnZM,video_transcript,27,3,3.5.1,The Pigeonhole Principle: Video,4Dz4vNUxnZM.pdf,03_Video_Transcripts/4Dz4vNUxnZM.pdf,contents/counting/tp10-1/the-pigeonhole-principle/4Dz4vNUxnZM.pdf,https://ocw.mit.edu/courses/electrical-engineering-and-computer-science/6-042j-mathematics-for-computer-science-spring-2015/counting/tp10-1/,Official MIT OCW Spring 2015 course package,2015,pdf,2,16127,67fe910c9d1d0e43698214a1be1eb73229e1b079f1daa9932597a925a306d5a0
transcript-51-b2mgZVNY,video_transcript,27,3,3.5.3,Inclusion-Exclusion Example: Video,51-b2mgZVNY.pdf,03_Video_Transcripts/51-b2mgZVNY.pdf,contents/counting/tp10-1/vertical-6d18e84b97d0/inclusion-exclusion-example/51-b2mgZVNY.pdf,https://ocw.mit.edu/courses/electrical-engineering-and-computer-science/6-042j-mathematics-for-computer-science-spring-2015/counting/tp10-1/vertical-6d18e84b97d0/,Official MIT OCW Spring 2015 course package,2015,pdf,5,26300,81851fa3cd146937f2fb00c7fbbeea585145c39a986cb570dc405fe6780f3e2b
transcript-nwpzBE9IwJQ,video_transcript,27,3,3.5.4,Inclusion-Exclusion 2 Sets: Video,nwpzBE9IwJQ.pdf,03_Video_Transcripts/nwpzBE9IwJQ.pdf,contents/counting/tp10-1/vertical-d7d25ffeb295/inclusion-exclusion-2-sets/nwpzBE9IwJQ.pdf,https://ocw.mit.edu/courses/electrical-engineering-and-computer-science/6-042j-mathematics-for-computer-science-spring-2015/counting/tp10-1/vertical-d7d25ffeb295/,Official MIT OCW Spring 2015 course package,2015,pdf,3,18916,f241b2c0205d9ea83c5283298560bff7cd52aeecefaf38ee00421ee02ee26478
transcript-Amd_bNYzgUw,video_transcript,28,4,4.1.5,Sample Spaces: Video,Amd_bNYzgUw.pdf,03_Video_Transcripts/Amd_bNYzgUw.pdf,contents/probability/tp11-2/vertical-7e0be1baca38/sample-spaces/Amd_bNYzgUw.pdf,https://ocw.mit.edu/courses/electrical-engineering-and-computer-science/6-042j-mathematics-for-computer-science-spring-2015/probability/tp11-2/vertical-7e0be1baca38/,Official MIT OCW Spring 2015 course package,2015,pdf,4,22598,40f80ae9efcf2cc8f482d597eef5a79638b77808dd4900fa2b7352499617b812
transcript-L30HPgryd6I,video_transcript,28,4,4.1.3,Simplified Monty Hall Tree: Video,L30HPgryd6I.pdf,03_Video_Transcripts/L30HPgryd6I.pdf,contents/probability/tp11-2/vertical-65858dc50455/simplified-monty-hall-tree/L30HPgryd6I.pdf,https://ocw.mit.edu/courses/electrical-engineering-and-computer-science/6-042j-mathematics-for-computer-science-spring-2015/probability/tp11-2/vertical-65858dc50455/,Official MIT OCW Spring 2015 course package,2015,pdf,3,20083,6c56f8304f8ba59992ceb06bc4356a9a1891d450a3efd196c8fb86e4a2e26d24
transcript-dEsFEK4vnV4,video_transcript,28,4,4.1.1,Tree Model: Video,dEsFEK4vnV4.pdf,03_Video_Transcripts/dEsFEK4vnV4.pdf,contents/probability/tp11-2/tree-model/dEsFEK4vnV4.pdf,https://ocw.mit.edu/courses/electrical-engineering-and-computer-science/6-042j-mathematics-for-computer-science-spring-2015/probability/tp11-2/,Official MIT OCW Spring 2015 course package,2015,pdf,8,39991,860193fa8018604e4f92419bc67a86fb1008152df749b0dd0462977165049ed2
transcript-BEAv82FinM0,video_transcript,29,4,4.2.7,Monty Hall Problem: Video,BEAv82FinM0.pdf,03_Video_Transcripts/BEAv82FinM0.pdf,contents/probability/tp12-1/vertical-038350815734/monty-hall-conditional-confusions/BEAv82FinM0.pdf,https://ocw.mit.edu/courses/electrical-engineering-and-computer-science/6-042j-mathematics-for-computer-science-spring-2015/probability/tp12-1/vertical-038350815734/,Official MIT OCW Spring 2015 course package,2015,pdf,3,20148,7ddbccb27bfb6eb9e452fa045cf1ea15d7ec21fa0c5c322d3a43f3808c54c204
transcript-Cu9_LaaWgHo,video_transcript,29,4,4.2.1,Conditional Probability Definitions: Video,Cu9_LaaWgHo.pdf,03_Video_Transcripts/Cu9_LaaWgHo.pdf,contents/probability/tp12-1/definitions/Cu9_LaaWgHo.pdf,https://ocw.mit.edu/courses/electrical-engineering-and-computer-science/6-042j-mathematics-for-computer-science-spring-2015/probability/tp12-1/,Official MIT OCW Spring 2015 course package,2015,pdf,5,24909,a70304b80cf927c16c497dfd19fecbc18540bf08d11b174cf11c0f5b8147d85e
transcript-F3y8qupFfUs,video_transcript,29,4,4.2.3,Law of Total Probability: Video,F3y8qupFfUs.pdf,03_Video_Transcripts/F3y8qupFfUs.pdf,contents/probability/tp12-1/vertical-4689ff047559/law-of-total-probability/F3y8qupFfUs.pdf,https://ocw.mit.edu/courses/electrical-engineering-and-computer-science/6-042j-mathematics-for-computer-science-spring-2015/probability/tp12-1/vertical-4689ff047559/,Official MIT OCW Spring 2015 course package,2015,pdf,2,14672,e31173c4f19b17de8698152398507cb5264cfc0c1574c4a0c6ec3f14edee9330
transcript-e-yQFC6dACA,video_transcript,29,4,4.2.5,Bayes' Theorem: Video,e-yQFC6dACA.pdf,03_Video_Transcripts/e-yQFC6dACA.pdf,contents/probability/tp12-1/vertical-1f097d8a0a33/bayes-theorem/e-yQFC6dACA.pdf,https://ocw.mit.edu/courses/electrical-engineering-and-computer-science/6-042j-mathematics-for-computer-science-spring-2015/probability/tp12-1/vertical-1f097d8a0a33/,Official MIT OCW Spring 2015 course package,2015,pdf,5,25322,af9e711c7be955e83d3e1ec23763fd0cf4c181c0a0a01d708907d3cdd20f4c66
transcript-I1HpgnWQI7I,video_transcript,3,1,1.3.3,Well Ordering Principle 2: Video,I1HpgnWQI7I.pdf,03_Video_Transcripts/I1HpgnWQI7I.pdf,contents/proofs/tp2-1/vertical-735460178366/well-ordering-principle-2/I1HpgnWQI7I.pdf,https://ocw.mit.edu/courses/electrical-engineering-and-computer-science/6-042j-mathematics-for-computer-science-spring-2015/proofs/tp2-1/vertical-735460178366/,Official MIT OCW Spring 2015 course package,2015,pdf,2,17284,b8a6faee94e4d6a4aed2cfe05c9f3264e91068abbd3271e3ad8ded2e5968e96f
transcript-fV3v6qQ3w4A,video_transcript,3,1,1.3.1,Well Ordering Principle 1: Video,fV3v6qQ3w4A.pdf,03_Video_Transcripts/fV3v6qQ3w4A.pdf,contents/proofs/tp2-1/well-ordering-principle-1/fV3v6qQ3w4A.pdf,https://ocw.mit.edu/courses/electrical-engineering-and-computer-science/6-042j-mathematics-for-computer-science-spring-2015/proofs/tp2-1/,Official MIT OCW Spring 2015 course package,2015,pdf,3,18087,83d9d92162592c308af3f2000793207501ff3fdde46cc57f9e1205bec876abbb
transcript-hNrtGiCFPGs,video_transcript,3,1,1.3.5,Well Ordering Principle 3: Video,hNrtGiCFPGs.pdf,03_Video_Transcripts/hNrtGiCFPGs.pdf,contents/proofs/tp2-1/vertical-4bb7930de7ec/well-ordering-principle-3/hNrtGiCFPGs.pdf,https://ocw.mit.edu/courses/electrical-engineering-and-computer-science/6-042j-mathematics-for-computer-science-spring-2015/proofs/tp2-1/vertical-4bb7930de7ec/,Official MIT OCW Spring 2015 course package,2015,pdf,3,17726,3a7117e092239949a0e3731876dfb54aa19cbfa15ab45cb5c387423449a4b012
transcript-1vQ2x5O_xqk,video_transcript,30,4,4.3.1,Independence: Video,1vQ2x5O_xqk.pdf,03_Video_Transcripts/1vQ2x5O_xqk.pdf,contents/probability/tp12-2/independence/1vQ2x5O_xqk.pdf,https://ocw.mit.edu/courses/electrical-engineering-and-computer-science/6-042j-mathematics-for-computer-science-spring-2015/probability/tp12-2/,Official MIT OCW Spring 2015 course package,2015,pdf,2,15268,8ab8556c295f6dcf636bbba3c4fdf7180d420d680250a403653a5f9a3eff10f0
transcript-wJzBU7Do1ls,video_transcript,30,4,4.3.3,Mutual Independence: Video,wJzBU7Do1ls.pdf,03_Video_Transcripts/wJzBU7Do1ls.pdf,contents/probability/tp12-2/vertical-9c80216b7495/mutual-independence/wJzBU7Do1ls.pdf,https://ocw.mit.edu/courses/electrical-engineering-and-computer-science/6-042j-mathematics-for-computer-science-spring-2015/probability/tp12-2/vertical-9c80216b7495/,Official MIT OCW Spring 2015 course package,2015,pdf,3,20131,1297e17afb8d8716eb6e43617e3df34b026ae38e781fa8d69bfdef713d061f61
transcript-BH4qlkYCLW0,video_transcript,31,4,4.4.1,Bigger Number Game: Video,BH4qlkYCLW0.pdf,03_Video_Transcripts/BH4qlkYCLW0.pdf,contents/probability/tp12-3/bigger-number-game/BH4qlkYCLW0.pdf,https://ocw.mit.edu/courses/electrical-engineering-and-computer-science/6-042j-mathematics-for-computer-science-spring-2015/probability/tp12-3/,Official MIT OCW Spring 2015 course package,2015,pdf,5,26035,e863804cefdecc9ad0ee58ebf6615c3e11d3871f0363e75f223b621f4292a376
transcript-L2yOSFsMvnc,video_transcript,31,4,4.4.4,Random Variables: Uniform & Binomial: Video,L2yOSFsMvnc.pdf,03_Video_Transcripts/L2yOSFsMvnc.pdf,contents/probability/tp12-3/vertical-c596d4103fc3/random-variables-uniform-binomial/L2yOSFsMvnc.pdf,https://ocw.mit.edu/courses/electrical-engineering-and-computer-science/6-042j-mathematics-for-computer-science-spring-2015/probability/tp12-3/vertical-c596d4103fc3/,Official MIT OCW Spring 2015 course package,2015,pdf,4,24124,06c73af3deadfaf7abc795be039bde6b10a305b2c80006404286363708641738
transcript-VJzv6WJTtNc,video_transcript,31,4,4.4.2,Random Variables: Independence: Video,VJzv6WJTtNc.pdf,03_Video_Transcripts/VJzv6WJTtNc.pdf,contents/probability/tp12-3/vertical-af2ad400f984/random-variables-independence/VJzv6WJTtNc.pdf,https://ocw.mit.edu/courses/electrical-engineering-and-computer-science/6-042j-mathematics-for-computer-science-spring-2015/probability/tp12-3/vertical-af2ad400f984/,Official MIT OCW Spring 2015 course package,2015,pdf,6,29381,cd8eb99ddd7934ad8aff03f3630b43cfe263a348955c3ce79fcb195bc03906e4
transcript-D9l-pIg1Ayo,video_transcript,32,4,4.5.3,Expected Number Of Heads: Video,D9l-pIg1Ayo.pdf,03_Video_Transcripts/D9l-pIg1Ayo.pdf,contents/probability/tp13-1/vertical-07d1783f0da3/expected-number-of-heads/D9l-pIg1Ayo.pdf,https://ocw.mit.edu/courses/electrical-engineering-and-computer-science/6-042j-mathematics-for-computer-science-spring-2015/probability/tp13-1/vertical-07d1783f0da3/,Official MIT OCW Spring 2015 course package,2015,pdf,2,15169,2290d6857f40e28b6a6bff195288a4e4706c4bbd5b605df0141b2726d01d6382
transcript-Dqx56lZ_icg,video_transcript,32,4,4.5.7,Mean Time to Failure: Video,Dqx56lZ_icg.pdf,03_Video_Transcripts/Dqx56lZ_icg.pdf,contents/probability/tp13-1/vertical-e8dee31ddd76/mean-time-to-failure/Dqx56lZ_icg.pdf,https://ocw.mit.edu/courses/electrical-engineering-and-computer-science/6-042j-mathematics-for-computer-science-spring-2015/probability/tp13-1/vertical-e8dee31ddd76/,Official MIT OCW Spring 2015 course package,2015,pdf,4,23780,5f1d99d07c41b38c7b4c5a8b1b6662dbdc63b64e08c3b9cf87b97a3a34354d32
transcript-KFcodn4qfrQ,video_transcript,32,4,4.5.9,Linearity of Expectation: Video,KFcodn4qfrQ.pdf,03_Video_Transcripts/KFcodn4qfrQ.pdf,contents/probability/tp13-1/vertical-49ea207a6233/linearity-of-expectation/KFcodn4qfrQ.pdf,https://ocw.mit.edu/courses/electrical-engineering-and-computer-science/6-042j-mathematics-for-computer-science-spring-2015/probability/tp13-1/vertical-49ea207a6233/,Official MIT OCW Spring 2015 course package,2015,pdf,7,32474,37f0918df219bd7368ee3ce1928827575d3d6fc4554ce33ace30bd6eae969dd7
transcript-YVQdVzSkcmQ,video_transcript,32,4,4.5.1,Expectation: Video,YVQdVzSkcmQ.pdf,03_Video_Transcripts/YVQdVzSkcmQ.pdf,contents/probability/tp13-1/expectation/YVQdVzSkcmQ.pdf,https://ocw.mit.edu/courses/electrical-engineering-and-computer-science/6-042j-mathematics-for-computer-science-spring-2015/probability/tp13-1/,Official MIT OCW Spring 2015 course package,2015,pdf,7,33294,a079fb161faf2ba39bfffdfc052335285315753a9f37de10cbee43e865cbfb03
transcript-mqoDXWrSais,video_transcript,32,4,4.5.5,Total Expectation: Video,mqoDXWrSais.pdf,03_Video_Transcripts/mqoDXWrSais.pdf,contents/probability/tp13-1/vertical-6913b2097610/total-expectation/mqoDXWrSais.pdf,https://ocw.mit.edu/courses/electrical-engineering-and-computer-science/6-042j-mathematics-for-computer-science-spring-2015/probability/tp13-1/vertical-6913b2097610/,Official MIT OCW Spring 2015 course package,2015,pdf,2,16063,2305bab2d762ca42d73fd62b0c79fa3d8e83c2047557c86734f276afcc488e76
transcript-ALn1McUXg-c,video_transcript,33,4,4.6.1,Deviation From The Mean: Video,ALn1McUXg-c.pdf,03_Video_Transcripts/ALn1McUXg-c.pdf,contents/probability/tp13-2/deviation-from-the-mean/ALn1McUXg-c.pdf,https://ocw.mit.edu/courses/electrical-engineering-and-computer-science/6-042j-mathematics-for-computer-science-spring-2015/probability/tp13-2/,Official MIT OCW Spring 2015 course package,2015,pdf,3,20247,06bacb0ee263a13cc9aaf584930bdb8993e6d73916cbe204aa0631a8b35a407b
transcript-m07lrb7m0D0,video_transcript,33,4,4.6.3,Markov Bounds: Video,m07lrb7m0D0.pdf,03_Video_Transcripts/m07lrb7m0D0.pdf,contents/probability/tp13-2/vertical-8307292b80cb/markov-bounds/m07lrb7m0D0.pdf,https://ocw.mit.edu/courses/electrical-engineering-and-computer-science/6-042j-mathematics-for-computer-science-spring-2015/probability/tp13-2/vertical-8307292b80cb/,Official MIT OCW Spring 2015 course package,2015,pdf,4,22050,f8ba4dbaf5bfe3b0b7c28fb34f7cc606128db9b1a02fe675ef50bc77bb4ac233
transcript-o57CTwt1-ck,video_transcript,33,4,4.6.7,Variance: Video,o57CTwt1-ck.pdf,03_Video_Transcripts/o57CTwt1-ck.pdf,contents/probability/tp13-2/vertical-0646c16ad916/variance/o57CTwt1-ck.pdf,https://ocw.mit.edu/courses/electrical-engineering-and-computer-science/6-042j-mathematics-for-computer-science-spring-2015/probability/tp13-2/vertical-0646c16ad916/,Official MIT OCW Spring 2015 course package,2015,pdf,6,27936,bc14a87020d5cbd333a813e172cf5849c7a65848f1190ac21377268e5439f178
transcript-uaa4P-kkLrA,video_transcript,33,4,4.6.5,Chebyshev Bounds: Video,uaa4P-kkLrA.pdf,03_Video_Transcripts/uaa4P-kkLrA.pdf,contents/probability/tp13-2/vertical-49f940bfd8d6/chebyshev-bounds/uaa4P-kkLrA.pdf,https://ocw.mit.edu/courses/electrical-engineering-and-computer-science/6-042j-mathematics-for-computer-science-spring-2015/probability/tp13-2/vertical-49f940bfd8d6/,Official MIT OCW Spring 2015 course package,2015,pdf,4,22691,0c82d1ed35edb52bd3bbbcf2d121772a0fbfe12b4772f816cf27c546e88c3840
transcript--yo3YxfY47g,video_transcript,34,4,4.7.1,Law Of Large Numbers: Video,-yo3YxfY47g.pdf,03_Video_Transcripts/-yo3YxfY47g.pdf,contents/probability/tp14-1/law-of-large-numbers/-yo3YxfY47g.pdf,https://ocw.mit.edu/courses/electrical-engineering-and-computer-science/6-042j-mathematics-for-computer-science-spring-2015/probability/tp14-1/,Official MIT OCW Spring 2015 course package,2015,pdf,5,31712,81e593efbef8c9fb7ab284e7ba91596d4a5ca80ce7b4ea745f9da882fcf41675
transcript-MMn7q1M7pGI,video_transcript,34,4,4.7.3,Independent Sampling Theorem: Video,MMn7q1M7pGI.pdf,03_Video_Transcripts/MMn7q1M7pGI.pdf,contents/probability/tp14-1/vertical-872c5ec0974e/independent-sampling-theorem/MMn7q1M7pGI.pdf,https://ocw.mit.edu/courses/electrical-engineering-and-computer-science/6-042j-mathematics-for-computer-science-spring-2015/probability/tp14-1/vertical-872c5ec0974e/,Official MIT OCW Spring 2015 course package,2015,pdf,3,18588,9a7ab372b3ef4eac8491830459752a095e3edddd0636c865d927cbee951c78ed
transcript-Q-6Cw8tYVeY,video_transcript,34,4,4.7.7,Sampling & Confidence: Video,Q-6Cw8tYVeY.pdf,03_Video_Transcripts/Q-6Cw8tYVeY.pdf,contents/probability/tp14-1/vertical-83cee7032f8c/sampling-confidence/Q-6Cw8tYVeY.pdf,https://ocw.mit.edu/courses/electrical-engineering-and-computer-science/6-042j-mathematics-for-computer-science-spring-2015/probability/tp14-1/vertical-83cee7032f8c/,Official MIT OCW Spring 2015 course package,2015,pdf,4,25168,e8ec2ae6a3a43e29b42aaf31da3ea733998b3d5f5216de9ec9c9de855b241e31
transcript-TWVntUfXsKs,video_transcript,34,4,4.7.5,Birthday Matching: Video,TWVntUfXsKs.pdf,03_Video_Transcripts/TWVntUfXsKs.pdf,contents/probability/tp14-1/vertical-82840a0ba306/birthday-matching/TWVntUfXsKs.pdf,https://ocw.mit.edu/courses/electrical-engineering-and-computer-science/6-042j-mathematics-for-computer-science-spring-2015/probability/tp14-1/vertical-82840a0ba306/,Official MIT OCW Spring 2015 course package,2015,pdf,5,25802,6db832e4af70312ec6b37d3acbdadb86655fafc75d72c93f69c0893e481fe8d8
transcript--j7MoM3P_J8,video_transcript,35,4,4.8.1,Random Walks: Video,-j7MoM3P_J8.pdf,03_Video_Transcripts/-j7MoM3P_J8.pdf,contents/probability/random-walks-pagerank/random-walks/-j7MoM3P_J8.pdf,https://ocw.mit.edu/courses/electrical-engineering-and-computer-science/6-042j-mathematics-for-computer-science-spring-2015/probability/random-walks-pagerank/,Official MIT OCW Spring 2015 course package,2015,pdf,4,23912,5e22e45823c158a3408d6aa6346a8d7d851f9dcfee9a5ba831217279f6902a0c
transcript-QKO_2WQkZ0k,video_transcript,35,4,4.8.3,Page Rank: Video,QKO_2WQkZ0k.pdf,03_Video_Transcripts/QKO_2WQkZ0k.pdf,contents/probability/random-walks-pagerank/page-rank-video/page-rank/QKO_2WQkZ0k.pdf,https://ocw.mit.edu/courses/electrical-engineering-and-computer-science/6-042j-mathematics-for-computer-science-spring-2015/probability/random-walks-pagerank/page-rank-video/,Official MIT OCW Spring 2015 course package,2015,pdf,4,23420,974df800d25b6fd4b8d26fe69971d4f8ed6cfd372629654f4a92612bdbee1a72
transcript-iZX8WEGZTVw,video_transcript,35,4,4.8.2,Stationary Distributions: Video,iZX8WEGZTVw.pdf,03_Video_Transcripts/iZX8WEGZTVw.pdf,contents/probability/random-walks-pagerank/stationary-distributions-video/stationary-distributions/iZX8WEGZTVw.pdf,https://ocw.mit.edu/courses/electrical-engineering-and-computer-science/6-042j-mathematics-for-computer-science-spring-2015/probability/random-walks-pagerank/stationary-distributions-video/,Official MIT OCW Spring 2015 course package,2015,pdf,6,29149,c07d5fb001d6dbed75f684e6d4d119d3129670a503fdc46ebcb50895abebf3fc
transcript-0exBzsexUoI,video_transcript,4,1,1.4.1,Propositional Operators: Video,0exBzsexUoI.pdf,03_Video_Transcripts/0exBzsexUoI.pdf,contents/proofs/tp2-2/propositional-operators/0exBzsexUoI.pdf,https://ocw.mit.edu/courses/electrical-engineering-and-computer-science/6-042j-mathematics-for-computer-science-spring-2015/proofs/tp2-2/,Official MIT OCW Spring 2015 course package,2015,pdf,3,21630,f6cac14ef5f629e54b0976c54ce3aa3b96d1bdd0168e50bb76950b283019b760
transcript-3WDzxt5p8c,video_transcript,4,1,1.4.4,Truth Tables: Video,3WDzxt5p8c.pdf,03_Video_Transcripts/3WDzxt5p8c.pdf,contents/proofs/tp2-2/truth-tables-video/truth-tables/3WDzxt5p8c.pdf,https://ocw.mit.edu/courses/electrical-engineering-and-computer-science/6-042j-mathematics-for-computer-science-spring-2015/proofs/tp2-2/truth-tables-video/,Official MIT OCW Spring 2015 course package,2015,pdf,5,26822,a5390548433639ba79fd183b70d86f516818350a73f18e157df63d3c55c7be0f
transcript-eMWG-jTh-GE,video_transcript,4,1,1.4.3,Digital Logic: Video,eMWG-jTh-GE.pdf,03_Video_Transcripts/eMWG-jTh-GE.pdf,contents/proofs/tp2-2/digital-logic-video/digital-logic/eMWG-jTh-GE.pdf,https://ocw.mit.edu/courses/electrical-engineering-and-computer-science/6-042j-mathematics-for-computer-science-spring-2015/proofs/tp2-2/digital-logic-video/,Official MIT OCW Spring 2015 course package,2015,pdf,4,23268,fc17cabb63b1241ba39e494ee11c0b503f5800b4116ce579bca7cd4319711518
transcript-L5uBeAGJV1k,video_transcript,5,1,1.5.4,Predicate Logic 3: Video,L5uBeAGJV1k.pdf,03_Video_Transcripts/L5uBeAGJV1k.pdf,contents/proofs/tp3-1/vertical-ef4691d3280b/predicate-logic-3/L5uBeAGJV1k.pdf,https://ocw.mit.edu/courses/electrical-engineering-and-computer-science/6-042j-mathematics-for-computer-science-spring-2015/proofs/tp3-1/vertical-ef4691d3280b/,Official MIT OCW Spring 2015 course package,2015,pdf,3,20366,82d8267f9126f5d675a30268e395df3f7e7395baa91119cb47ea48e43a25e1ac
transcript-T1AtlGrCoU8,video_transcript,5,1,1.5.2,Predicate Logic 2: Video,T1AtlGrCoU8.pdf,03_Video_Transcripts/T1AtlGrCoU8.pdf,contents/proofs/tp3-1/vertical-7b4a11771cb1/predicate-logic-2/T1AtlGrCoU8.pdf,https://ocw.mit.edu/courses/electrical-engineering-and-computer-science/6-042j-mathematics-for-computer-science-spring-2015/proofs/tp3-1/vertical-7b4a11771cb1/,Official MIT OCW Spring 2015 course package,2015,pdf,4,24075,df41b1f86ba25d4e4140d7d095bc4818be0aadce8c95a44e63a15fbead36803b
transcript-UroprmQHTLc,video_transcript,5,1,1.5.1,Predicate Logic 1: Video,UroprmQHTLc.pdf,03_Video_Transcripts/UroprmQHTLc.pdf,contents/proofs/tp3-1/predicate-logic-1/UroprmQHTLc.pdf,https://ocw.mit.edu/courses/electrical-engineering-and-computer-science/6-042j-mathematics-for-computer-science-spring-2015/proofs/tp3-1/,Official MIT OCW Spring 2015 course package,2015,pdf,4,24611,b1fbd402835db698bf83e1e2e232300802607b1c00ee29a3cd21157ffe4c5f2c
transcript-KZ7jjLTQ9r4,video_transcript,6,1,1.6.1,Sets Definitions: Video,KZ7jjLTQ9r4.pdf,03_Video_Transcripts/KZ7jjLTQ9r4.pdf,contents/proofs/tp3-2/sets-definitions/KZ7jjLTQ9r4.pdf,https://ocw.mit.edu/courses/electrical-engineering-and-computer-science/6-042j-mathematics-for-computer-science-spring-2015/proofs/tp3-2/,Official MIT OCW Spring 2015 course package,2015,pdf,5,25402,21d905e01cec9493a627fa9a275246eecc5728ed62d7d780af01cd9b4134950f
transcript-Mhip1rljvRo,video_transcript,6,1,1.6.2,Sets Operations: Video,Mhip1rljvRo.pdf,03_Video_Transcripts/Mhip1rljvRo.pdf,contents/proofs/tp3-2/vertical-822cbc94ed34/sets-operations/Mhip1rljvRo.pdf,https://ocw.mit.edu/courses/electrical-engineering-and-computer-science/6-042j-mathematics-for-computer-science-spring-2015/proofs/tp3-2/vertical-822cbc94ed34/,Official MIT OCW Spring 2015 course package,2015,pdf,4,21663,d2aca1ae591b99043be3dec431205ffa9be154eedb6e021d6bae2e1a7093ab04
transcript-FkfsmwAtDdY,video_transcript,7,1,1.7.1,Relations: Video,FkfsmwAtDdY.pdf,03_Video_Transcripts/FkfsmwAtDdY.pdf,contents/proofs/tp3-3/relations/FkfsmwAtDdY.pdf,https://ocw.mit.edu/courses/electrical-engineering-and-computer-science/6-042j-mathematics-for-computer-science-spring-2015/proofs/tp3-3/,Official MIT OCW Spring 2015 course package,2015,pdf,10,39320,5847d2cd88d69b281f6550a9f7c4303b423d630b0932c8a5856db80d03e449df
transcript-fpy5Hsz5t6E,video_transcript,7,1,1.7.5,Finite Cardinality: Video,fpy5Hsz5t6E.pdf,03_Video_Transcripts/fpy5Hsz5t6E.pdf,contents/proofs/tp3-3/vertical-aecd80da5c9a/finite-cardinality/fpy5Hsz5t6E.pdf,https://ocw.mit.edu/courses/electrical-engineering-and-computer-science/6-042j-mathematics-for-computer-science-spring-2015/proofs/tp3-3/vertical-aecd80da5c9a/,Official MIT OCW Spring 2015 course package,2015,pdf,4,23250,85749e3d4578a0a1eb9b8869fb2c1ae0b0462e1c8152249a9e750f53758f67c3
transcript-gFD1Lp6zK3w,video_transcript,7,1,1.7.3,Relational Mappings: Video,gFD1Lp6zK3w.pdf,03_Video_Transcripts/gFD1Lp6zK3w.pdf,contents/proofs/tp3-3/vertical-360a6e85d0f4/relational-mappings/gFD1Lp6zK3w.pdf,https://ocw.mit.edu/courses/electrical-engineering-and-computer-science/6-042j-mathematics-for-computer-science-spring-2015/proofs/tp3-3/vertical-360a6e85d0f4/,Official MIT OCW Spring 2015 course package,2015,pdf,4,21731,e36594f8dfe546f85f899b02295e35647a0b2f08cf8605e30d420f6eadd4a3a8
transcript-D3E5CKebKuQ,video_transcript,8,1,1.8.2,Bogus Induction: Video,D3E5CKebKuQ.pdf,03_Video_Transcripts/D3E5CKebKuQ.pdf,contents/proofs/tp4-1/vertical-9984d57d43e5/bogus-induction/D3E5CKebKuQ.pdf,https://ocw.mit.edu/courses/electrical-engineering-and-computer-science/6-042j-mathematics-for-computer-science-spring-2015/proofs/tp4-1/vertical-9984d57d43e5/,Official MIT OCW Spring 2015 course package,2015,pdf,2,16645,5285b2c4f89e7b205be57aff59a05670eea2dee105f0492a11ce6503ea0c5bd4
transcript-K8ZfzNN1miQ,video_transcript,8,1,1.8.6,WOP vs Induction: Video [optional],K8ZfzNN1miQ.pdf,03_Video_Transcripts/K8ZfzNN1miQ.pdf,contents/proofs/tp4-1/vertical-98aa517cd42e/wop-vs-induction/K8ZfzNN1miQ.pdf,https://ocw.mit.edu/courses/electrical-engineering-and-computer-science/6-042j-mathematics-for-computer-science-spring-2015/proofs/tp4-1/vertical-98aa517cd42e/,Official MIT OCW Spring 2015 course package,2015,pdf,3,20787,b299e320ae3eaaf62626c04bae7f1aaf2de19d88eafea12eae034dd6638fb4a4
transcript-TUueMeRooBk,video_transcript,8,1,1.8.4,Strong Induction: Video,TUueMeRooBk.pdf,03_Video_Transcripts/TUueMeRooBk.pdf,contents/proofs/tp4-1/vertical-828ce2b900d3/strong-induction/TUueMeRooBk.pdf,https://ocw.mit.edu/courses/electrical-engineering-and-computer-science/6-042j-mathematics-for-computer-science-spring-2015/proofs/tp4-1/vertical-828ce2b900d3/,Official MIT OCW Spring 2015 course package,2015,pdf,4,22913,7c35dd580ce1ea4273121d7322987749c392cdb57a0414f190e0bc1d25bb9769
transcript-XnV8GAuAqJM,video_transcript,8,1,1.8.1,Induction: Video,XnV8GAuAqJM.pdf,03_Video_Transcripts/XnV8GAuAqJM.pdf,contents/proofs/tp4-1/induction/XnV8GAuAqJM.pdf,https://ocw.mit.edu/courses/electrical-engineering-and-computer-science/6-042j-mathematics-for-computer-science-spring-2015/proofs/tp4-1/,Official MIT OCW Spring 2015 course package,2015,pdf,8,36862,38e170b992588f1aa556a20d89e4754d6e5993cbfeb426b86e066d7cdadeb219
transcript-VuG2JNcRXYg,video_transcript,9,1,1.9.1,State Machines Invariants: Video,VuG2JNcRXYg.pdf,03_Video_Transcripts/VuG2JNcRXYg.pdf,contents/proofs/tp4-2/state-machines-invariants/VuG2JNcRXYg.pdf,https://ocw.mit.edu/courses/electrical-engineering-and-computer-science/6-042j-mathematics-for-computer-science-spring-2015/proofs/tp4-2/,Official MIT OCW Spring 2015 course package,2015,pdf,9,41179,3119bea2a80c43086f57a1fa268470718d1cf85aa0a5797c418b01c984f8d46c
transcript-a7JUH-EtHtI,video_transcript,9,1,1.9.3,Derived Variables: Video,a7JUH-EtHtI.pdf,03_Video_Transcripts/a7JUH-EtHtI.pdf,contents/proofs/tp4-2/vertical-ef00ae29a8ca/derived-variables/a7JUH-EtHtI.pdf,https://ocw.mit.edu/courses/electrical-engineering-and-computer-science/6-042j-mathematics-for-computer-science-spring-2015/proofs/tp4-2/vertical-ef00ae29a8ca/,Official MIT OCW Spring 2015 course package,2015,pdf,2,16022,964f5b647e138a4d7019649b7c021be76dbb653852c8202ddeea0597ad762391
