coverage_id,category,session,unit,source_file,source_page,problem_number,prompt_id,official_answer_available,note_file,note_anchor,solution_status,verification_method
online-S01-1.1.4-Q1,online_feedback,1,1,08_Courseware_Exercises/S01_1.1.4_definitions-to-know-for-proofs.md,,,Q1,yes,01_Proofs.md,#Session 1 — Introduction to Proofs,integrated; official answer and feedback explained in course note,official OCW correct-answer and feedback fields; checked in course note
online-S01-1.1.4-Q2,online_feedback,1,1,08_Courseware_Exercises/S01_1.1.4_definitions-to-know-for-proofs.md,,,Q2,yes,01_Proofs.md,#Session 1 — Introduction to Proofs,integrated; official answer and feedback explained in course note,official OCW correct-answer and feedback fields; checked in course note
online-S01-1.1.4-Q3,online_feedback,1,1,08_Courseware_Exercises/S01_1.1.4_definitions-to-know-for-proofs.md,,,Q3,yes,01_Proofs.md,#Session 1 — Introduction to Proofs,integrated; official answer and feedback explained in course note,official OCW correct-answer and feedback fields; checked in course note
online-S01-1.1.4-Q4,online_feedback,1,1,08_Courseware_Exercises/S01_1.1.4_definitions-to-know-for-proofs.md,,,Q4,yes,01_Proofs.md,#Session 1 — Introduction to Proofs,integrated; official answer and feedback explained in course note,official OCW correct-answer and feedback fields; checked in course note
online-S01-1.1.4-Q5,online_feedback,1,1,08_Courseware_Exercises/S01_1.1.4_definitions-to-know-for-proofs.md,,,Q5,yes,01_Proofs.md,#Session 1 — Introduction to Proofs,integrated; official answer and feedback explained in course note,official OCW correct-answer and feedback fields; checked in course note
online-S01-1.1.4-Q6,online_feedback,1,1,08_Courseware_Exercises/S01_1.1.4_definitions-to-know-for-proofs.md,,,Q6,yes,01_Proofs.md,#Session 1 — Introduction to Proofs,integrated; official answer and feedback explained in course note,official OCW correct-answer and feedback fields; checked in course note
online-S01-1.1.4-Q7,online_feedback,1,1,08_Courseware_Exercises/S01_1.1.4_definitions-to-know-for-proofs.md,,,Q7,yes,01_Proofs.md,#Session 1 — Introduction to Proofs,integrated; official answer and feedback explained in course note,official OCW correct-answer and feedback fields; checked in course note
online-S01-1.1.5-Q1,online_feedback,1,1,08_Courseware_Exercises/S01_1.1.5_modus-ponens.md,,,Q1,yes,01_Proofs.md,#Session 1 — Introduction to Proofs,integrated; official answer and feedback explained in course note,official OCW correct-answer and feedback fields; checked in course note
online-S01-1.1.5-Q2,online_feedback,1,1,08_Courseware_Exercises/S01_1.1.5_modus-ponens.md,,,Q2,yes,01_Proofs.md,#Session 1 — Introduction to Proofs,integrated; official answer and feedback explained in course note,official OCW correct-answer and feedback fields; checked in course note
online-S01-1.1.5-Q3,online_feedback,1,1,08_Courseware_Exercises/S01_1.1.5_modus-ponens.md,,,Q3,yes,01_Proofs.md,#Session 1 — Introduction to Proofs,integrated; official answer and feedback explained in course note,official OCW correct-answer and feedback fields; checked in course note
online-S01-1.1.5-Q4,online_feedback,1,1,08_Courseware_Exercises/S01_1.1.5_modus-ponens.md,,,Q4,yes,01_Proofs.md,#Session 1 — Introduction to Proofs,integrated; official answer and feedback explained in course note,official OCW correct-answer and feedback fields; checked in course note
online-S01-1.1.5-Q5,online_feedback,1,1,08_Courseware_Exercises/S01_1.1.5_modus-ponens.md,,,Q5,yes,01_Proofs.md,#Session 1 — Introduction to Proofs,integrated; official answer and feedback explained in course note,official OCW correct-answer and feedback fields; checked in course note
online-S01-1.1.5-Q6,online_feedback,1,1,08_Courseware_Exercises/S01_1.1.5_modus-ponens.md,,,Q6,yes,01_Proofs.md,#Session 1 — Introduction to Proofs,integrated; official answer and feedback explained in course note,official OCW correct-answer and feedback fields; checked in course note
online-S02-1.2.2-Q1,online_feedback,2,1,08_Courseware_Exercises/S02_1.2.2_proof-by-contradiction.md,,,Q1,yes,01_Proofs.md,#Session 2 — Proof Methods,integrated; official answer and feedback explained in course note,official OCW correct-answer and feedback fields; checked in course note
online-S02-1.2.4-Q1,online_feedback,2,1,08_Courseware_Exercises/S02_1.2.4_when-to-prove-by-cases.md,,,Q1,yes,01_Proofs.md,#Session 2 — Proof Methods,integrated; official answer and feedback explained in course note,official OCW correct-answer and feedback fields; checked in course note
online-S02-1.2.5-Q1,online_feedback,2,1,08_Courseware_Exercises/S02_1.2.5_friends-and-strangers.md,,,Q1,yes,01_Proofs.md,#Session 2 — Proof Methods,integrated; official answer and feedback explained in course note,official OCW correct-answer and feedback fields; checked in course note
online-S02-1.2.6-Q1,online_feedback,2,1,08_Courseware_Exercises/S02_1.2.6_a-bogus-proof-by-cases.md,,,Q1,yes,01_Proofs.md,#Session 2 — Proof Methods,integrated; official answer and feedback explained in course note,official OCW correct-answer and feedback fields; checked in course note
online-S02-1.2.7-Q1,online_feedback,2,1,08_Courseware_Exercises/S02_1.2.7_a-bogus-proof-by-contradiction.md,,,Q1,yes,01_Proofs.md,#Session 2 — Proof Methods,integrated; official answer and feedback explained in course note,official OCW correct-answer and feedback fields; checked in course note
online-S03-1.3.2-Q1,online_feedback,3,1,08_Courseware_Exercises/S03_1.3.2_domain-for-well-ordering-principle.md,,,Q1,yes,01_Proofs.md,#Session 3 — Well Ordering Principle,integrated; official answer and feedback explained in course note,official OCW correct-answer and feedback fields; checked in course note
online-S03-1.3.4-Q1,online_feedback,3,1,08_Courseware_Exercises/S03_1.3.4_well-ordering-proofs-and-counterexamples.md,,,Q1,yes,01_Proofs.md,#Session 3 — Well Ordering Principle,integrated; official answer and feedback explained in course note,official OCW correct-answer and feedback fields; checked in course note
online-S03-1.3.6-Q1,online_feedback,3,1,08_Courseware_Exercises/S03_1.3.6_wop-proof-for-geometric-sum.md,,,Q1,yes,01_Proofs.md,#Session 3 — Well Ordering Principle,integrated; official answer and feedback explained in course note,official OCW correct-answer and feedback fields; checked in course note
online-S03-1.3.7-Q1,online_feedback,3,1,08_Courseware_Exercises/S03_1.3.7_well-ordering-principle-examples.md,,,Q1,yes,01_Proofs.md,#Session 3 — Well Ordering Principle,integrated; official answer and feedback explained in course note,official OCW correct-answer and feedback fields; checked in course note
online-S03-1.3.8-Q1,online_feedback,3,1,08_Courseware_Exercises/S03_1.3.8_a-bogus-well-ordering-principle-proof.md,,,Q1,yes,01_Proofs.md,#Session 3 — Well Ordering Principle,integrated; official answer and feedback explained in course note,official OCW correct-answer and feedback fields; checked in course note
online-S04-1.4.2-Q1,online_feedback,4,1,08_Courseware_Exercises/S04_1.4.2_propositional-operators.md,,,Q1,yes,01_Proofs.md,#Session 4 — Logic and Propositions,integrated; official answer and feedback explained in course note,official OCW correct-answer and feedback fields; checked in course note
online-S04-1.4.2-Q2,online_feedback,4,1,08_Courseware_Exercises/S04_1.4.2_propositional-operators.md,,,Q2,yes,01_Proofs.md,#Session 4 — Logic and Propositions,integrated; official answer and feedback explained in course note,official OCW correct-answer and feedback fields; checked in course note
online-S04-1.4.2-Q3,online_feedback,4,1,08_Courseware_Exercises/S04_1.4.2_propositional-operators.md,,,Q3,yes,01_Proofs.md,#Session 4 — Logic and Propositions,integrated; official answer and feedback explained in course note,official OCW correct-answer and feedback fields; checked in course note
online-S04-1.4.2-Q4,online_feedback,4,1,08_Courseware_Exercises/S04_1.4.2_propositional-operators.md,,,Q4,yes,01_Proofs.md,#Session 4 — Logic and Propositions,integrated; official answer and feedback explained in course note,official OCW correct-answer and feedback fields; checked in course note
online-S04-1.4.5-Q1,online_feedback,4,1,08_Courseware_Exercises/S04_1.4.5_equivalence-and-truth-table.md,,,Q1,yes,01_Proofs.md,#Session 4 — Logic and Propositions,integrated; official answer and feedback explained in course note,official OCW correct-answer and feedback fields; checked in course note
online-S04-1.4.8-Q1,online_feedback,4,1,08_Courseware_Exercises/S04_1.4.8_soundness-and-validity.md,,,Q1,yes,01_Proofs.md,#Session 4 — Logic and Propositions,integrated; official answer and feedback explained in course note,official OCW correct-answer and feedback fields; checked in course note
online-S04-1.4.9-Q1,online_feedback,4,1,08_Courseware_Exercises/S04_1.4.9_logical-connectives.md,,,Q1,yes,01_Proofs.md,#Session 4 — Logic and Propositions,integrated; official answer and feedback explained in course note,official OCW correct-answer and feedback fields; checked in course note
online-S04-1.4.9-Q2,online_feedback,4,1,08_Courseware_Exercises/S04_1.4.9_logical-connectives.md,,,Q2,yes,01_Proofs.md,#Session 4 — Logic and Propositions,integrated; official answer and feedback explained in course note,official OCW correct-answer and feedback fields; checked in course note
online-S04-1.4.9-Q3,online_feedback,4,1,08_Courseware_Exercises/S04_1.4.9_logical-connectives.md,,,Q3,yes,01_Proofs.md,#Session 4 — Logic and Propositions,integrated; official answer and feedback explained in course note,official OCW correct-answer and feedback fields; checked in course note
online-S04-1.4.9-Q4,online_feedback,4,1,08_Courseware_Exercises/S04_1.4.9_logical-connectives.md,,,Q4,yes,01_Proofs.md,#Session 4 — Logic and Propositions,integrated; official answer and feedback explained in course note,official OCW correct-answer and feedback fields; checked in course note
online-S05-1.5.3-Q1,online_feedback,5,1,08_Courseware_Exercises/S05_1.5.3_satisfiability.md,,,Q1,yes,01_Proofs.md,#Session 5 — Quantifiers and Predicate Logic,integrated; official answer and feedback explained in course note,official OCW correct-answer and feedback fields; checked in course note
online-S05-1.5.5-Q1,online_feedback,5,1,08_Courseware_Exercises/S05_1.5.5_name-that-predicate.md,,,Q1,yes,01_Proofs.md,#Session 5 — Quantifiers and Predicate Logic,integrated; official answer and feedback explained in course note,official OCW correct-answer and feedback fields; checked in course note
online-S05-1.5.6-Q1,online_feedback,5,1,08_Courseware_Exercises/S05_1.5.6_quantifiers.md,,,Q1,yes,01_Proofs.md,#Session 5 — Quantifiers and Predicate Logic,integrated; official answer and feedback explained in course note,official OCW correct-answer and feedback fields; checked in course note
online-S05-1.5.7-Q1,online_feedback,5,1,08_Courseware_Exercises/S05_1.5.7_propositions-with-quantifiers.md,,,Q1,yes,01_Proofs.md,#Session 5 — Quantifiers and Predicate Logic,integrated; official answer and feedback explained in course note,official OCW correct-answer and feedback fields; checked in course note
online-S05-1.5.7-Q2,online_feedback,5,1,08_Courseware_Exercises/S05_1.5.7_propositions-with-quantifiers.md,,,Q2,yes,01_Proofs.md,#Session 5 — Quantifiers and Predicate Logic,integrated; official answer and feedback explained in course note,official OCW correct-answer and feedback fields; checked in course note
online-S05-1.5.7-Q3,online_feedback,5,1,08_Courseware_Exercises/S05_1.5.7_propositions-with-quantifiers.md,,,Q3,yes,01_Proofs.md,#Session 5 — Quantifiers and Predicate Logic,integrated; official answer and feedback explained in course note,official OCW correct-answer and feedback fields; checked in course note
online-S05-1.5.8-Q1,online_feedback,5,1,08_Courseware_Exercises/S05_1.5.8_predicate-logic.md,,,Q1,yes,01_Proofs.md,#Session 5 — Quantifiers and Predicate Logic,integrated; official answer and feedback explained in course note,official OCW correct-answer and feedback fields; checked in course note
online-S06-1.6.3-Q1,online_feedback,6,1,08_Courseware_Exercises/S06_1.6.3_difference.md,,,Q1,yes,01_Proofs.md,#Session 6 — Sets,integrated; official answer and feedback explained in course note,official OCW correct-answer and feedback fields; checked in course note
online-S07-1.7.2-Q1,online_feedback,7,1,08_Courseware_Exercises/S07_1.7.2_range-of-a-relation.md,,,Q1,yes,01_Proofs.md,#Session 7 — Binary Relations,integrated; official answer and feedback explained in course note,official OCW correct-answer and feedback fields; checked in course note
online-S07-1.7.4-Q1,online_feedback,7,1,08_Courseware_Exercises/S07_1.7.4_total-injection.md,,,Q1,yes,01_Proofs.md,#Session 7 — Binary Relations,integrated; official answer and feedback explained in course note,official OCW correct-answer and feedback fields; checked in course note
online-S07-1.7.4-Q2,online_feedback,7,1,08_Courseware_Exercises/S07_1.7.4_total-injection.md,,,Q2,yes,01_Proofs.md,#Session 7 — Binary Relations,integrated; official answer and feedback explained in course note,official OCW correct-answer and feedback fields; checked in course note
online-S07-1.7.6-Q1,online_feedback,7,1,08_Courseware_Exercises/S07_1.7.6_a-inj-b.md,,,Q1,yes,01_Proofs.md,#Session 7 — Binary Relations,integrated; official answer and feedback explained in course note,official OCW correct-answer and feedback fields; checked in course note
online-S07-1.7.7-Q1,online_feedback,7,1,08_Courseware_Exercises/S07_1.7.7_total-relations.md,,,Q1,yes,01_Proofs.md,#Session 7 — Binary Relations,integrated; official answer and feedback explained in course note,official OCW correct-answer and feedback fields; checked in course note
online-S07-1.7.8-Q1,online_feedback,7,1,08_Courseware_Exercises/S07_1.7.8_surjective-relations.md,,,Q1,yes,01_Proofs.md,#Session 7 — Binary Relations,integrated; official answer and feedback explained in course note,official OCW correct-answer and feedback fields; checked in course note
online-S07-1.7.9-Q1,online_feedback,7,1,08_Courseware_Exercises/S07_1.7.9_inverse-relations.md,,,Q1,yes,01_Proofs.md,#Session 7 — Binary Relations,integrated; official answer and feedback explained in course note,official OCW correct-answer and feedback fields; checked in course note
online-S07-1.7.9-Q2,online_feedback,7,1,08_Courseware_Exercises/S07_1.7.9_inverse-relations.md,,,Q2,yes,01_Proofs.md,#Session 7 — Binary Relations,integrated; official answer and feedback explained in course note,official OCW correct-answer and feedback fields; checked in course note
online-S07-1.7.9-Q3,online_feedback,7,1,08_Courseware_Exercises/S07_1.7.9_inverse-relations.md,,,Q3,yes,01_Proofs.md,#Session 7 — Binary Relations,integrated; official answer and feedback explained in course note,official OCW correct-answer and feedback fields; checked in course note
online-S07-1.7.9-Q4,online_feedback,7,1,08_Courseware_Exercises/S07_1.7.9_inverse-relations.md,,,Q4,yes,01_Proofs.md,#Session 7 — Binary Relations,integrated; official answer and feedback explained in course note,official OCW correct-answer and feedback fields; checked in course note
online-S07-1.7.10-Q1,online_feedback,7,1,08_Courseware_Exercises/S07_1.7.10_in-sur-and-bijections.md,,,Q1,yes,01_Proofs.md,#Session 7 — Binary Relations,integrated; official answer and feedback explained in course note,official OCW correct-answer and feedback fields; checked in course note
online-S07-1.7.10-Q2,online_feedback,7,1,08_Courseware_Exercises/S07_1.7.10_in-sur-and-bijections.md,,,Q2,yes,01_Proofs.md,#Session 7 — Binary Relations,integrated; official answer and feedback explained in course note,official OCW correct-answer and feedback fields; checked in course note
online-S07-1.7.10-Q3,online_feedback,7,1,08_Courseware_Exercises/S07_1.7.10_in-sur-and-bijections.md,,,Q3,yes,01_Proofs.md,#Session 7 — Binary Relations,integrated; official answer and feedback explained in course note,official OCW correct-answer and feedback fields; checked in course note
online-S07-1.7.10-Q4,online_feedback,7,1,08_Courseware_Exercises/S07_1.7.10_in-sur-and-bijections.md,,,Q4,yes,01_Proofs.md,#Session 7 — Binary Relations,integrated; official answer and feedback explained in course note,official OCW correct-answer and feedback fields; checked in course note
online-S07-1.7.10-Q5,online_feedback,7,1,08_Courseware_Exercises/S07_1.7.10_in-sur-and-bijections.md,,,Q5,yes,01_Proofs.md,#Session 7 — Binary Relations,integrated; official answer and feedback explained in course note,official OCW correct-answer and feedback fields; checked in course note
online-S07-1.7.10-Q6,online_feedback,7,1,08_Courseware_Exercises/S07_1.7.10_in-sur-and-bijections.md,,,Q6,yes,01_Proofs.md,#Session 7 — Binary Relations,integrated; official answer and feedback explained in course note,official OCW correct-answer and feedback fields; checked in course note
online-S07-1.7.10-Q7,online_feedback,7,1,08_Courseware_Exercises/S07_1.7.10_in-sur-and-bijections.md,,,Q7,yes,01_Proofs.md,#Session 7 — Binary Relations,integrated; official answer and feedback explained in course note,official OCW correct-answer and feedback fields; checked in course note
online-S07-1.7.11-Q1,online_feedback,7,1,08_Courseware_Exercises/S07_1.7.11_mapping-lemma-sizes-of-domains-and-codomains.md,,,Q1,yes,01_Proofs.md,#Session 7 — Binary Relations,integrated; official answer and feedback explained in course note,official OCW correct-answer and feedback fields; checked in course note
online-S07-1.7.11-Q2,online_feedback,7,1,08_Courseware_Exercises/S07_1.7.11_mapping-lemma-sizes-of-domains-and-codomains.md,,,Q2,yes,01_Proofs.md,#Session 7 — Binary Relations,integrated; official answer and feedback explained in course note,official OCW correct-answer and feedback fields; checked in course note
online-S07-1.7.11-Q3,online_feedback,7,1,08_Courseware_Exercises/S07_1.7.11_mapping-lemma-sizes-of-domains-and-codomains.md,,,Q3,yes,01_Proofs.md,#Session 7 — Binary Relations,integrated; official answer and feedback explained in course note,official OCW correct-answer and feedback fields; checked in course note
online-S07-1.7.11-Q4,online_feedback,7,1,08_Courseware_Exercises/S07_1.7.11_mapping-lemma-sizes-of-domains-and-codomains.md,,,Q4,yes,01_Proofs.md,#Session 7 — Binary Relations,integrated; official answer and feedback explained in course note,official OCW correct-answer and feedback fields; checked in course note
online-S07-1.7.11-Q5,online_feedback,7,1,08_Courseware_Exercises/S07_1.7.11_mapping-lemma-sizes-of-domains-and-codomains.md,,,Q5,yes,01_Proofs.md,#Session 7 — Binary Relations,integrated; official answer and feedback explained in course note,official OCW correct-answer and feedback fields; checked in course note
online-S08-1.8.3-Q1,online_feedback,8,1,08_Courseware_Exercises/S08_1.8.3_same-colored-horses.md,,,Q1,yes,01_Proofs.md,#Session 8 — Induction,integrated; official answer and feedback explained in course note,official OCW correct-answer and feedback fields; checked in course note
online-S08-1.8.5-Q1,online_feedback,8,1,08_Courseware_Exercises/S08_1.8.5_unstacking-game-score.md,,,Q1,yes,01_Proofs.md,#Session 8 — Induction,integrated; official answer and feedback explained in course note,official OCW correct-answer and feedback fields; checked in course note
online-S08-1.8.7-Q1,online_feedback,8,1,08_Courseware_Exercises/S08_1.8.7_strong-vs-ordinary-induction-vs-wop.md,,,Q1,yes,01_Proofs.md,#Session 8 — Induction,integrated; official answer and feedback explained in course note,official OCW correct-answer and feedback fields; checked in course note
online-S08-1.8.7-Q2,online_feedback,8,1,08_Courseware_Exercises/S08_1.8.7_strong-vs-ordinary-induction-vs-wop.md,,,Q2,yes,01_Proofs.md,#Session 8 — Induction,integrated; official answer and feedback explained in course note,official OCW correct-answer and feedback fields; checked in course note
online-S08-1.8.8-Q1,online_feedback,8,1,08_Courseware_Exercises/S08_1.8.8_induction-by-n-3.md,,,Q1,yes,01_Proofs.md,#Session 8 — Induction,integrated; official answer and feedback explained in course note,official OCW correct-answer and feedback fields; checked in course note
online-S08-1.8.8-Q2,online_feedback,8,1,08_Courseware_Exercises/S08_1.8.8_induction-by-n-3.md,,,Q2,yes,01_Proofs.md,#Session 8 — Induction,integrated; official answer and feedback explained in course note,official OCW correct-answer and feedback fields; checked in course note
online-S08-1.8.9-Q1,online_feedback,8,1,08_Courseware_Exercises/S08_1.8.9_induction-rules.md,,,Q1,yes,01_Proofs.md,#Session 8 — Induction,integrated; official answer and feedback explained in course note,official OCW correct-answer and feedback fields; checked in course note
online-S08-1.8.9-Q2,online_feedback,8,1,08_Courseware_Exercises/S08_1.8.9_induction-rules.md,,,Q2,yes,01_Proofs.md,#Session 8 — Induction,integrated; official answer and feedback explained in course note,official OCW correct-answer and feedback fields; checked in course note
online-S08-1.8.9-Q3,online_feedback,8,1,08_Courseware_Exercises/S08_1.8.9_induction-rules.md,,,Q3,yes,01_Proofs.md,#Session 8 — Induction,integrated; official answer and feedback explained in course note,official OCW correct-answer and feedback fields; checked in course note
online-S08-1.8.9-Q4,online_feedback,8,1,08_Courseware_Exercises/S08_1.8.9_induction-rules.md,,,Q4,yes,01_Proofs.md,#Session 8 — Induction,integrated; official answer and feedback explained in course note,official OCW correct-answer and feedback fields; checked in course note
online-S08-1.8.9-Q5,online_feedback,8,1,08_Courseware_Exercises/S08_1.8.9_induction-rules.md,,,Q5,yes,01_Proofs.md,#Session 8 — Induction,integrated; official answer and feedback explained in course note,official OCW correct-answer and feedback fields; checked in course note
online-S08-1.8.10-Q1,online_feedback,8,1,08_Courseware_Exercises/S08_1.8.10_postage-by-induction.md,,,Q1,yes,01_Proofs.md,#Session 8 — Induction,integrated; official answer and feedback explained in course note,official OCW correct-answer and feedback fields; checked in course note
online-S08-1.8.11-Q1,online_feedback,8,1,08_Courseware_Exercises/S08_1.8.11_a-bogus-induction.md,,,Q1,yes,01_Proofs.md,#Session 8 — Induction,integrated; official answer and feedback explained in course note,official OCW correct-answer and feedback fields; checked in course note
online-S09-1.9.2-Q1,online_feedback,9,1,08_Courseware_Exercises/S09_1.9.2_state-machine-invariants.md,,,Q1,yes,01_Proofs.md,#Session 9 — State Machines and Invariants,integrated; official answer and feedback explained in course note,official OCW correct-answer and feedback fields; checked in course note
online-S09-1.9.2-Q2,online_feedback,9,1,08_Courseware_Exercises/S09_1.9.2_state-machine-invariants.md,,,Q2,yes,01_Proofs.md,#Session 9 — State Machines and Invariants,integrated; official answer and feedback explained in course note,official OCW correct-answer and feedback fields; checked in course note
online-S09-1.9.2-Q3,online_feedback,9,1,08_Courseware_Exercises/S09_1.9.2_state-machine-invariants.md,,,Q3,yes,01_Proofs.md,#Session 9 — State Machines and Invariants,integrated; official answer and feedback explained in course note,official OCW correct-answer and feedback fields; checked in course note
online-S09-1.9.2-Q4,online_feedback,9,1,08_Courseware_Exercises/S09_1.9.2_state-machine-invariants.md,,,Q4,yes,01_Proofs.md,#Session 9 — State Machines and Invariants,integrated; official answer and feedback explained in course note,official OCW correct-answer and feedback fields; checked in course note
online-S09-1.9.4-Q1,online_feedback,9,1,08_Courseware_Exercises/S09_1.9.4_derived-variables-and-termination.md,,,Q1,yes,01_Proofs.md,#Session 9 — State Machines and Invariants,integrated; official answer and feedback explained in course note,official OCW correct-answer and feedback fields; checked in course note
online-S09-1.9.4-Q2,online_feedback,9,1,08_Courseware_Exercises/S09_1.9.4_derived-variables-and-termination.md,,,Q2,yes,01_Proofs.md,#Session 9 — State Machines and Invariants,integrated; official answer and feedback explained in course note,official OCW correct-answer and feedback fields; checked in course note
online-S09-1.9.4-Q3,online_feedback,9,1,08_Courseware_Exercises/S09_1.9.4_derived-variables-and-termination.md,,,Q3,yes,01_Proofs.md,#Session 9 — State Machines and Invariants,integrated; official answer and feedback explained in course note,official OCW correct-answer and feedback fields; checked in course note
online-S09-1.9.4-Q4,online_feedback,9,1,08_Courseware_Exercises/S09_1.9.4_derived-variables-and-termination.md,,,Q4,yes,01_Proofs.md,#Session 9 — State Machines and Invariants,integrated; official answer and feedback explained in course note,official OCW correct-answer and feedback fields; checked in course note
online-S09-1.9.5-Q1,online_feedback,9,1,08_Courseware_Exercises/S09_1.9.5_integer-multiplication.md,,,Q1,yes,01_Proofs.md,#Session 9 — State Machines and Invariants,integrated; official answer and feedback explained in course note,official OCW correct-answer and feedback fields; checked in course note
online-S09-1.9.5-Q2,online_feedback,9,1,08_Courseware_Exercises/S09_1.9.5_integer-multiplication.md,,,Q2,yes,01_Proofs.md,#Session 9 — State Machines and Invariants,integrated; official answer and feedback explained in course note,official OCW correct-answer and feedback fields; checked in course note
online-S09-1.9.6-Q1,online_feedback,9,1,08_Courseware_Exercises/S09_1.9.6_chocolate-bars.md,,,Q1,yes,01_Proofs.md,#Session 9 — State Machines and Invariants,integrated; official answer and feedback explained in course note,official OCW correct-answer and feedback fields; checked in course note
online-S09-1.9.6-Q2,online_feedback,9,1,08_Courseware_Exercises/S09_1.9.6_chocolate-bars.md,,,Q2,yes,01_Proofs.md,#Session 9 — State Machines and Invariants,integrated; official answer and feedback explained in course note,official OCW correct-answer and feedback fields; checked in course note
online-S09-1.9.6-Q3,online_feedback,9,1,08_Courseware_Exercises/S09_1.9.6_chocolate-bars.md,,,Q3,yes,01_Proofs.md,#Session 9 — State Machines and Invariants,integrated; official answer and feedback explained in course note,official OCW correct-answer and feedback fields; checked in course note
online-S09-1.9.6-Q4,online_feedback,9,1,08_Courseware_Exercises/S09_1.9.6_chocolate-bars.md,,,Q4,yes,01_Proofs.md,#Session 9 — State Machines and Invariants,integrated; official answer and feedback explained in course note,official OCW correct-answer and feedback fields; checked in course note
online-S10-1.10.2-Q1,online_feedback,10,1,08_Courseware_Exercises/S10_1.10.2_matching-parentheses.md,,,Q1,yes,01_Proofs.md,#Session 10 — Recursive Definitions,integrated; official answer and feedback explained in course note,official OCW correct-answer and feedback fields; checked in course note
online-S10-1.10.3-Q1,online_feedback,10,1,08_Courseware_Exercises/S10_1.10.3_functions-of-f18.md,,,Q1,yes,01_Proofs.md,#Session 10 — Recursive Definitions,integrated; official answer and feedback explained in course note,official OCW correct-answer and feedback fields; checked in course note
online-S10-1.10.3-Q2,online_feedback,10,1,08_Courseware_Exercises/S10_1.10.3_functions-of-f18.md,,,Q2,yes,01_Proofs.md,#Session 10 — Recursive Definitions,integrated; official answer and feedback explained in course note,official OCW correct-answer and feedback fields; checked in course note
online-S10-1.10.5-Q1,online_feedback,10,1,08_Courseware_Exercises/S10_1.10.5_structural-induction-definition.md,,,Q1,yes,01_Proofs.md,#Session 10 — Recursive Definitions,integrated; official answer and feedback explained in course note,official OCW correct-answer and feedback fields; checked in course note
online-S10-1.10.5-Q2,online_feedback,10,1,08_Courseware_Exercises/S10_1.10.5_structural-induction-definition.md,,,Q2,yes,01_Proofs.md,#Session 10 — Recursive Definitions,integrated; official answer and feedback explained in course note,official OCW correct-answer and feedback fields; checked in course note
online-S10-1.10.5-Q3,online_feedback,10,1,08_Courseware_Exercises/S10_1.10.5_structural-induction-definition.md,,,Q3,yes,01_Proofs.md,#Session 10 — Recursive Definitions,integrated; official answer and feedback explained in course note,official OCW correct-answer and feedback fields; checked in course note
online-S10-1.10.5-Q4,online_feedback,10,1,08_Courseware_Exercises/S10_1.10.5_structural-induction-definition.md,,,Q4,yes,01_Proofs.md,#Session 10 — Recursive Definitions,integrated; official answer and feedback explained in course note,official OCW correct-answer and feedback fields; checked in course note
online-S10-1.10.5-Q5,online_feedback,10,1,08_Courseware_Exercises/S10_1.10.5_structural-induction-definition.md,,,Q5,yes,01_Proofs.md,#Session 10 — Recursive Definitions,integrated; official answer and feedback explained in course note,official OCW correct-answer and feedback fields; checked in course note
online-S10-1.10.6-Q1,online_feedback,10,1,08_Courseware_Exercises/S10_1.10.6_counting-cases.md,,,Q1,yes,01_Proofs.md,#Session 10 — Recursive Definitions,integrated; official answer and feedback explained in course note,official OCW correct-answer and feedback fields; checked in course note
online-S11-1.11.2-Q1,online_feedback,11,1,08_Courseware_Exercises/S11_1.11.2_cantor-schroeder-bernstein.md,,,Q1,yes,01_Proofs.md,#Session 11 — Infinite Sets,integrated; official answer and feedback explained in course note,official OCW correct-answer and feedback fields; checked in course note
online-S11-1.11.2-Q2,online_feedback,11,1,08_Courseware_Exercises/S11_1.11.2_cantor-schroeder-bernstein.md,,,Q2,yes,01_Proofs.md,#Session 11 — Infinite Sets,integrated; official answer and feedback explained in course note,official OCW correct-answer and feedback fields; checked in course note
online-S11-1.11.2-Q3,online_feedback,11,1,08_Courseware_Exercises/S11_1.11.2_cantor-schroeder-bernstein.md,,,Q3,yes,01_Proofs.md,#Session 11 — Infinite Sets,integrated; official answer and feedback explained in course note,official OCW correct-answer and feedback fields; checked in course note
online-S11-1.11.5-Q1,online_feedback,11,1,08_Courseware_Exercises/S11_1.11.5_cantor-s-diagonal-argument.md,,,Q1,yes,01_Proofs.md,#Session 11 — Infinite Sets,integrated; official answer and feedback explained in course note,official OCW correct-answer and feedback fields; checked in course note
online-S11-1.11.5-Q2,online_feedback,11,1,08_Courseware_Exercises/S11_1.11.5_cantor-s-diagonal-argument.md,,,Q2,yes,01_Proofs.md,#Session 11 — Infinite Sets,integrated; official answer and feedback explained in course note,official OCW correct-answer and feedback fields; checked in course note
online-S11-1.11.5-Q3,online_feedback,11,1,08_Courseware_Exercises/S11_1.11.5_cantor-s-diagonal-argument.md,,,Q3,yes,01_Proofs.md,#Session 11 — Infinite Sets,integrated; official answer and feedback explained in course note,official OCW correct-answer and feedback fields; checked in course note
online-S11-1.11.5-Q4,online_feedback,11,1,08_Courseware_Exercises/S11_1.11.5_cantor-s-diagonal-argument.md,,,Q4,yes,01_Proofs.md,#Session 11 — Infinite Sets,integrated; official answer and feedback explained in course note,official OCW correct-answer and feedback fields; checked in course note
online-S11-1.11.5-Q5,online_feedback,11,1,08_Courseware_Exercises/S11_1.11.5_cantor-s-diagonal-argument.md,,,Q5,yes,01_Proofs.md,#Session 11 — Infinite Sets,integrated; official answer and feedback explained in course note,official OCW correct-answer and feedback fields; checked in course note
online-S11-1.11.6-Q1,online_feedback,11,1,08_Courseware_Exercises/S11_1.11.6_countable-and-uncountable-sets.md,,,Q1,yes,01_Proofs.md,#Session 11 — Infinite Sets,integrated; official answer and feedback explained in course note,official OCW correct-answer and feedback fields; checked in course note
online-S11-1.11.8-Q1,online_feedback,11,1,08_Courseware_Exercises/S11_1.11.8_halting-problem-basics.md,,,Q1,yes,01_Proofs.md,#Session 11 — Infinite Sets,integrated; official answer and feedback explained in course note,official OCW correct-answer and feedback fields; checked in course note
online-S11-1.11.10-Q1,online_feedback,11,1,08_Courseware_Exercises/S11_1.11.10_russell-s-paradox-and-zfc-optional.md,,,Q1,yes,01_Proofs.md,#Session 11 — Infinite Sets,integrated; official answer and feedback explained in course note,official OCW correct-answer and feedback fields; checked in course note
online-S11-1.11.10-Q2,online_feedback,11,1,08_Courseware_Exercises/S11_1.11.10_russell-s-paradox-and-zfc-optional.md,,,Q2,yes,01_Proofs.md,#Session 11 — Infinite Sets,integrated; official answer and feedback explained in course note,official OCW correct-answer and feedback fields; checked in course note
online-S11-1.11.12-Q1,online_feedback,11,1,08_Courseware_Exercises/S11_1.11.12_set-theory-axioms.md,,,Q1,yes,01_Proofs.md,#Session 11 — Infinite Sets,integrated; official answer and feedback explained in course note,official OCW correct-answer and feedback fields; checked in course note
online-S11-1.11.12-Q2,online_feedback,11,1,08_Courseware_Exercises/S11_1.11.12_set-theory-axioms.md,,,Q2,yes,01_Proofs.md,#Session 11 — Infinite Sets,integrated; official answer and feedback explained in course note,official OCW correct-answer and feedback fields; checked in course note
online-S11-1.11.12-Q3,online_feedback,11,1,08_Courseware_Exercises/S11_1.11.12_set-theory-axioms.md,,,Q3,yes,01_Proofs.md,#Session 11 — Infinite Sets,integrated; official answer and feedback explained in course note,official OCW correct-answer and feedback fields; checked in course note
online-S11-1.11.12-Q4,online_feedback,11,1,08_Courseware_Exercises/S11_1.11.12_set-theory-axioms.md,,,Q4,yes,01_Proofs.md,#Session 11 — Infinite Sets,integrated; official answer and feedback explained in course note,official OCW correct-answer and feedback fields; checked in course note
online-S11-1.11.12-Q5,online_feedback,11,1,08_Courseware_Exercises/S11_1.11.12_set-theory-axioms.md,,,Q5,yes,01_Proofs.md,#Session 11 — Infinite Sets,integrated; official answer and feedback explained in course note,official OCW correct-answer and feedback fields; checked in course note
online-S11-1.11.12-Q6,online_feedback,11,1,08_Courseware_Exercises/S11_1.11.12_set-theory-axioms.md,,,Q6,yes,01_Proofs.md,#Session 11 — Infinite Sets,integrated; official answer and feedback explained in course note,official OCW correct-answer and feedback fields; checked in course note
online-S11-1.11.12-Q7,online_feedback,11,1,08_Courseware_Exercises/S11_1.11.12_set-theory-axioms.md,,,Q7,yes,01_Proofs.md,#Session 11 — Infinite Sets,integrated; official answer and feedback explained in course note,official OCW correct-answer and feedback fields; checked in course note
online-S11-1.11.12-Q8,online_feedback,11,1,08_Courseware_Exercises/S11_1.11.12_set-theory-axioms.md,,,Q8,yes,01_Proofs.md,#Session 11 — Infinite Sets,integrated; official answer and feedback explained in course note,official OCW correct-answer and feedback fields; checked in course note
online-S11-1.11.12-Q9,online_feedback,11,1,08_Courseware_Exercises/S11_1.11.12_set-theory-axioms.md,,,Q9,yes,01_Proofs.md,#Session 11 — Infinite Sets,integrated; official answer and feedback explained in course note,official OCW correct-answer and feedback fields; checked in course note
online-S11-1.11.12-Q10,online_feedback,11,1,08_Courseware_Exercises/S11_1.11.12_set-theory-axioms.md,,,Q10,yes,01_Proofs.md,#Session 11 — Infinite Sets,integrated; official answer and feedback explained in course note,official OCW correct-answer and feedback fields; checked in course note
online-S11-1.11.12-Q11,online_feedback,11,1,08_Courseware_Exercises/S11_1.11.12_set-theory-axioms.md,,,Q11,yes,01_Proofs.md,#Session 11 — Infinite Sets,integrated; official answer and feedback explained in course note,official OCW correct-answer and feedback fields; checked in course note
online-S12-2.1.3-Q1,online_feedback,12,2,08_Courseware_Exercises/S12_2.1.3_run-euclid-run.md,,,Q1,yes,02_Structures.md,#Session 12 — GCDs,integrated; official answer and feedback explained in course note,official OCW correct-answer and feedback fields; checked in course note
online-S12-2.1.5-Q1,online_feedback,12,2,08_Courseware_Exercises/S12_2.1.5_gcds-i.md,,,Q1,yes,02_Structures.md,#Session 12 — GCDs,integrated; official answer and feedback explained in course note,official OCW correct-answer and feedback fields; checked in course note
online-S12-2.1.5-Q2,online_feedback,12,2,08_Courseware_Exercises/S12_2.1.5_gcds-i.md,,,Q2,yes,02_Structures.md,#Session 12 — GCDs,integrated; official answer and feedback explained in course note,official OCW correct-answer and feedback fields; checked in course note
online-S12-2.1.8-Q1,online_feedback,12,2,08_Courseware_Exercises/S12_2.1.8_unique-primes.md,,,Q1,yes,02_Structures.md,#Session 12 — GCDs,integrated; official answer and feedback explained in course note,official OCW correct-answer and feedback fields; checked in course note
online-S12-2.1.8-Q2,online_feedback,12,2,08_Courseware_Exercises/S12_2.1.8_unique-primes.md,,,Q2,yes,02_Structures.md,#Session 12 — GCDs,integrated; official answer and feedback explained in course note,official OCW correct-answer and feedback fields; checked in course note
online-S12-2.1.9-Q1,online_feedback,12,2,08_Courseware_Exercises/S12_2.1.9_divisors.md,,,Q1,yes,02_Structures.md,#Session 12 — GCDs,integrated; official answer and feedback explained in course note,official OCW correct-answer and feedback fields; checked in course note
online-S12-2.1.9-Q2,online_feedback,12,2,08_Courseware_Exercises/S12_2.1.9_divisors.md,,,Q2,yes,02_Structures.md,#Session 12 — GCDs,integrated; official answer and feedback explained in course note,official OCW correct-answer and feedback fields; checked in course note
online-S12-2.1.9-Q3,online_feedback,12,2,08_Courseware_Exercises/S12_2.1.9_divisors.md,,,Q3,yes,02_Structures.md,#Session 12 — GCDs,integrated; official answer and feedback explained in course note,official OCW correct-answer and feedback fields; checked in course note
online-S12-2.1.10-Q1,online_feedback,12,2,08_Courseware_Exercises/S12_2.1.10_gcds-ii.md,,,Q1,yes,02_Structures.md,#Session 12 — GCDs,integrated; official answer and feedback explained in course note,official OCW correct-answer and feedback fields; checked in course note
online-S13-2.2.2-Q1,online_feedback,13,2,08_Courseware_Exercises/S13_2.2.2_divisibility-and-congruence.md,,,Q1,yes,02_Structures.md,#Session 13 — Congruences,integrated; official answer and feedback explained in course note,official OCW correct-answer and feedback fields; checked in course note
online-S13-2.2.4-Q1,online_feedback,13,2,08_Courseware_Exercises/S13_2.2.4_inverses-mod-n.md,,,Q1,yes,02_Structures.md,#Session 13 — Congruences,integrated; official answer and feedback explained in course note,official OCW correct-answer and feedback fields; checked in course note
online-S13-2.2.4-Q2,online_feedback,13,2,08_Courseware_Exercises/S13_2.2.4_inverses-mod-n.md,,,Q2,yes,02_Structures.md,#Session 13 — Congruences,integrated; official answer and feedback explained in course note,official OCW correct-answer and feedback fields; checked in course note
online-S13-2.2.5-Q1,online_feedback,13,2,08_Courseware_Exercises/S13_2.2.5_multiplicative-inverses.md,,,Q1,yes,02_Structures.md,#Session 13 — Congruences,integrated; official answer and feedback explained in course note,official OCW correct-answer and feedback fields; checked in course note
online-S13-2.2.6-Q1,online_feedback,13,2,08_Courseware_Exercises/S13_2.2.6_inverses-with-linear-combinations.md,,,Q1,yes,02_Structures.md,#Session 13 — Congruences,integrated; official answer and feedback explained in course note,official OCW correct-answer and feedback fields; checked in course note
online-S14-2.3.2-Q1,online_feedback,14,2,08_Courseware_Exercises/S14_2.3.2_euler-s-totient-function.md,,,Q1,yes,02_Structures.md,#Session 14 — Euler's Theorem,integrated; official answer and feedback explained in course note,official OCW correct-answer and feedback fields; checked in course note
online-S14-2.3.4-Q1,online_feedback,14,2,08_Courseware_Exercises/S14_2.3.4_the-ring.md,,,Q1,yes,02_Structures.md,#Session 14 — Euler's Theorem,integrated; official answer and feedback explained in course note,official OCW correct-answer and feedback fields; checked in course note
online-S14-2.3.4-Q2,online_feedback,14,2,08_Courseware_Exercises/S14_2.3.4_the-ring.md,,,Q2,yes,02_Structures.md,#Session 14 — Euler's Theorem,integrated; official answer and feedback explained in course note,official OCW correct-answer and feedback fields; checked in course note
online-S14-2.3.5-Q1,online_feedback,14,2,08_Courseware_Exercises/S14_2.3.5_z-mod-n.md,,,Q1,yes,02_Structures.md,#Session 14 — Euler's Theorem,integrated; official answer and feedback explained in course note,official OCW correct-answer and feedback fields; checked in course note
online-S14-2.3.5-Q2,online_feedback,14,2,08_Courseware_Exercises/S14_2.3.5_z-mod-n.md,,,Q2,yes,02_Structures.md,#Session 14 — Euler's Theorem,integrated; official answer and feedback explained in course note,official OCW correct-answer and feedback fields; checked in course note
online-S14-2.3.5-Q3,online_feedback,14,2,08_Courseware_Exercises/S14_2.3.5_z-mod-n.md,,,Q3,yes,02_Structures.md,#Session 14 — Euler's Theorem,integrated; official answer and feedback explained in course note,official OCW correct-answer and feedback fields; checked in course note
online-S14-2.3.6-Q1,online_feedback,14,2,08_Courseware_Exercises/S14_2.3.6_fermat-s-little-theorem.md,,,Q1,yes,02_Structures.md,#Session 14 — Euler's Theorem,integrated; official answer and feedback explained in course note,official OCW correct-answer and feedback fields; checked in course note
online-S14-2.3.7-Q1,online_feedback,14,2,08_Courseware_Exercises/S14_2.3.7_euler-s-theorem.md,,,Q1,yes,02_Structures.md,#Session 14 — Euler's Theorem,integrated; official answer and feedback explained in course note,official OCW correct-answer and feedback fields; checked in course note
online-S14-2.3.7-Q2,online_feedback,14,2,08_Courseware_Exercises/S14_2.3.7_euler-s-theorem.md,,,Q2,yes,02_Structures.md,#Session 14 — Euler's Theorem,integrated; official answer and feedback explained in course note,official OCW correct-answer and feedback fields; checked in course note
online-S15-2.4.2-Q1,online_feedback,15,2,08_Courseware_Exercises/S15_2.4.2_rsa-encryption.md,,,Q1,yes,02_Structures.md,#Session 15 — RSA Encryption,integrated; official answer and feedback explained in course note,official OCW correct-answer and feedback fields; checked in course note
online-S15-2.4.4-Q1,online_feedback,15,2,08_Courseware_Exercises/S15_2.4.4_relative-primality.md,,,Q1,yes,02_Structures.md,#Session 15 — RSA Encryption,integrated; official answer and feedback explained in course note,official OCW correct-answer and feedback fields; checked in course note
online-S15-2.4.5-Q1,online_feedback,15,2,08_Courseware_Exercises/S15_2.4.5_rsa-computations.md,,,Q1,yes,02_Structures.md,#Session 15 — RSA Encryption,integrated; official answer and feedback explained in course note,official OCW correct-answer and feedback fields; checked in course note
online-S15-2.4.5-Q2,online_feedback,15,2,08_Courseware_Exercises/S15_2.4.5_rsa-computations.md,,,Q2,yes,02_Structures.md,#Session 15 — RSA Encryption,integrated; official answer and feedback explained in course note,official OCW correct-answer and feedback fields; checked in course note
online-S16-2.5.2-Q1,online_feedback,16,2,08_Courseware_Exercises/S16_2.5.2_walks-and-paths.md,,,Q1,yes,02_Structures.md,#Session 16 — Digraphs Walks and Paths,integrated; official answer and feedback explained in course note,official OCW correct-answer and feedback fields; checked in course note
online-S16-2.5.2-Q2,online_feedback,16,2,08_Courseware_Exercises/S16_2.5.2_walks-and-paths.md,,,Q2,yes,02_Structures.md,#Session 16 — Digraphs Walks and Paths,integrated; official answer and feedback explained in course note,official OCW correct-answer and feedback fields; checked in course note
online-S16-2.5.4-Q1,online_feedback,16,2,08_Courseware_Exercises/S16_2.5.4_longest-path.md,,,Q1,yes,02_Structures.md,#Session 16 — Digraphs Walks and Paths,integrated; official answer and feedback explained in course note,official OCW correct-answer and feedback fields; checked in course note
online-S16-2.5.4-Q2,online_feedback,16,2,08_Courseware_Exercises/S16_2.5.4_longest-path.md,,,Q2,yes,02_Structures.md,#Session 16 — Digraphs Walks and Paths,integrated; official answer and feedback explained in course note,official OCW correct-answer and feedback fields; checked in course note
online-S16-2.5.5-Q1,online_feedback,16,2,08_Courseware_Exercises/S16_2.5.5_adjacency-matrix.md,,,Q1,yes,02_Structures.md,#Session 16 — Digraphs Walks and Paths,integrated; official answer and feedback explained in course note,official OCW correct-answer and feedback fields; checked in course note
online-S16-2.5.6-Q1,online_feedback,16,2,08_Courseware_Exercises/S16_2.5.6_counting-paths.md,,,Q1,yes,02_Structures.md,#Session 16 — Digraphs Walks and Paths,integrated; official answer and feedback explained in course note,official OCW correct-answer and feedback fields; checked in course note
online-S16-2.5.6-Q2,online_feedback,16,2,08_Courseware_Exercises/S16_2.5.6_counting-paths.md,,,Q2,yes,02_Structures.md,#Session 16 — Digraphs Walks and Paths,integrated; official answer and feedback explained in course note,official OCW correct-answer and feedback fields; checked in course note
online-S16-2.5.6-Q3,online_feedback,16,2,08_Courseware_Exercises/S16_2.5.6_counting-paths.md,,,Q3,yes,02_Structures.md,#Session 16 — Digraphs Walks and Paths,integrated; official answer and feedback explained in course note,official OCW correct-answer and feedback fields; checked in course note
online-S17-2.6.2-Q1,online_feedback,17,2,08_Courseware_Exercises/S17_2.6.2_dags.md,,,Q1,yes,02_Structures.md,#Session 17 — Directed Acyclic Graphs,integrated; official answer and feedback explained in course note,official OCW correct-answer and feedback fields; checked in course note
online-S17-2.6.2-Q2,online_feedback,17,2,08_Courseware_Exercises/S17_2.6.2_dags.md,,,Q2,yes,02_Structures.md,#Session 17 — Directed Acyclic Graphs,integrated; official answer and feedback explained in course note,official OCW correct-answer and feedback fields; checked in course note
online-S17-2.6.2-Q3,online_feedback,17,2,08_Courseware_Exercises/S17_2.6.2_dags.md,,,Q3,yes,02_Structures.md,#Session 17 — Directed Acyclic Graphs,integrated; official answer and feedback explained in course note,official OCW correct-answer and feedback fields; checked in course note
online-S17-2.6.4-Q1,online_feedback,17,2,08_Courseware_Exercises/S17_2.6.4_scheduling-prerequisites.md,,,Q1,yes,02_Structures.md,#Session 17 — Directed Acyclic Graphs,integrated; official answer and feedback explained in course note,official OCW correct-answer and feedback fields; checked in course note
online-S17-2.6.4-Q2,online_feedback,17,2,08_Courseware_Exercises/S17_2.6.4_scheduling-prerequisites.md,,,Q2,yes,02_Structures.md,#Session 17 — Directed Acyclic Graphs,integrated; official answer and feedback explained in course note,official OCW correct-answer and feedback fields; checked in course note
online-S17-2.6.4-Q3,online_feedback,17,2,08_Courseware_Exercises/S17_2.6.4_scheduling-prerequisites.md,,,Q3,yes,02_Structures.md,#Session 17 — Directed Acyclic Graphs,integrated; official answer and feedback explained in course note,official OCW correct-answer and feedback fields; checked in course note
online-S17-2.6.4-Q4,online_feedback,17,2,08_Courseware_Exercises/S17_2.6.4_scheduling-prerequisites.md,,,Q4,yes,02_Structures.md,#Session 17 — Directed Acyclic Graphs,integrated; official answer and feedback explained in course note,official OCW correct-answer and feedback fields; checked in course note
online-S17-2.6.4-Q5,online_feedback,17,2,08_Courseware_Exercises/S17_2.6.4_scheduling-prerequisites.md,,,Q5,yes,02_Structures.md,#Session 17 — Directed Acyclic Graphs,integrated; official answer and feedback explained in course note,official OCW correct-answer and feedback fields; checked in course note
online-S17-2.6.6-Q1,online_feedback,17,2,08_Courseware_Exercises/S17_2.6.6_processor-time-bounds.md,,,Q1,yes,02_Structures.md,#Session 17 — Directed Acyclic Graphs,integrated; official answer and feedback explained in course note,official OCW correct-answer and feedback fields; checked in course note
online-S17-2.6.6-Q2,online_feedback,17,2,08_Courseware_Exercises/S17_2.6.6_processor-time-bounds.md,,,Q2,yes,02_Structures.md,#Session 17 — Directed Acyclic Graphs,integrated; official answer and feedback explained in course note,official OCW correct-answer and feedback fields; checked in course note
online-S17-2.6.6-Q3,online_feedback,17,2,08_Courseware_Exercises/S17_2.6.6_processor-time-bounds.md,,,Q3,yes,02_Structures.md,#Session 17 — Directed Acyclic Graphs,integrated; official answer and feedback explained in course note,official OCW correct-answer and feedback fields; checked in course note
online-S17-2.6.6-Q4,online_feedback,17,2,08_Courseware_Exercises/S17_2.6.6_processor-time-bounds.md,,,Q4,yes,02_Structures.md,#Session 17 — Directed Acyclic Graphs,integrated; official answer and feedback explained in course note,official OCW correct-answer and feedback fields; checked in course note
online-S17-2.6.7-Q1,online_feedback,17,2,08_Courseware_Exercises/S17_2.6.7_the-divisibility-dag.md,,,Q1,yes,02_Structures.md,#Session 17 — Directed Acyclic Graphs,integrated; official answer and feedback explained in course note,official OCW correct-answer and feedback fields; checked in course note
online-S18-2.7.2-Q1,online_feedback,18,2,08_Courseware_Exercises/S18_2.7.2_population-partial-order.md,,,Q1,yes,02_Structures.md,#Session 18 — Partial Orders and Equivalence,integrated; official answer and feedback explained in course note,official OCW correct-answer and feedback fields; checked in course note
online-S18-2.7.2-Q2,online_feedback,18,2,08_Courseware_Exercises/S18_2.7.2_population-partial-order.md,,,Q2,yes,02_Structures.md,#Session 18 — Partial Orders and Equivalence,integrated; official answer and feedback explained in course note,official OCW correct-answer and feedback fields; checked in course note
online-S18-2.7.5-Q1,online_feedback,18,2,08_Courseware_Exercises/S18_2.7.5_relational-properties.md,,,Q1,yes,02_Structures.md,#Session 18 — Partial Orders and Equivalence,integrated; official answer and feedback explained in course note,official OCW correct-answer and feedback fields; checked in course note
online-S18-2.7.5-Q2,online_feedback,18,2,08_Courseware_Exercises/S18_2.7.5_relational-properties.md,,,Q2,yes,02_Structures.md,#Session 18 — Partial Orders and Equivalence,integrated; official answer and feedback explained in course note,official OCW correct-answer and feedback fields; checked in course note
online-S18-2.7.5-Q3,online_feedback,18,2,08_Courseware_Exercises/S18_2.7.5_relational-properties.md,,,Q3,yes,02_Structures.md,#Session 18 — Partial Orders and Equivalence,integrated; official answer and feedback explained in course note,official OCW correct-answer and feedback fields; checked in course note
online-S18-2.7.5-Q4,online_feedback,18,2,08_Courseware_Exercises/S18_2.7.5_relational-properties.md,,,Q4,yes,02_Structures.md,#Session 18 — Partial Orders and Equivalence,integrated; official answer and feedback explained in course note,official OCW correct-answer and feedback fields; checked in course note
online-S18-2.7.5-Q5,online_feedback,18,2,08_Courseware_Exercises/S18_2.7.5_relational-properties.md,,,Q5,yes,02_Structures.md,#Session 18 — Partial Orders and Equivalence,integrated; official answer and feedback explained in course note,official OCW correct-answer and feedback fields; checked in course note
online-S18-2.7.6-Q1,online_feedback,18,2,08_Courseware_Exercises/S18_2.7.6_properties-of-relations.md,,,Q1,yes,02_Structures.md,#Session 18 — Partial Orders and Equivalence,integrated; official answer and feedback explained in course note,official OCW correct-answer and feedback fields; checked in course note
online-S18-2.7.7-Q1,online_feedback,18,2,08_Courseware_Exercises/S18_2.7.7_equivalence-relations-and-partial-orders.md,,,Q1,yes,02_Structures.md,#Session 18 — Partial Orders and Equivalence,integrated; official answer and feedback explained in course note,official OCW correct-answer and feedback fields; checked in course note
online-S18-2.7.7-Q2,online_feedback,18,2,08_Courseware_Exercises/S18_2.7.7_equivalence-relations-and-partial-orders.md,,,Q2,yes,02_Structures.md,#Session 18 — Partial Orders and Equivalence,integrated; official answer and feedback explained in course note,official OCW correct-answer and feedback fields; checked in course note
online-S18-2.7.7-Q3,online_feedback,18,2,08_Courseware_Exercises/S18_2.7.7_equivalence-relations-and-partial-orders.md,,,Q3,yes,02_Structures.md,#Session 18 — Partial Orders and Equivalence,integrated; official answer and feedback explained in course note,official OCW correct-answer and feedback fields; checked in course note
online-S19-2.8.2-Q1,online_feedback,19,2,08_Courseware_Exercises/S19_2.8.2_counting-degrees-and-edges.md,,,Q1,yes,02_Structures.md,#Session 19 — Degrees and Isomorphism,integrated; official answer and feedback explained in course note,official OCW correct-answer and feedback fields; checked in course note
online-S19-2.8.2-Q2,online_feedback,19,2,08_Courseware_Exercises/S19_2.8.2_counting-degrees-and-edges.md,,,Q2,yes,02_Structures.md,#Session 19 — Degrees and Isomorphism,integrated; official answer and feedback explained in course note,official OCW correct-answer and feedback fields; checked in course note
online-S19-2.8.4-Q1,online_feedback,19,2,08_Courseware_Exercises/S19_2.8.4_isomorphism.md,,,Q1,yes,02_Structures.md,#Session 19 — Degrees and Isomorphism,integrated; official answer and feedback explained in course note,official OCW correct-answer and feedback fields; checked in course note
online-S19-2.8.4-Q2,online_feedback,19,2,08_Courseware_Exercises/S19_2.8.4_isomorphism.md,,,Q2,yes,02_Structures.md,#Session 19 — Degrees and Isomorphism,integrated; official answer and feedback explained in course note,official OCW correct-answer and feedback fields; checked in course note
online-S19-2.8.5-Q1,online_feedback,19,2,08_Courseware_Exercises/S19_2.8.5_extreme-graphs.md,,,Q1,yes,02_Structures.md,#Session 19 — Degrees and Isomorphism,integrated; official answer and feedback explained in course note,official OCW correct-answer and feedback fields; checked in course note
online-S19-2.8.5-Q2,online_feedback,19,2,08_Courseware_Exercises/S19_2.8.5_extreme-graphs.md,,,Q2,yes,02_Structures.md,#Session 19 — Degrees and Isomorphism,integrated; official answer and feedback explained in course note,official OCW correct-answer and feedback fields; checked in course note
online-S19-2.8.6-Q1,online_feedback,19,2,08_Courseware_Exercises/S19_2.8.6_isomorphic-graphs.md,,,Q1,yes,02_Structures.md,#Session 19 — Degrees and Isomorphism,integrated; official answer and feedback explained in course note,official OCW correct-answer and feedback fields; checked in course note
online-S19-2.8.7-Q1,online_feedback,19,2,08_Courseware_Exercises/S19_2.8.7_non-isomorphic-graphs.md,,,Q1,yes,02_Structures.md,#Session 19 — Degrees and Isomorphism,integrated; official answer and feedback explained in course note,official OCW correct-answer and feedback fields; checked in course note
online-S20-2.9.2-Q1,online_feedback,20,2,08_Courseware_Exercises/S20_2.9.2_chromatic-number.md,,,Q1,yes,02_Structures.md,#Session 20 — Coloring and Connectivity,integrated; official answer and feedback explained in course note,official OCW correct-answer and feedback fields; checked in course note
online-S20-2.9.2-Q2,online_feedback,20,2,08_Courseware_Exercises/S20_2.9.2_chromatic-number.md,,,Q2,yes,02_Structures.md,#Session 20 — Coloring and Connectivity,integrated; official answer and feedback explained in course note,official OCW correct-answer and feedback fields; checked in course note
online-S20-2.9.2-Q3,online_feedback,20,2,08_Courseware_Exercises/S20_2.9.2_chromatic-number.md,,,Q3,yes,02_Structures.md,#Session 20 — Coloring and Connectivity,integrated; official answer and feedback explained in course note,official OCW correct-answer and feedback fields; checked in course note
online-S20-2.9.5-Q1,online_feedback,20,2,08_Courseware_Exercises/S20_2.9.5_k-connected.md,,,Q1,yes,02_Structures.md,#Session 20 — Coloring and Connectivity,integrated; official answer and feedback explained in course note,official OCW correct-answer and feedback fields; checked in course note
online-S20-2.9.5-Q2,online_feedback,20,2,08_Courseware_Exercises/S20_2.9.5_k-connected.md,,,Q2,yes,02_Structures.md,#Session 20 — Coloring and Connectivity,integrated; official answer and feedback explained in course note,official OCW correct-answer and feedback fields; checked in course note
online-S20-2.9.6-Q1,online_feedback,20,2,08_Courseware_Exercises/S20_2.9.6_graph-coloring-i.md,,,Q1,yes,02_Structures.md,#Session 20 — Coloring and Connectivity,integrated; official answer and feedback explained in course note,official OCW correct-answer and feedback fields; checked in course note
online-S20-2.9.7-Q1,online_feedback,20,2,08_Courseware_Exercises/S20_2.9.7_graph-coloring-ii.md,,,Q1,yes,02_Structures.md,#Session 20 — Coloring and Connectivity,integrated; official answer and feedback explained in course note,official OCW correct-answer and feedback fields; checked in course note
online-S20-2.9.8-Q1,online_feedback,20,2,08_Courseware_Exercises/S20_2.9.8_connected-components-in-integers.md,,,Q1,yes,02_Structures.md,#Session 20 — Coloring and Connectivity,integrated; official answer and feedback explained in course note,official OCW correct-answer and feedback fields; checked in course note
online-S21-2.10.2-Q1,online_feedback,21,2,08_Courseware_Exercises/S21_2.10.2_trees-many-definitions.md,,,Q1,yes,02_Structures.md,#Session 21 — Trees and Minimum Spanning Trees,integrated; official answer and feedback explained in course note,official OCW correct-answer and feedback fields; checked in course note
online-S21-2.10.4-Q1,online_feedback,21,2,08_Courseware_Exercises/S21_2.10.4_2-colorable-trees.md,,,Q1,yes,02_Structures.md,#Session 21 — Trees and Minimum Spanning Trees,integrated; official answer and feedback explained in course note,official OCW correct-answer and feedback fields; checked in course note
online-S21-2.10.6-Q1,online_feedback,21,2,08_Courseware_Exercises/S21_2.10.6_span-all-the-graphs.md,,,Q1,yes,02_Structures.md,#Session 21 — Trees and Minimum Spanning Trees,integrated; official answer and feedback explained in course note,official OCW correct-answer and feedback fields; checked in course note
online-S21-2.10.6-Q2,online_feedback,21,2,08_Courseware_Exercises/S21_2.10.6_span-all-the-graphs.md,,,Q2,yes,02_Structures.md,#Session 21 — Trees and Minimum Spanning Trees,integrated; official answer and feedback explained in course note,official OCW correct-answer and feedback fields; checked in course note
online-S21-2.10.6-Q3,online_feedback,21,2,08_Courseware_Exercises/S21_2.10.6_span-all-the-graphs.md,,,Q3,yes,02_Structures.md,#Session 21 — Trees and Minimum Spanning Trees,integrated; official answer and feedback explained in course note,official OCW correct-answer and feedback fields; checked in course note
online-S21-2.10.6-Q4,online_feedback,21,2,08_Courseware_Exercises/S21_2.10.6_span-all-the-graphs.md,,,Q4,yes,02_Structures.md,#Session 21 — Trees and Minimum Spanning Trees,integrated; official answer and feedback explained in course note,official OCW correct-answer and feedback fields; checked in course note
online-S21-2.10.7-Q1,online_feedback,21,2,08_Courseware_Exercises/S21_2.10.7_tree-or-not-tree.md,,,Q1,yes,02_Structures.md,#Session 21 — Trees and Minimum Spanning Trees,integrated; official answer and feedback explained in course note,official OCW correct-answer and feedback fields; checked in course note
online-S21-2.10.8-Q1,online_feedback,21,2,08_Courseware_Exercises/S21_2.10.8_leaves.md,,,Q1,yes,02_Structures.md,#Session 21 — Trees and Minimum Spanning Trees,integrated; official answer and feedback explained in course note,official OCW correct-answer and feedback fields; checked in course note
online-S21-2.10.8-Q2,online_feedback,21,2,08_Courseware_Exercises/S21_2.10.8_leaves.md,,,Q2,yes,02_Structures.md,#Session 21 — Trees and Minimum Spanning Trees,integrated; official answer and feedback explained in course note,official OCW correct-answer and feedback fields; checked in course note
online-S21-2.10.8-Q3,online_feedback,21,2,08_Courseware_Exercises/S21_2.10.8_leaves.md,,,Q3,yes,02_Structures.md,#Session 21 — Trees and Minimum Spanning Trees,integrated; official answer and feedback explained in course note,official OCW correct-answer and feedback fields; checked in course note
online-S21-2.10.8-Q4,online_feedback,21,2,08_Courseware_Exercises/S21_2.10.8_leaves.md,,,Q4,yes,02_Structures.md,#Session 21 — Trees and Minimum Spanning Trees,integrated; official answer and feedback explained in course note,official OCW correct-answer and feedback fields; checked in course note
online-S21-2.10.9-Q1,online_feedback,21,2,08_Courseware_Exercises/S21_2.10.9_minimum-spanning-trees.md,,,Q1,yes,02_Structures.md,#Session 21 — Trees and Minimum Spanning Trees,integrated; official answer and feedback explained in course note,official OCW correct-answer and feedback fields; checked in course note
online-S21-2.10.9-Q2,online_feedback,21,2,08_Courseware_Exercises/S21_2.10.9_minimum-spanning-trees.md,,,Q2,yes,02_Structures.md,#Session 21 — Trees and Minimum Spanning Trees,integrated; official answer and feedback explained in course note,official OCW correct-answer and feedback fields; checked in course note
online-S21-2.10.10-Q1,online_feedback,21,2,08_Courseware_Exercises/S21_2.10.10_graph-algorithm.md,,,Q1,yes,02_Structures.md,#Session 21 — Trees and Minimum Spanning Trees,integrated; official answer and feedback explained in course note,official OCW correct-answer and feedback fields; checked in course note
online-S21-2.10.10-Q2,online_feedback,21,2,08_Courseware_Exercises/S21_2.10.10_graph-algorithm.md,,,Q2,yes,02_Structures.md,#Session 21 — Trees and Minimum Spanning Trees,integrated; official answer and feedback explained in course note,official OCW correct-answer and feedback fields; checked in course note
online-S21-2.10.10-Q3,online_feedback,21,2,08_Courseware_Exercises/S21_2.10.10_graph-algorithm.md,,,Q3,yes,02_Structures.md,#Session 21 — Trees and Minimum Spanning Trees,integrated; official answer and feedback explained in course note,official OCW correct-answer and feedback fields; checked in course note
online-S21-2.10.10-Q4,online_feedback,21,2,08_Courseware_Exercises/S21_2.10.10_graph-algorithm.md,,,Q4,yes,02_Structures.md,#Session 21 — Trees and Minimum Spanning Trees,integrated; official answer and feedback explained in course note,official OCW correct-answer and feedback fields; checked in course note
online-S21-2.10.10-Q5,online_feedback,21,2,08_Courseware_Exercises/S21_2.10.10_graph-algorithm.md,,,Q5,yes,02_Structures.md,#Session 21 — Trees and Minimum Spanning Trees,integrated; official answer and feedback explained in course note,official OCW correct-answer and feedback fields; checked in course note
online-S21-2.10.10-Q6,online_feedback,21,2,08_Courseware_Exercises/S21_2.10.10_graph-algorithm.md,,,Q6,yes,02_Structures.md,#Session 21 — Trees and Minimum Spanning Trees,integrated; official answer and feedback explained in course note,official OCW correct-answer and feedback fields; checked in course note
online-S22-2.11.3-Q1,online_feedback,22,2,08_Courseware_Exercises/S22_2.11.3_derived-variables.md,,,Q1,yes,02_Structures.md,#Session 22 — Stable Matching and Hall's Theorem,integrated; official answer and feedback explained in course note,official OCW correct-answer and feedback fields; checked in course note
online-S22-2.11.3-Q2,online_feedback,22,2,08_Courseware_Exercises/S22_2.11.3_derived-variables.md,,,Q2,yes,02_Structures.md,#Session 22 — Stable Matching and Hall's Theorem,integrated; official answer and feedback explained in course note,official OCW correct-answer and feedback fields; checked in course note
online-S22-2.11.4-Q1,online_feedback,22,2,08_Courseware_Exercises/S22_2.11.4_mating-ritual.md,,,Q1,yes,02_Structures.md,#Session 22 — Stable Matching and Hall's Theorem,integrated; official answer and feedback explained in course note,official OCW correct-answer and feedback fields; checked in course note
online-S22-2.11.4-Q2,online_feedback,22,2,08_Courseware_Exercises/S22_2.11.4_mating-ritual.md,,,Q2,yes,02_Structures.md,#Session 22 — Stable Matching and Hall's Theorem,integrated; official answer and feedback explained in course note,official OCW correct-answer and feedback fields; checked in course note
online-S22-2.11.6-Q1,online_feedback,22,2,08_Courseware_Exercises/S22_2.11.6_boy-optimal.md,,,Q1,yes,02_Structures.md,#Session 22 — Stable Matching and Hall's Theorem,integrated; official answer and feedback explained in course note,official OCW correct-answer and feedback fields; checked in course note
online-S22-2.11.8-Q1,online_feedback,22,2,08_Courseware_Exercises/S22_2.11.8_bipartite-equivalence-relation.md,,,Q1,yes,02_Structures.md,#Session 22 — Stable Matching and Hall's Theorem,integrated; official answer and feedback explained in course note,official OCW correct-answer and feedback fields; checked in course note
online-S22-2.11.10-Q1,online_feedback,22,2,08_Courseware_Exercises/S22_2.11.10_bottleneck.md,,,Q1,yes,02_Structures.md,#Session 22 — Stable Matching and Hall's Theorem,integrated; official answer and feedback explained in course note,official OCW correct-answer and feedback fields; checked in course note
online-S22-2.11.11-Q1,online_feedback,22,2,08_Courseware_Exercises/S22_2.11.11_bipartite-graphs.md,,,Q1,yes,02_Structures.md,#Session 22 — Stable Matching and Hall's Theorem,integrated; official answer and feedback explained in course note,official OCW correct-answer and feedback fields; checked in course note
online-S22-2.11.12-Q1,online_feedback,22,2,08_Courseware_Exercises/S22_2.11.12_matching.md,,,Q1,yes,02_Structures.md,#Session 22 — Stable Matching and Hall's Theorem,integrated; official answer and feedback explained in course note,official OCW correct-answer and feedback fields; checked in course note
online-S22-2.11.12-Q2,online_feedback,22,2,08_Courseware_Exercises/S22_2.11.12_matching.md,,,Q2,yes,02_Structures.md,#Session 22 — Stable Matching and Hall's Theorem,integrated; official answer and feedback explained in course note,official OCW correct-answer and feedback fields; checked in course note
online-S22-2.11.13-Q1,online_feedback,22,2,08_Courseware_Exercises/S22_2.11.13_stable-matching-invariants.md,,,Q1,yes,02_Structures.md,#Session 22 — Stable Matching and Hall's Theorem,integrated; official answer and feedback explained in course note,official OCW correct-answer and feedback fields; checked in course note
online-S23-3.1.2-Q1,online_feedback,23,3,08_Courseware_Exercises/S23_3.1.2_perturbation-by-young-gauss.md,,,Q1,yes,03_Counting.md,#Session 23 — Sums & Products,integrated; official answer and feedback explained in course note,official OCW correct-answer and feedback fields; checked in course note
online-S23-3.1.4-Q1,online_feedback,23,3,08_Courseware_Exercises/S23_3.1.4_annuities.md,,,Q1,yes,03_Counting.md,#Session 23 — Sums & Products,integrated; official answer and feedback explained in course note,official OCW correct-answer and feedback fields; checked in course note
online-S23-3.1.6-Q1,online_feedback,23,3,08_Courseware_Exercises/S23_3.1.6_harmonic-numbers.md,,,Q1,yes,03_Counting.md,#Session 23 — Sums & Products,integrated; official answer and feedback explained in course note,official OCW correct-answer and feedback fields; checked in course note
online-S23-3.1.8-Q1,online_feedback,23,3,08_Courseware_Exercises/S23_3.1.8_integral-method-demystified.md,,,Q1,yes,03_Counting.md,#Session 23 — Sums & Products,integrated; official answer and feedback explained in course note,official OCW correct-answer and feedback fields; checked in course note
online-S23-3.1.8-Q2,online_feedback,23,3,08_Courseware_Exercises/S23_3.1.8_integral-method-demystified.md,,,Q2,yes,03_Counting.md,#Session 23 — Sums & Products,integrated; official answer and feedback explained in course note,official OCW correct-answer and feedback fields; checked in course note
online-S23-3.1.8-Q3,online_feedback,23,3,08_Courseware_Exercises/S23_3.1.8_integral-method-demystified.md,,,Q3,yes,03_Counting.md,#Session 23 — Sums & Products,integrated; official answer and feedback explained in course note,official OCW correct-answer and feedback fields; checked in course note
online-S23-3.1.8-Q4,online_feedback,23,3,08_Courseware_Exercises/S23_3.1.8_integral-method-demystified.md,,,Q4,yes,03_Counting.md,#Session 23 — Sums & Products,integrated; official answer and feedback explained in course note,official OCW correct-answer and feedback fields; checked in course note
online-S23-3.1.8-Q5,online_feedback,23,3,08_Courseware_Exercises/S23_3.1.8_integral-method-demystified.md,,,Q5,yes,03_Counting.md,#Session 23 — Sums & Products,integrated; official answer and feedback explained in course note,official OCW correct-answer and feedback fields; checked in course note
online-S23-3.1.8-Q6,online_feedback,23,3,08_Courseware_Exercises/S23_3.1.8_integral-method-demystified.md,,,Q6,yes,03_Counting.md,#Session 23 — Sums & Products,integrated; official answer and feedback explained in course note,official OCW correct-answer and feedback fields; checked in course note
online-S23-3.1.8-Q7,online_feedback,23,3,08_Courseware_Exercises/S23_3.1.8_integral-method-demystified.md,,,Q7,yes,03_Counting.md,#Session 23 — Sums & Products,integrated; official answer and feedback explained in course note,official OCW correct-answer and feedback fields; checked in course note
online-S23-3.1.8-Q8,online_feedback,23,3,08_Courseware_Exercises/S23_3.1.8_integral-method-demystified.md,,,Q8,yes,03_Counting.md,#Session 23 — Sums & Products,integrated; official answer and feedback explained in course note,official OCW correct-answer and feedback fields; checked in course note
online-S23-3.1.10-Q1,online_feedback,23,3,08_Courseware_Exercises/S23_3.1.10_applying-stirling-s-formula.md,,,Q1,yes,03_Counting.md,#Session 23 — Sums & Products,integrated; official answer and feedback explained in course note,official OCW correct-answer and feedback fields; checked in course note
online-S23-3.1.11-Q1,online_feedback,23,3,08_Courseware_Exercises/S23_3.1.11_convergence-of-geometric-series.md,,,Q1,yes,03_Counting.md,#Session 23 — Sums & Products,integrated; official answer and feedback explained in course note,official OCW correct-answer and feedback fields; checked in course note
online-S23-3.1.12-Q1,online_feedback,23,3,08_Courseware_Exercises/S23_3.1.12_summation.md,,,Q1,yes,03_Counting.md,#Session 23 — Sums & Products,integrated; official answer and feedback explained in course note,official OCW correct-answer and feedback fields; checked in course note
online-S23-3.1.12-Q2,online_feedback,23,3,08_Courseware_Exercises/S23_3.1.12_summation.md,,,Q2,yes,03_Counting.md,#Session 23 — Sums & Products,integrated; official answer and feedback explained in course note,official OCW correct-answer and feedback fields; checked in course note
online-S23-3.1.13-Q1,online_feedback,23,3,08_Courseware_Exercises/S23_3.1.13_sum-s-upper-lower-bounds.md,,,Q1,yes,03_Counting.md,#Session 23 — Sums & Products,integrated; official answer and feedback explained in course note,official OCW correct-answer and feedback fields; checked in course note
online-S24-3.2.2-Q1,online_feedback,24,3,08_Courseware_Exercises/S24_3.2.2_asymptotics-as-relations.md,,,Q1,yes,03_Counting.md,#Session 24 — Asymptotics,integrated; official answer and feedback explained in course note,official OCW correct-answer and feedback fields; checked in course note
online-S24-3.2.2-Q2,online_feedback,24,3,08_Courseware_Exercises/S24_3.2.2_asymptotics-as-relations.md,,,Q2,yes,03_Counting.md,#Session 24 — Asymptotics,integrated; official answer and feedback explained in course note,official OCW correct-answer and feedback fields; checked in course note
online-S24-3.2.4-Q1,online_feedback,24,3,08_Courseware_Exercises/S24_3.2.4_little-oh-big-oh.md,,,Q1,yes,03_Counting.md,#Session 24 — Asymptotics,integrated; official answer and feedback explained in course note,official OCW correct-answer and feedback fields; checked in course note
online-S24-3.2.4-Q2,online_feedback,24,3,08_Courseware_Exercises/S24_3.2.4_little-oh-big-oh.md,,,Q2,yes,03_Counting.md,#Session 24 — Asymptotics,integrated; official answer and feedback explained in course note,official OCW correct-answer and feedback fields; checked in course note
online-S24-3.2.4-Q3,online_feedback,24,3,08_Courseware_Exercises/S24_3.2.4_little-oh-big-oh.md,,,Q3,yes,03_Counting.md,#Session 24 — Asymptotics,integrated; official answer and feedback explained in course note,official OCW correct-answer and feedback fields; checked in course note
online-S24-3.2.5-Q1,online_feedback,24,3,08_Courseware_Exercises/S24_3.2.5_theta.md,,,Q1,yes,03_Counting.md,#Session 24 — Asymptotics,integrated; official answer and feedback explained in course note,official OCW correct-answer and feedback fields; checked in course note
online-S24-3.2.5-Q2,online_feedback,24,3,08_Courseware_Exercises/S24_3.2.5_theta.md,,,Q2,yes,03_Counting.md,#Session 24 — Asymptotics,integrated; official answer and feedback explained in course note,official OCW correct-answer and feedback fields; checked in course note
online-S24-3.2.7-Q1,online_feedback,24,3,08_Courseware_Exercises/S24_3.2.7_asymptotics-the-right-way.md,,,Q1,yes,03_Counting.md,#Session 24 — Asymptotics,integrated; official answer and feedback explained in course note,official OCW correct-answer and feedback fields; checked in course note
online-S24-3.2.7-Q2,online_feedback,24,3,08_Courseware_Exercises/S24_3.2.7_asymptotics-the-right-way.md,,,Q2,yes,03_Counting.md,#Session 24 — Asymptotics,integrated; official answer and feedback explained in course note,official OCW correct-answer and feedback fields; checked in course note
online-S24-3.2.7-Q3,online_feedback,24,3,08_Courseware_Exercises/S24_3.2.7_asymptotics-the-right-way.md,,,Q3,yes,03_Counting.md,#Session 24 — Asymptotics,integrated; official answer and feedback explained in course note,official OCW correct-answer and feedback fields; checked in course note
online-S24-3.2.8-Q1,online_feedback,24,3,08_Courseware_Exercises/S24_3.2.8_practice-with-big-o.md,,,Q1,yes,03_Counting.md,#Session 24 — Asymptotics,integrated; official answer and feedback explained in course note,official OCW correct-answer and feedback fields; checked in course note
online-S24-3.2.8-Q2,online_feedback,24,3,08_Courseware_Exercises/S24_3.2.8_practice-with-big-o.md,,,Q2,yes,03_Counting.md,#Session 24 — Asymptotics,integrated; official answer and feedback explained in course note,official OCW correct-answer and feedback fields; checked in course note
online-S24-3.2.8-Q3,online_feedback,24,3,08_Courseware_Exercises/S24_3.2.8_practice-with-big-o.md,,,Q3,yes,03_Counting.md,#Session 24 — Asymptotics,integrated; official answer and feedback explained in course note,official OCW correct-answer and feedback fields; checked in course note
online-S24-3.2.8-Q4,online_feedback,24,3,08_Courseware_Exercises/S24_3.2.8_practice-with-big-o.md,,,Q4,yes,03_Counting.md,#Session 24 — Asymptotics,integrated; official answer and feedback explained in course note,official OCW correct-answer and feedback fields; checked in course note
online-S24-3.2.8-Q5,online_feedback,24,3,08_Courseware_Exercises/S24_3.2.8_practice-with-big-o.md,,,Q5,yes,03_Counting.md,#Session 24 — Asymptotics,integrated; official answer and feedback explained in course note,official OCW correct-answer and feedback fields; checked in course note
online-S24-3.2.8-Q6,online_feedback,24,3,08_Courseware_Exercises/S24_3.2.8_practice-with-big-o.md,,,Q6,yes,03_Counting.md,#Session 24 — Asymptotics,integrated; official answer and feedback explained in course note,official OCW correct-answer and feedback fields; checked in course note
online-S24-3.2.8-Q7,online_feedback,24,3,08_Courseware_Exercises/S24_3.2.8_practice-with-big-o.md,,,Q7,yes,03_Counting.md,#Session 24 — Asymptotics,integrated; official answer and feedback explained in course note,official OCW correct-answer and feedback fields; checked in course note
online-S24-3.2.9-Q1,online_feedback,24,3,08_Courseware_Exercises/S24_3.2.9_practice-with-order-of-growth.md,,,Q1,yes,03_Counting.md,#Session 24 — Asymptotics,integrated; official answer and feedback explained in course note,official OCW correct-answer and feedback fields; checked in course note
online-S24-3.2.9-Q2,online_feedback,24,3,08_Courseware_Exercises/S24_3.2.9_practice-with-order-of-growth.md,,,Q2,yes,03_Counting.md,#Session 24 — Asymptotics,integrated; official answer and feedback explained in course note,official OCW correct-answer and feedback fields; checked in course note
online-S24-3.2.9-Q3,online_feedback,24,3,08_Courseware_Exercises/S24_3.2.9_practice-with-order-of-growth.md,,,Q3,yes,03_Counting.md,#Session 24 — Asymptotics,integrated; official answer and feedback explained in course note,official OCW correct-answer and feedback fields; checked in course note
online-S24-3.2.9-Q4,online_feedback,24,3,08_Courseware_Exercises/S24_3.2.9_practice-with-order-of-growth.md,,,Q4,yes,03_Counting.md,#Session 24 — Asymptotics,integrated; official answer and feedback explained in course note,official OCW correct-answer and feedback fields; checked in course note
online-S25-3.3.2-Q1,online_feedback,25,3,08_Courseware_Exercises/S25_3.3.2_counting-practice.md,,,Q1,yes,03_Counting.md,#Session 25 — Counting with Bijections,integrated; official answer and feedback explained in course note,official OCW correct-answer and feedback fields; checked in course note
online-S25-3.3.2-Q2,online_feedback,25,3,08_Courseware_Exercises/S25_3.3.2_counting-practice.md,,,Q2,yes,03_Counting.md,#Session 25 — Counting with Bijections,integrated; official answer and feedback explained in course note,official OCW correct-answer and feedback fields; checked in course note
online-S25-3.3.4-Q1,online_feedback,25,3,08_Courseware_Exercises/S25_3.3.4_selecting-donuts.md,,,Q1,yes,03_Counting.md,#Session 25 — Counting with Bijections,integrated; official answer and feedback explained in course note,official OCW correct-answer and feedback fields; checked in course note
online-S25-3.3.5-Q1,online_feedback,25,3,08_Courseware_Exercises/S25_3.3.5_counting-functions.md,,,Q1,yes,03_Counting.md,#Session 25 — Counting with Bijections,integrated; official answer and feedback explained in course note,official OCW correct-answer and feedback fields; checked in course note
online-S26-3.4.2-Q1,online_feedback,26,3,08_Courseware_Exercises/S26_3.4.2_choosing-integers.md,,,Q1,yes,03_Counting.md,#Session 26 — Repetitions & Binomial Theorem,integrated; official answer and feedback explained in course note,official OCW correct-answer and feedback fields; checked in course note
online-S27-3.5.2-Q1,online_feedback,27,3,08_Courseware_Exercises/S27_3.5.2_rolling-dice.md,,,Q1,yes,03_Counting.md,#Session 27 — Pigeonhole Principle & Inclusion–Exclusion,integrated; official answer and feedback explained in course note,official OCW correct-answer and feedback fields; checked in course note
online-S27-3.5.5-Q1,online_feedback,27,3,08_Courseware_Exercises/S27_3.5.5_pigeonhole-principle.md,,,Q1,yes,03_Counting.md,#Session 27 — Pigeonhole Principle & Inclusion–Exclusion,integrated; official answer and feedback explained in course note,official OCW correct-answer and feedback fields; checked in course note
online-S27-3.5.5-Q2,online_feedback,27,3,08_Courseware_Exercises/S27_3.5.5_pigeonhole-principle.md,,,Q2,yes,03_Counting.md,#Session 27 — Pigeonhole Principle & Inclusion–Exclusion,integrated; official answer and feedback explained in course note,official OCW correct-answer and feedback fields; checked in course note
online-S27-3.5.5-Q3,online_feedback,27,3,08_Courseware_Exercises/S27_3.5.5_pigeonhole-principle.md,,,Q3,yes,03_Counting.md,#Session 27 — Pigeonhole Principle & Inclusion–Exclusion,integrated; official answer and feedback explained in course note,official OCW correct-answer and feedback fields; checked in course note
online-S27-3.5.5-Q4,online_feedback,27,3,08_Courseware_Exercises/S27_3.5.5_pigeonhole-principle.md,,,Q4,yes,03_Counting.md,#Session 27 — Pigeonhole Principle & Inclusion–Exclusion,integrated; official answer and feedback explained in course note,official OCW correct-answer and feedback fields; checked in course note
online-S27-3.5.5-Q5,online_feedback,27,3,08_Courseware_Exercises/S27_3.5.5_pigeonhole-principle.md,,,Q5,yes,03_Counting.md,#Session 27 — Pigeonhole Principle & Inclusion–Exclusion,integrated; official answer and feedback explained in course note,official OCW correct-answer and feedback fields; checked in course note
online-S27-3.5.6-Q1,online_feedback,27,3,08_Courseware_Exercises/S27_3.5.6_6-042-teal-table.md,,,Q1,yes,03_Counting.md,#Session 27 — Pigeonhole Principle & Inclusion–Exclusion,integrated; official answer and feedback explained in course note,official OCW correct-answer and feedback fields; checked in course note
online-S27-3.5.6-Q2,online_feedback,27,3,08_Courseware_Exercises/S27_3.5.6_6-042-teal-table.md,,,Q2,yes,03_Counting.md,#Session 27 — Pigeonhole Principle & Inclusion–Exclusion,integrated; official answer and feedback explained in course note,official OCW correct-answer and feedback fields; checked in course note
online-S27-3.5.6-Q3,online_feedback,27,3,08_Courseware_Exercises/S27_3.5.6_6-042-teal-table.md,,,Q3,yes,03_Counting.md,#Session 27 — Pigeonhole Principle & Inclusion–Exclusion,integrated; official answer and feedback explained in course note,official OCW correct-answer and feedback fields; checked in course note
online-S27-3.5.6-Q4,online_feedback,27,3,08_Courseware_Exercises/S27_3.5.6_6-042-teal-table.md,,,Q4,yes,03_Counting.md,#Session 27 — Pigeonhole Principle & Inclusion–Exclusion,integrated; official answer and feedback explained in course note,official OCW correct-answer and feedback fields; checked in course note
online-S27-3.5.7-Q1,online_feedback,27,3,08_Courseware_Exercises/S27_3.5.7_class-schedules.md,,,Q1,yes,03_Counting.md,#Session 27 — Pigeonhole Principle & Inclusion–Exclusion,integrated; official answer and feedback explained in course note,official OCW correct-answer and feedback fields; checked in course note
online-S28-4.1.2-Q1,online_feedback,28,4,08_Courseware_Exercises/S28_4.1.2_socks-and-shoes.md,,,Q1,yes,04_Probability.md,#Session 28 — Intro to Discrete Probability,integrated; official answer and feedback explained in course note,official OCW correct-answer and feedback fields; checked in course note
online-S28-4.1.2-Q2,online_feedback,28,4,08_Courseware_Exercises/S28_4.1.2_socks-and-shoes.md,,,Q2,yes,04_Probability.md,#Session 28 — Intro to Discrete Probability,integrated; official answer and feedback explained in course note,official OCW correct-answer and feedback fields; checked in course note
online-S28-4.1.2-Q3,online_feedback,28,4,08_Courseware_Exercises/S28_4.1.2_socks-and-shoes.md,,,Q3,yes,04_Probability.md,#Session 28 — Intro to Discrete Probability,integrated; official answer and feedback explained in course note,official OCW correct-answer and feedback fields; checked in course note
online-S28-4.1.2-Q4,online_feedback,28,4,08_Courseware_Exercises/S28_4.1.2_socks-and-shoes.md,,,Q4,yes,04_Probability.md,#Session 28 — Intro to Discrete Probability,integrated; official answer and feedback explained in course note,official OCW correct-answer and feedback fields; checked in course note
online-S28-4.1.2-Q5,online_feedback,28,4,08_Courseware_Exercises/S28_4.1.2_socks-and-shoes.md,,,Q5,yes,04_Probability.md,#Session 28 — Intro to Discrete Probability,integrated; official answer and feedback explained in course note,official OCW correct-answer and feedback fields; checked in course note
online-S28-4.1.2-Q6,online_feedback,28,4,08_Courseware_Exercises/S28_4.1.2_socks-and-shoes.md,,,Q6,yes,04_Probability.md,#Session 28 — Intro to Discrete Probability,integrated; official answer and feedback explained in course note,official OCW correct-answer and feedback fields; checked in course note
online-S28-4.1.4-Q1,online_feedback,28,4,08_Courseware_Exercises/S28_4.1.4_simplify-prize-tree.md,,,Q1,yes,04_Probability.md,#Session 28 — Intro to Discrete Probability,integrated; official answer and feedback explained in course note,official OCW correct-answer and feedback fields; checked in course note
online-S28-4.1.6-Q1,online_feedback,28,4,08_Courseware_Exercises/S28_4.1.6_sum-rule-practice.md,,,Q1,yes,04_Probability.md,#Session 28 — Intro to Discrete Probability,integrated; official answer and feedback explained in course note,official OCW correct-answer and feedback fields; checked in course note
online-S28-4.1.7-Q1,online_feedback,28,4,08_Courseware_Exercises/S28_4.1.7_addition-rule.md,,,Q1,yes,04_Probability.md,#Session 28 — Intro to Discrete Probability,integrated; official answer and feedback explained in course note,official OCW correct-answer and feedback fields; checked in course note
online-S28-4.1.8-Q1,online_feedback,28,4,08_Courseware_Exercises/S28_4.1.8_fun-with-coins.md,,,Q1,yes,04_Probability.md,#Session 28 — Intro to Discrete Probability,integrated; official answer and feedback explained in course note,official OCW correct-answer and feedback fields; checked in course note
online-S28-4.1.8-Q2,online_feedback,28,4,08_Courseware_Exercises/S28_4.1.8_fun-with-coins.md,,,Q2,yes,04_Probability.md,#Session 28 — Intro to Discrete Probability,integrated; official answer and feedback explained in course note,official OCW correct-answer and feedback fields; checked in course note
online-S29-4.2.2-Q1,online_feedback,29,4,08_Courseware_Exercises/S29_4.2.2_dicey-sum.md,,,Q1,yes,04_Probability.md,#Session 29 — Conditional Probability,integrated; official answer and feedback explained in course note,official OCW correct-answer and feedback fields; checked in course note
online-S29-4.2.4-Q1,online_feedback,29,4,08_Courseware_Exercises/S29_4.2.4_cavities-and-candy.md,,,Q1,yes,04_Probability.md,#Session 29 — Conditional Probability,integrated; official answer and feedback explained in course note,official OCW correct-answer and feedback fields; checked in course note
online-S29-4.2.6-Q1,online_feedback,29,4,08_Courseware_Exercises/S29_4.2.6_two-boys.md,,,Q1,yes,04_Probability.md,#Session 29 — Conditional Probability,integrated; official answer and feedback explained in course note,official OCW correct-answer and feedback fields; checked in course note
online-S29-4.2.8-Q1,online_feedback,29,4,08_Courseware_Exercises/S29_4.2.8_conditional-probability.md,,,Q1,yes,04_Probability.md,#Session 29 — Conditional Probability,integrated; official answer and feedback explained in course note,official OCW correct-answer and feedback fields; checked in course note
online-S29-4.2.9-Q1,online_feedback,29,4,08_Courseware_Exercises/S29_4.2.9_dicey-game.md,,,Q1,yes,04_Probability.md,#Session 29 — Conditional Probability,integrated; official answer and feedback explained in course note,official OCW correct-answer and feedback fields; checked in course note
online-S29-4.2.10-Q1,online_feedback,29,4,08_Courseware_Exercises/S29_4.2.10_watch-out-for-crocodiles.md,,,Q1,yes,04_Probability.md,#Session 29 — Conditional Probability,integrated; official answer and feedback explained in course note,official OCW correct-answer and feedback fields; checked in course note
online-S30-4.3.2-Q1,online_feedback,30,4,08_Courseware_Exercises/S30_4.3.2_independent-dice-rolls.md,,,Q1,yes,04_Probability.md,#Session 30 — Independence & Causality,integrated; official answer and feedback explained in course note,official OCW correct-answer and feedback fields; checked in course note
online-S30-4.3.4-Q1,online_feedback,30,4,08_Courseware_Exercises/S30_4.3.4_mutually-independent-dice-rolls.md,,,Q1,yes,04_Probability.md,#Session 30 — Independence & Causality,integrated; official answer and feedback explained in course note,official OCW correct-answer and feedback fields; checked in course note
online-S30-4.3.5-Q1,online_feedback,30,4,08_Courseware_Exercises/S30_4.3.5_independent-vs-disjoint.md,,,Q1,yes,04_Probability.md,#Session 30 — Independence & Causality,integrated; official answer and feedback explained in course note,official OCW correct-answer and feedback fields; checked in course note
online-S30-4.3.6-Q1,online_feedback,30,4,08_Courseware_Exercises/S30_4.3.6_labeled-balls.md,,,Q1,yes,04_Probability.md,#Session 30 — Independence & Causality,integrated; official answer and feedback explained in course note,official OCW correct-answer and feedback fields; checked in course note
online-S30-4.3.7-Q1,online_feedback,30,4,08_Courseware_Exercises/S30_4.3.7_paradox.md,,,Q1,yes,04_Probability.md,#Session 30 — Independence & Causality,integrated; official answer and feedback explained in course note,official OCW correct-answer and feedback fields; checked in course note
online-S31-4.4.3-Q1,online_feedback,31,4,08_Courseware_Exercises/S31_4.4.3_odd-heads-and-matches.md,,,Q1,yes,04_Probability.md,#Session 31 — Random Variables & Density Functions,integrated; official answer and feedback explained in course note,official OCW correct-answer and feedback fields; checked in course note
online-S31-4.4.3-Q2,online_feedback,31,4,08_Courseware_Exercises/S31_4.4.3_odd-heads-and-matches.md,,,Q2,yes,04_Probability.md,#Session 31 — Random Variables & Density Functions,integrated; official answer and feedback explained in course note,official OCW correct-answer and feedback fields; checked in course note
online-S31-4.4.3-Q3,online_feedback,31,4,08_Courseware_Exercises/S31_4.4.3_odd-heads-and-matches.md,,,Q3,yes,04_Probability.md,#Session 31 — Random Variables & Density Functions,integrated; official answer and feedback explained in course note,official OCW correct-answer and feedback fields; checked in course note
online-S31-4.4.3-Q4,online_feedback,31,4,08_Courseware_Exercises/S31_4.4.3_odd-heads-and-matches.md,,,Q4,yes,04_Probability.md,#Session 31 — Random Variables & Density Functions,integrated; official answer and feedback explained in course note,official OCW correct-answer and feedback fields; checked in course note
online-S31-4.4.3-Q5,online_feedback,31,4,08_Courseware_Exercises/S31_4.4.3_odd-heads-and-matches.md,,,Q5,yes,04_Probability.md,#Session 31 — Random Variables & Density Functions,integrated; official answer and feedback explained in course note,official OCW correct-answer and feedback fields; checked in course note
online-S31-4.4.3-Q6,online_feedback,31,4,08_Courseware_Exercises/S31_4.4.3_odd-heads-and-matches.md,,,Q6,yes,04_Probability.md,#Session 31 — Random Variables & Density Functions,integrated; official answer and feedback explained in course note,official OCW correct-answer and feedback fields; checked in course note
online-S31-4.4.3-Q7,online_feedback,31,4,08_Courseware_Exercises/S31_4.4.3_odd-heads-and-matches.md,,,Q7,yes,04_Probability.md,#Session 31 — Random Variables & Density Functions,integrated; official answer and feedback explained in course note,official OCW correct-answer and feedback fields; checked in course note
online-S31-4.4.5-Q1,online_feedback,31,4,08_Courseware_Exercises/S31_4.4.5_late-for-a-date.md,,,Q1,yes,04_Probability.md,#Session 31 — Random Variables & Density Functions,integrated; official answer and feedback explained in course note,official OCW correct-answer and feedback fields; checked in course note
online-S31-4.4.5-Q2,online_feedback,31,4,08_Courseware_Exercises/S31_4.4.5_late-for-a-date.md,,,Q2,yes,04_Probability.md,#Session 31 — Random Variables & Density Functions,integrated; official answer and feedback explained in course note,official OCW correct-answer and feedback fields; checked in course note
online-S31-4.4.5-Q3,online_feedback,31,4,08_Courseware_Exercises/S31_4.4.5_late-for-a-date.md,,,Q3,yes,04_Probability.md,#Session 31 — Random Variables & Density Functions,integrated; official answer and feedback explained in course note,official OCW correct-answer and feedback fields; checked in course note
online-S31-4.4.6-Q1,online_feedback,31,4,08_Courseware_Exercises/S31_4.4.6_a-random-number.md,,,Q1,yes,04_Probability.md,#Session 31 — Random Variables & Density Functions,integrated; official answer and feedback explained in course note,official OCW correct-answer and feedback fields; checked in course note
online-S31-4.4.6-Q2,online_feedback,31,4,08_Courseware_Exercises/S31_4.4.6_a-random-number.md,,,Q2,yes,04_Probability.md,#Session 31 — Random Variables & Density Functions,integrated; official answer and feedback explained in course note,official OCW correct-answer and feedback fields; checked in course note
online-S31-4.4.6-Q3,online_feedback,31,4,08_Courseware_Exercises/S31_4.4.6_a-random-number.md,,,Q3,yes,04_Probability.md,#Session 31 — Random Variables & Density Functions,integrated; official answer and feedback explained in course note,official OCW correct-answer and feedback fields; checked in course note
online-S31-4.4.6-Q4,online_feedback,31,4,08_Courseware_Exercises/S31_4.4.6_a-random-number.md,,,Q4,yes,04_Probability.md,#Session 31 — Random Variables & Density Functions,integrated; official answer and feedback explained in course note,official OCW correct-answer and feedback fields; checked in course note
online-S31-4.4.6-Q5,online_feedback,31,4,08_Courseware_Exercises/S31_4.4.6_a-random-number.md,,,Q5,yes,04_Probability.md,#Session 31 — Random Variables & Density Functions,integrated; official answer and feedback explained in course note,official OCW correct-answer and feedback fields; checked in course note
online-S31-4.4.6-Q6,online_feedback,31,4,08_Courseware_Exercises/S31_4.4.6_a-random-number.md,,,Q6,yes,04_Probability.md,#Session 31 — Random Variables & Density Functions,integrated; official answer and feedback explained in course note,official OCW correct-answer and feedback fields; checked in course note
online-S31-4.4.6-Q7,online_feedback,31,4,08_Courseware_Exercises/S31_4.4.6_a-random-number.md,,,Q7,yes,04_Probability.md,#Session 31 — Random Variables & Density Functions,integrated; official answer and feedback explained in course note,official OCW correct-answer and feedback fields; checked in course note
online-S31-4.4.6-Q8,online_feedback,31,4,08_Courseware_Exercises/S31_4.4.6_a-random-number.md,,,Q8,yes,04_Probability.md,#Session 31 — Random Variables & Density Functions,integrated; official answer and feedback explained in course note,official OCW correct-answer and feedback fields; checked in course note
online-S31-4.4.7-Q1,online_feedback,31,4,08_Courseware_Exercises/S31_4.4.7_pdf-to-cdf.md,,,Q1,yes,04_Probability.md,#Session 31 — Random Variables & Density Functions,integrated; official answer and feedback explained in course note,official OCW correct-answer and feedback fields; checked in course note
online-S31-4.4.8-Q1,online_feedback,31,4,08_Courseware_Exercises/S31_4.4.8_dice-and-coin-game.md,,,Q1,yes,04_Probability.md,#Session 31 — Random Variables & Density Functions,integrated; official answer and feedback explained in course note,official OCW correct-answer and feedback fields; checked in course note
online-S31-4.4.8-Q2,online_feedback,31,4,08_Courseware_Exercises/S31_4.4.8_dice-and-coin-game.md,,,Q2,yes,04_Probability.md,#Session 31 — Random Variables & Density Functions,integrated; official answer and feedback explained in course note,official OCW correct-answer and feedback fields; checked in course note
online-S32-4.5.2-Q1,online_feedback,32,4,08_Courseware_Exercises/S32_4.5.2_uneven-dice.md,,,Q1,yes,04_Probability.md,#Session 32 — Expectation,integrated; official answer and feedback explained in course note,official OCW correct-answer and feedback fields; checked in course note
online-S32-4.5.4-Q1,online_feedback,32,4,08_Courseware_Exercises/S32_4.5.4_expected-number-of-heads.md,,,Q1,yes,04_Probability.md,#Session 32 — Expectation,integrated; official answer and feedback explained in course note,official OCW correct-answer and feedback fields; checked in course note
online-S32-4.5.6-Q1,online_feedback,32,4,08_Courseware_Exercises/S32_4.5.6_another-dice-and-coin-game.md,,,Q1,yes,04_Probability.md,#Session 32 — Expectation,integrated; official answer and feedback explained in course note,official OCW correct-answer and feedback fields; checked in course note
online-S32-4.5.8-Q1,online_feedback,32,4,08_Courseware_Exercises/S32_4.5.8_three-machines-failing.md,,,Q1,yes,04_Probability.md,#Session 32 — Expectation,integrated; official answer and feedback explained in course note,official OCW correct-answer and feedback fields; checked in course note
online-S32-4.5.10-Q1,online_feedback,32,4,08_Courseware_Exercises/S32_4.5.10_fair-and-biased-coins.md,,,Q1,yes,04_Probability.md,#Session 32 — Expectation,integrated; official answer and feedback explained in course note,official OCW correct-answer and feedback fields; checked in course note
online-S32-4.5.11-Q1,online_feedback,32,4,08_Courseware_Exercises/S32_4.5.11_binomial-board-breaking.md,,,Q1,yes,04_Probability.md,#Session 32 — Expectation,integrated; official answer and feedback explained in course note,official OCW correct-answer and feedback fields; checked in course note
online-S32-4.5.11-Q2,online_feedback,32,4,08_Courseware_Exercises/S32_4.5.11_binomial-board-breaking.md,,,Q2,yes,04_Probability.md,#Session 32 — Expectation,integrated; official answer and feedback explained in course note,official OCW correct-answer and feedback fields; checked in course note
online-S32-4.5.11-Q3,online_feedback,32,4,08_Courseware_Exercises/S32_4.5.11_binomial-board-breaking.md,,,Q3,yes,04_Probability.md,#Session 32 — Expectation,integrated; official answer and feedback explained in course note,official OCW correct-answer and feedback fields; checked in course note
online-S32-4.5.12-Q1,online_feedback,32,4,08_Courseware_Exercises/S32_4.5.12_great-expectations.md,,,Q1,yes,04_Probability.md,#Session 32 — Expectation,integrated; official answer and feedback explained in course note,official OCW correct-answer and feedback fields; checked in course note
online-S32-4.5.12-Q2,online_feedback,32,4,08_Courseware_Exercises/S32_4.5.12_great-expectations.md,,,Q2,yes,04_Probability.md,#Session 32 — Expectation,integrated; official answer and feedback explained in course note,official OCW correct-answer and feedback fields; checked in course note
online-S32-4.5.12-Q3,online_feedback,32,4,08_Courseware_Exercises/S32_4.5.12_great-expectations.md,,,Q3,yes,04_Probability.md,#Session 32 — Expectation,integrated; official answer and feedback explained in course note,official OCW correct-answer and feedback fields; checked in course note
online-S32-4.5.13-Q1,online_feedback,32,4,08_Courseware_Exercises/S32_4.5.13_expectation-of-a-uniform-distribution.md,,,Q1,yes,04_Probability.md,#Session 32 — Expectation,integrated; official answer and feedback explained in course note,official OCW correct-answer and feedback fields; checked in course note
online-S33-4.6.2-Q1,online_feedback,33,4,08_Courseware_Exercises/S33_4.6.2_don-t-expect-the-expectation.md,,,Q1,yes,04_Probability.md,#Session 33 — Deviation: Markov & Chebyshev Bounds,integrated; official answer and feedback explained in course note,official OCW correct-answer and feedback fields; checked in course note
online-S33-4.6.2-Q2,online_feedback,33,4,08_Courseware_Exercises/S33_4.6.2_don-t-expect-the-expectation.md,,,Q2,yes,04_Probability.md,#Session 33 — Deviation: Markov & Chebyshev Bounds,integrated; official answer and feedback explained in course note,official OCW correct-answer and feedback fields; checked in course note
online-S33-4.6.4-Q1,online_feedback,33,4,08_Courseware_Exercises/S33_4.6.4_markov-bound.md,,,Q1,yes,04_Probability.md,#Session 33 — Deviation: Markov & Chebyshev Bounds,integrated; official answer and feedback explained in course note,official OCW correct-answer and feedback fields; checked in course note
online-S33-4.6.4-Q2,online_feedback,33,4,08_Courseware_Exercises/S33_4.6.4_markov-bound.md,,,Q2,yes,04_Probability.md,#Session 33 — Deviation: Markov & Chebyshev Bounds,integrated; official answer and feedback explained in course note,official OCW correct-answer and feedback fields; checked in course note
online-S33-4.6.4-Q3,online_feedback,33,4,08_Courseware_Exercises/S33_4.6.4_markov-bound.md,,,Q3,yes,04_Probability.md,#Session 33 — Deviation: Markov & Chebyshev Bounds,integrated; official answer and feedback explained in course note,official OCW correct-answer and feedback fields; checked in course note
online-S33-4.6.4-Q4,online_feedback,33,4,08_Courseware_Exercises/S33_4.6.4_markov-bound.md,,,Q4,yes,04_Probability.md,#Session 33 — Deviation: Markov & Chebyshev Bounds,integrated; official answer and feedback explained in course note,official OCW correct-answer and feedback fields; checked in course note
online-S33-4.6.6-Q1,online_feedback,33,4,08_Courseware_Exercises/S33_4.6.6_inside-the-ta-s-brain.md,,,Q1,yes,04_Probability.md,#Session 33 — Deviation: Markov & Chebyshev Bounds,integrated; official answer and feedback explained in course note,official OCW correct-answer and feedback fields; checked in course note
online-S33-4.6.6-Q2,online_feedback,33,4,08_Courseware_Exercises/S33_4.6.6_inside-the-ta-s-brain.md,,,Q2,yes,04_Probability.md,#Session 33 — Deviation: Markov & Chebyshev Bounds,integrated; official answer and feedback explained in course note,official OCW correct-answer and feedback fields; checked in course note
online-S33-4.6.6-Q3,online_feedback,33,4,08_Courseware_Exercises/S33_4.6.6_inside-the-ta-s-brain.md,,,Q3,yes,04_Probability.md,#Session 33 — Deviation: Markov & Chebyshev Bounds,integrated; official answer and feedback explained in course note,official OCW correct-answer and feedback fields; checked in course note
online-S33-4.6.8-Q1,online_feedback,33,4,08_Courseware_Exercises/S33_4.6.8_practice-with-variance.md,,,Q1,yes,04_Probability.md,#Session 33 — Deviation: Markov & Chebyshev Bounds,integrated; official answer and feedback explained in course note,official OCW correct-answer and feedback fields; checked in course note
online-S33-4.6.8-Q2,online_feedback,33,4,08_Courseware_Exercises/S33_4.6.8_practice-with-variance.md,,,Q2,yes,04_Probability.md,#Session 33 — Deviation: Markov & Chebyshev Bounds,integrated; official answer and feedback explained in course note,official OCW correct-answer and feedback fields; checked in course note
online-S33-4.6.9-Q1,online_feedback,33,4,08_Courseware_Exercises/S33_4.6.9_flipping-coins.md,,,Q1,yes,04_Probability.md,#Session 33 — Deviation: Markov & Chebyshev Bounds,integrated; official answer and feedback explained in course note,official OCW correct-answer and feedback fields; checked in course note
online-S33-4.6.9-Q2,online_feedback,33,4,08_Courseware_Exercises/S33_4.6.9_flipping-coins.md,,,Q2,yes,04_Probability.md,#Session 33 — Deviation: Markov & Chebyshev Bounds,integrated; official answer and feedback explained in course note,official OCW correct-answer and feedback fields; checked in course note
online-S33-4.6.9-Q3,online_feedback,33,4,08_Courseware_Exercises/S33_4.6.9_flipping-coins.md,,,Q3,yes,04_Probability.md,#Session 33 — Deviation: Markov & Chebyshev Bounds,integrated; official answer and feedback explained in course note,official OCW correct-answer and feedback fields; checked in course note
online-S33-4.6.9-Q4,online_feedback,33,4,08_Courseware_Exercises/S33_4.6.9_flipping-coins.md,,,Q4,yes,04_Probability.md,#Session 33 — Deviation: Markov & Chebyshev Bounds,integrated; official answer and feedback explained in course note,official OCW correct-answer and feedback fields; checked in course note
online-S33-4.6.10-Q1,online_feedback,33,4,08_Courseware_Exercises/S33_4.6.10_practice-with-bounds.md,,,Q1,yes,04_Probability.md,#Session 33 — Deviation: Markov & Chebyshev Bounds,integrated; official answer and feedback explained in course note,official OCW correct-answer and feedback fields; checked in course note
online-S33-4.6.10-Q2,online_feedback,33,4,08_Courseware_Exercises/S33_4.6.10_practice-with-bounds.md,,,Q2,yes,04_Probability.md,#Session 33 — Deviation: Markov & Chebyshev Bounds,integrated; official answer and feedback explained in course note,official OCW correct-answer and feedback fields; checked in course note
online-S33-4.6.11-Q1,online_feedback,33,4,08_Courseware_Exercises/S33_4.6.11_implications-of-expectation.md,,,Q1,yes,04_Probability.md,#Session 33 — Deviation: Markov & Chebyshev Bounds,integrated; official answer and feedback explained in course note,official OCW correct-answer and feedback fields; checked in course note
online-S33-4.6.11-Q2,online_feedback,33,4,08_Courseware_Exercises/S33_4.6.11_implications-of-expectation.md,,,Q2,yes,04_Probability.md,#Session 33 — Deviation: Markov & Chebyshev Bounds,integrated; official answer and feedback explained in course note,official OCW correct-answer and feedback fields; checked in course note
online-S33-4.6.11-Q3,online_feedback,33,4,08_Courseware_Exercises/S33_4.6.11_implications-of-expectation.md,,,Q3,yes,04_Probability.md,#Session 33 — Deviation: Markov & Chebyshev Bounds,integrated; official answer and feedback explained in course note,official OCW correct-answer and feedback fields; checked in course note
online-S33-4.6.11-Q4,online_feedback,33,4,08_Courseware_Exercises/S33_4.6.11_implications-of-expectation.md,,,Q4,yes,04_Probability.md,#Session 33 — Deviation: Markov & Chebyshev Bounds,integrated; official answer and feedback explained in course note,official OCW correct-answer and feedback fields; checked in course note
online-S34-4.7.2-Q1,online_feedback,34,4,08_Courseware_Exercises/S34_4.7.2_not-so-strong.md,,,Q1,yes,04_Probability.md,#Session 34 — Sampling & Confidence,integrated; official answer and feedback explained in course note,official OCW correct-answer and feedback fields; checked in course note
online-S34-4.7.4-Q1,online_feedback,34,4,08_Courseware_Exercises/S34_4.7.4_sampling-coin-tosses.md,,,Q1,yes,04_Probability.md,#Session 34 — Sampling & Confidence,integrated; official answer and feedback explained in course note,official OCW correct-answer and feedback fields; checked in course note
online-S34-4.7.4-Q2,online_feedback,34,4,08_Courseware_Exercises/S34_4.7.4_sampling-coin-tosses.md,,,Q2,yes,04_Probability.md,#Session 34 — Sampling & Confidence,integrated; official answer and feedback explained in course note,official OCW correct-answer and feedback fields; checked in course note
online-S34-4.7.4-Q3,online_feedback,34,4,08_Courseware_Exercises/S34_4.7.4_sampling-coin-tosses.md,,,Q3,yes,04_Probability.md,#Session 34 — Sampling & Confidence,integrated; official answer and feedback explained in course note,official OCW correct-answer and feedback fields; checked in course note
online-S34-4.7.6-Q1,online_feedback,34,4,08_Courseware_Exercises/S34_4.7.6_birthdays-on-naboo.md,,,Q1,yes,04_Probability.md,#Session 34 — Sampling & Confidence,integrated; official answer and feedback explained in course note,official OCW correct-answer and feedback fields; checked in course note
online-S34-4.7.6-Q2,online_feedback,34,4,08_Courseware_Exercises/S34_4.7.6_birthdays-on-naboo.md,,,Q2,yes,04_Probability.md,#Session 34 — Sampling & Confidence,integrated; official answer and feedback explained in course note,official OCW correct-answer and feedback fields; checked in course note
online-S34-4.7.6-Q3,online_feedback,34,4,08_Courseware_Exercises/S34_4.7.6_birthdays-on-naboo.md,,,Q3,yes,04_Probability.md,#Session 34 — Sampling & Confidence,integrated; official answer and feedback explained in course note,official OCW correct-answer and feedback fields; checked in course note
online-S34-4.7.8-Q1,online_feedback,34,4,08_Courseware_Exercises/S34_4.7.8_confidence.md,,,Q1,yes,04_Probability.md,#Session 34 — Sampling & Confidence,integrated; official answer and feedback explained in course note,official OCW correct-answer and feedback fields; checked in course note
online-S34-4.7.8-Q2,online_feedback,34,4,08_Courseware_Exercises/S34_4.7.8_confidence.md,,,Q2,yes,04_Probability.md,#Session 34 — Sampling & Confidence,integrated; official answer and feedback explained in course note,official OCW correct-answer and feedback fields; checked in course note
online-S34-4.7.8-Q3,online_feedback,34,4,08_Courseware_Exercises/S34_4.7.8_confidence.md,,,Q3,yes,04_Probability.md,#Session 34 — Sampling & Confidence,integrated; official answer and feedback explained in course note,official OCW correct-answer and feedback fields; checked in course note
online-S34-4.7.9-Q1,online_feedback,34,4,08_Courseware_Exercises/S34_4.7.9_random-sampling.md,,,Q1,yes,04_Probability.md,#Session 34 — Sampling & Confidence,integrated; official answer and feedback explained in course note,official OCW correct-answer and feedback fields; checked in course note
online-S34-4.7.9-Q2,online_feedback,34,4,08_Courseware_Exercises/S34_4.7.9_random-sampling.md,,,Q2,yes,04_Probability.md,#Session 34 — Sampling & Confidence,integrated; official answer and feedback explained in course note,official OCW correct-answer and feedback fields; checked in course note
online-S34-4.7.10-Q1,online_feedback,34,4,08_Courseware_Exercises/S34_4.7.10_above-average-number-of-fingers.md,,,Q1,yes,04_Probability.md,#Session 34 — Sampling & Confidence,integrated; official answer and feedback explained in course note,official OCW correct-answer and feedback fields; checked in course note
online-S35-4.8.4-Q1,online_feedback,35,4,08_Courseware_Exercises/S35_4.8.4_random-walks.md,,,Q1,yes,04_Probability.md,#Session 35 — Random Walks & PageRank,integrated; official answer and feedback explained in course note,official OCW correct-answer and feedback fields; checked in course note
online-S35-4.8.4-Q2,online_feedback,35,4,08_Courseware_Exercises/S35_4.8.4_random-walks.md,,,Q2,yes,04_Probability.md,#Session 35 — Random Walks & PageRank,integrated; official answer and feedback explained in course note,official OCW correct-answer and feedback fields; checked in course note
online-S35-4.8.4-Q3,online_feedback,35,4,08_Courseware_Exercises/S35_4.8.4_random-walks.md,,,Q3,yes,04_Probability.md,#Session 35 — Random Walks & PageRank,integrated; official answer and feedback explained in course note,official OCW correct-answer and feedback fields; checked in course note
online-S35-4.8.4-Q4,online_feedback,35,4,08_Courseware_Exercises/S35_4.8.4_random-walks.md,,,Q4,yes,04_Probability.md,#Session 35 — Random Walks & PageRank,integrated; official answer and feedback explained in course note,official OCW correct-answer and feedback fields; checked in course note
online-S35-4.8.5-Q1,online_feedback,35,4,08_Courseware_Exercises/S35_4.8.5_random-walks-cont.md,,,Q1,yes,04_Probability.md,#Session 35 — Random Walks & PageRank,integrated; official answer and feedback explained in course note,official OCW correct-answer and feedback fields; checked in course note
online-S35-4.8.5-Q2,online_feedback,35,4,08_Courseware_Exercises/S35_4.8.5_random-walks-cont.md,,,Q2,yes,04_Probability.md,#Session 35 — Random Walks & PageRank,integrated; official answer and feedback explained in course note,official OCW correct-answer and feedback fields; checked in course note
online-S35-4.8.5-Q3,online_feedback,35,4,08_Courseware_Exercises/S35_4.8.5_random-walks-cont.md,,,Q3,yes,04_Probability.md,#Session 35 — Random Walks & PageRank,integrated; official answer and feedback explained in course note,official OCW correct-answer and feedback fields; checked in course note
ps1-p1,problem_set,1-4,1,06_Problem_Sets/MIT6_042JS15_ps1.pdf,1,1,,no,01_Proofs.md,#Problem Set 1 — Sessions 1–4,integrated; complete independent solution in course note,independent derivation; boundary and small-case checks in course note
ps1-p2,problem_set,1-4,1,06_Problem_Sets/MIT6_042JS15_ps1.pdf,1,2,,no,01_Proofs.md,#Problem Set 1 — Sessions 1–4,integrated; complete independent solution in course note,independent derivation; boundary and small-case checks in course note
ps1-p3,problem_set,1-4,1,06_Problem_Sets/MIT6_042JS15_ps1.pdf,1,3,,no,01_Proofs.md,#Problem Set 1 — Sessions 1–4,integrated; complete independent solution in course note,independent derivation; boundary and small-case checks in course note
ps1-p4,problem_set,1-4,1,06_Problem_Sets/MIT6_042JS15_ps1.pdf,2,4,,no,01_Proofs.md,#Problem Set 1 — Sessions 1–4,integrated; complete independent solution in course note,independent derivation; boundary and small-case checks in course note
ps2-p1,problem_set,5-6,1,06_Problem_Sets/MIT6_042JS15_ps2.pdf,1,1,,no,01_Proofs.md,#Problem Set 2 — Sessions 5–6,integrated; complete independent solution in course note,independent derivation; boundary and small-case checks in course note
ps2-p2,problem_set,5-6,1,06_Problem_Sets/MIT6_042JS15_ps2.pdf,1,2,,no,01_Proofs.md,#Problem Set 2 — Sessions 5–6,integrated; complete independent solution in course note,independent derivation; boundary and small-case checks in course note
ps2-p3,problem_set,5-6,1,06_Problem_Sets/MIT6_042JS15_ps2.pdf,2,3,,no,01_Proofs.md,#Problem Set 2 — Sessions 5–6,integrated; complete independent solution in course note,independent derivation; boundary and small-case checks in course note
ps3-p1,problem_set,7-8,1,06_Problem_Sets/MIT6_042JS15_ps3.pdf,1,1,,no,01_Proofs.md,#Problem Set 3 — Sessions 7–8,integrated; complete independent solution in course note,independent derivation; boundary and small-case checks in course note
ps3-p2,problem_set,7-8,1,06_Problem_Sets/MIT6_042JS15_ps3.pdf,1,2,,no,01_Proofs.md,#Problem Set 3 — Sessions 7–8,integrated; complete independent solution in course note,independent derivation; boundary and small-case checks in course note
ps3-p3,problem_set,7-8,1,06_Problem_Sets/MIT6_042JS15_ps3.pdf,2,3,,no,01_Proofs.md,#Problem Set 3 — Sessions 7–8,integrated; complete independent solution in course note,independent derivation; boundary and small-case checks in course note
ps4-p1,problem_set,9-11,1,06_Problem_Sets/MIT6_042JS15_ps4.pdf,1,1,,no,01_Proofs.md,#Problem Set 4 — Sessions 9–11,integrated; complete independent solution in course note,independent derivation; boundary and small-case checks in course note
ps4-p2,problem_set,9-11,1,06_Problem_Sets/MIT6_042JS15_ps4.pdf,1,2,,no,01_Proofs.md,#Problem Set 4 — Sessions 9–11,integrated; complete independent solution in course note,independent derivation; boundary and small-case checks in course note
ps4-p3,problem_set,9-11,1,06_Problem_Sets/MIT6_042JS15_ps4.pdf,2,3,,no,01_Proofs.md,#Problem Set 4 — Sessions 9–11,integrated; complete independent solution in course note,independent derivation; boundary and small-case checks in course note
ps5-p1,problem_set,12-14,2,06_Problem_Sets/MIT6_042JS15_ps5.pdf,1,1,,no,02_Structures.md,#Problem Set 5,integrated; complete independent solution in course note,independent derivation; boundary and small-case checks in course note
ps5-p2,problem_set,12-14,2,06_Problem_Sets/MIT6_042JS15_ps5.pdf,1,2,,no,02_Structures.md,#Problem Set 5,integrated; complete independent solution in course note,independent derivation; boundary and small-case checks in course note
ps5-p3,problem_set,12-14,2,06_Problem_Sets/MIT6_042JS15_ps5.pdf,1,3,,no,02_Structures.md,#Problem Set 5,integrated; complete independent solution in course note,independent derivation; boundary and small-case checks in course note
ps6-p1,problem_set,15-16,2,06_Problem_Sets/MIT6_042JS15_ps6.pdf,1,1,,no,02_Structures.md,#Problem Set 6,integrated; complete independent solution in course note,independent derivation; boundary and small-case checks in course note
ps6-p2,problem_set,15-16,2,06_Problem_Sets/MIT6_042JS15_ps6.pdf,1,2,,no,02_Structures.md,#Problem Set 6,integrated; complete independent solution in course note,independent derivation; boundary and small-case checks in course note
ps6-p3,problem_set,15-16,2,06_Problem_Sets/MIT6_042JS15_ps6.pdf,1,3,,no,02_Structures.md,#Problem Set 6,integrated; complete independent solution in course note,independent derivation; boundary and small-case checks in course note
ps7-p1,problem_set,17-19,2,06_Problem_Sets/MIT6_042JS15_ps7.pdf,1,1,,no,02_Structures.md,#Problem Set 7,integrated; complete independent solution in course note,independent derivation; boundary and small-case checks in course note
ps7-p2,problem_set,17-19,2,06_Problem_Sets/MIT6_042JS15_ps7.pdf,1,2,,no,02_Structures.md,#Problem Set 7,integrated; complete independent solution in course note,independent derivation; boundary and small-case checks in course note
ps7-p3,problem_set,17-19,2,06_Problem_Sets/MIT6_042JS15_ps7.pdf,1,3,,no,02_Structures.md,#Problem Set 7,integrated; complete independent solution in course note,independent derivation; boundary and small-case checks in course note
ps7-p4,problem_set,17-19,2,06_Problem_Sets/MIT6_042JS15_ps7.pdf,1,4,,no,02_Structures.md,#Problem Set 7,integrated; complete independent solution in course note,independent derivation; boundary and small-case checks in course note
ps8-p1,problem_set,20-22,2,06_Problem_Sets/MIT6_042JS15_ps8.pdf,1,1,,no,02_Structures.md,#Problem Set 8,integrated; complete independent solution in course note,independent derivation; boundary and small-case checks in course note
ps8-p2,problem_set,20-22,2,06_Problem_Sets/MIT6_042JS15_ps8.pdf,1,2,,no,02_Structures.md,#Problem Set 8,integrated; complete independent solution in course note,independent derivation; boundary and small-case checks in course note
ps8-p3,problem_set,20-22,2,06_Problem_Sets/MIT6_042JS15_ps8.pdf,1,3,,no,02_Structures.md,#Problem Set 8,integrated; complete independent solution in course note,independent derivation; boundary and small-case checks in course note
ps9-p1,problem_set,23-24,3,06_Problem_Sets/MIT6_042JS15_ps9.pdf,1,1,,no,03_Counting.md,#Problem Set 9 — after Session 24,integrated; complete independent solution in course note,independent derivation; boundary and small-case checks in course note
ps9-p2,problem_set,23-24,3,06_Problem_Sets/MIT6_042JS15_ps9.pdf,1,2,,no,03_Counting.md,#Problem Set 9 — after Session 24,integrated; complete independent solution in course note,independent derivation; boundary and small-case checks in course note
ps9-p3,problem_set,23-24,3,06_Problem_Sets/MIT6_042JS15_ps9.pdf,1,3,,no,03_Counting.md,#Problem Set 9 — after Session 24,integrated; complete independent solution in course note,independent derivation; boundary and small-case checks in course note
ps10-p1,problem_set,25-27,3,06_Problem_Sets/MIT6_042JS15_ps10.pdf,1,1,,no,03_Counting.md,#Problem Set 10 — after Session 27,integrated; complete independent solution in course note,independent derivation; boundary and small-case checks in course note
ps10-p2,problem_set,25-27,3,06_Problem_Sets/MIT6_042JS15_ps10.pdf,2,2,,no,03_Counting.md,#Problem Set 10 — after Session 27,integrated; complete independent solution in course note,independent derivation; boundary and small-case checks in course note
ps10-p3,problem_set,25-27,3,06_Problem_Sets/MIT6_042JS15_ps10.pdf,2,3,,no,03_Counting.md,#Problem Set 10 — after Session 27,integrated; complete independent solution in course note,independent derivation; boundary and small-case checks in course note
ps11-p1,problem_set,28-29,4,06_Problem_Sets/MIT6_042JS15_ps11.pdf,1,1,,no,04_Probability.md,#Problem Set 11 — Discrete & Conditional Probability,integrated; complete independent solution in course note,independent derivation; boundary and small-case checks in course note
ps11-p2,problem_set,28-29,4,06_Problem_Sets/MIT6_042JS15_ps11.pdf,1,2,,no,04_Probability.md,#Problem Set 11 — Discrete & Conditional Probability,integrated; complete independent solution in course note,independent derivation; boundary and small-case checks in course note
ps11-p3,problem_set,28-29,4,06_Problem_Sets/MIT6_042JS15_ps11.pdf,1,3,,no,04_Probability.md,#Problem Set 11 — Discrete & Conditional Probability,integrated; complete independent solution in course note,independent derivation; boundary and small-case checks in course note
ps12-p1,problem_set,30-32,4,06_Problem_Sets/MIT6_042JS15_ps12.pdf,1,1,,no,04_Probability.md,"#Problem Set 12 — Independence, Random Variables & Expectation",integrated; complete independent solution in course note,independent derivation; boundary and small-case checks in course note
ps12-p2,problem_set,30-32,4,06_Problem_Sets/MIT6_042JS15_ps12.pdf,2,2,,no,04_Probability.md,"#Problem Set 12 — Independence, Random Variables & Expectation",integrated; complete independent solution in course note,independent derivation; boundary and small-case checks in course note
ps12-p3,problem_set,30-32,4,06_Problem_Sets/MIT6_042JS15_ps12.pdf,2,3,,no,04_Probability.md,"#Problem Set 12 — Independence, Random Variables & Expectation",integrated; complete independent solution in course note,independent derivation; boundary and small-case checks in course note
class-S01-p1,in_class,1,1,05_In_Class_Questions/MIT6_042JS15_cp1.pdf,1,1,,no,01_Proofs.md,#Session 1 — Introduction to Proofs,integrated; complete independent solution in course note,independent derivation; boundary and small-case checks in course note
class-S01-p2,in_class,1,1,05_In_Class_Questions/MIT6_042JS15_cp1.pdf,2,2,,no,01_Proofs.md,#Session 1 — Introduction to Proofs,integrated; complete independent solution in course note,independent derivation; boundary and small-case checks in course note
class-S01-p3,in_class,1,1,05_In_Class_Questions/MIT6_042JS15_cp1.pdf,2,3,,no,01_Proofs.md,#Session 1 — Introduction to Proofs,integrated; complete independent solution in course note,independent derivation; boundary and small-case checks in course note
class-S01-p4,in_class,1,1,05_In_Class_Questions/MIT6_042JS15_cp1.pdf,3,4,,no,01_Proofs.md,#Session 1 — Introduction to Proofs,integrated; complete independent solution in course note,independent derivation; boundary and small-case checks in course note
class-S01-p5,in_class,1,1,05_In_Class_Questions/MIT6_042JS15_cp1.pdf,3,5,,no,01_Proofs.md,#Session 1 — Introduction to Proofs,integrated; complete independent solution in course note,independent derivation; boundary and small-case checks in course note
class-S02-p1,in_class,2,1,05_In_Class_Questions/MIT6_042JS15_cp2.pdf,1,1,,no,01_Proofs.md,#Session 2 — Proof Methods,integrated; complete independent solution in course note,independent derivation; boundary and small-case checks in course note
class-S02-p2,in_class,2,1,05_In_Class_Questions/MIT6_042JS15_cp2.pdf,1,2,,no,01_Proofs.md,#Session 2 — Proof Methods,integrated; complete independent solution in course note,independent derivation; boundary and small-case checks in course note
class-S02-p3,in_class,2,1,05_In_Class_Questions/MIT6_042JS15_cp2.pdf,2,3,,no,01_Proofs.md,#Session 2 — Proof Methods,integrated; complete independent solution in course note,independent derivation; boundary and small-case checks in course note
class-S02-p4,in_class,2,1,05_In_Class_Questions/MIT6_042JS15_cp2.pdf,2,4,,no,01_Proofs.md,#Session 2 — Proof Methods,integrated; complete independent solution in course note,independent derivation; boundary and small-case checks in course note
class-S03-p1,in_class,3,1,05_In_Class_Questions/MIT6_042JS15_cp3.pdf,1,1,,no,01_Proofs.md,#Session 3 — Well Ordering Principle,integrated; complete independent solution in course note,independent derivation; boundary and small-case checks in course note
class-S03-p2,in_class,3,1,05_In_Class_Questions/MIT6_042JS15_cp3.pdf,2,2,,no,01_Proofs.md,#Session 3 — Well Ordering Principle,integrated; complete independent solution in course note,independent derivation; boundary and small-case checks in course note
class-S03-p3,in_class,3,1,05_In_Class_Questions/MIT6_042JS15_cp3.pdf,2,3,,no,01_Proofs.md,#Session 3 — Well Ordering Principle,integrated; complete independent solution in course note,independent derivation; boundary and small-case checks in course note
class-S03-p4,in_class,3,1,05_In_Class_Questions/MIT6_042JS15_cp3.pdf,2,4,,no,01_Proofs.md,#Session 3 — Well Ordering Principle,integrated; complete independent solution in course note,independent derivation; boundary and small-case checks in course note
class-S03-p5,in_class,3,1,05_In_Class_Questions/MIT6_042JS15_cp3.pdf,2,5,,no,01_Proofs.md,#Session 3 — Well Ordering Principle,integrated; complete independent solution in course note,independent derivation; boundary and small-case checks in course note
class-S04-p1,in_class,4,1,05_In_Class_Questions/MIT6_042JS15_cp4.pdf,1,1,,no,01_Proofs.md,#Session 4 — Logic and Propositions,integrated; complete independent solution in course note,independent derivation; boundary and small-case checks in course note
class-S04-p2,in_class,4,1,05_In_Class_Questions/MIT6_042JS15_cp4.pdf,1,2,,no,01_Proofs.md,#Session 4 — Logic and Propositions,integrated; complete independent solution in course note,independent derivation; boundary and small-case checks in course note
class-S04-p3,in_class,4,1,05_In_Class_Questions/MIT6_042JS15_cp4.pdf,1,3,,no,01_Proofs.md,#Session 4 — Logic and Propositions,integrated; complete independent solution in course note,independent derivation; boundary and small-case checks in course note
class-S04-p4,in_class,4,1,05_In_Class_Questions/MIT6_042JS15_cp4.pdf,2,4,,no,01_Proofs.md,#Session 4 — Logic and Propositions,integrated; complete independent solution in course note,independent derivation; boundary and small-case checks in course note
class-S05-p1,in_class,5,1,05_In_Class_Questions/MIT6_042JS15_cp5.pdf,1,1,,no,01_Proofs.md,#Session 5 — Quantifiers and Predicate Logic,integrated; complete independent solution in course note,independent derivation; boundary and small-case checks in course note
class-S05-p2,in_class,5,1,05_In_Class_Questions/MIT6_042JS15_cp5.pdf,1,2,,no,01_Proofs.md,#Session 5 — Quantifiers and Predicate Logic,integrated; complete independent solution in course note,independent derivation; boundary and small-case checks in course note
class-S05-p3,in_class,5,1,05_In_Class_Questions/MIT6_042JS15_cp5.pdf,2,3,,no,01_Proofs.md,#Session 5 — Quantifiers and Predicate Logic,integrated; complete independent solution in course note,independent derivation; boundary and small-case checks in course note
class-S05-p4,in_class,5,1,05_In_Class_Questions/MIT6_042JS15_cp5.pdf,2,4,,no,01_Proofs.md,#Session 5 — Quantifiers and Predicate Logic,integrated; complete independent solution in course note,independent derivation; boundary and small-case checks in course note
class-S05-p5,in_class,5,1,05_In_Class_Questions/MIT6_042JS15_cp5.pdf,2,5,,no,01_Proofs.md,#Session 5 — Quantifiers and Predicate Logic,integrated; complete independent solution in course note,independent derivation; boundary and small-case checks in course note
class-S06-p1,in_class,6,1,05_In_Class_Questions/MIT6_042JS15_cp6.pdf,1,1,,no,01_Proofs.md,#Session 6 — Sets,integrated; complete independent solution in course note,independent derivation; boundary and small-case checks in course note
class-S06-p2,in_class,6,1,05_In_Class_Questions/MIT6_042JS15_cp6.pdf,1,2,,no,01_Proofs.md,#Session 6 — Sets,integrated; complete independent solution in course note,independent derivation; boundary and small-case checks in course note
class-S06-p3,in_class,6,1,05_In_Class_Questions/MIT6_042JS15_cp6.pdf,2,3,,no,01_Proofs.md,#Session 6 — Sets,integrated; complete independent solution in course note,independent derivation; boundary and small-case checks in course note
class-S06-p4,in_class,6,1,05_In_Class_Questions/MIT6_042JS15_cp6.pdf,2,4,,no,01_Proofs.md,#Session 6 — Sets,integrated; complete independent solution in course note,independent derivation; boundary and small-case checks in course note
class-S07-p1,in_class,7,1,05_In_Class_Questions/MIT6_042JS15_cp7.pdf,1,1,,no,01_Proofs.md,#Session 7 — Binary Relations,integrated; complete independent solution in course note,independent derivation; boundary and small-case checks in course note
class-S07-p2,in_class,7,1,05_In_Class_Questions/MIT6_042JS15_cp7.pdf,1,2,,no,01_Proofs.md,#Session 7 — Binary Relations,integrated; complete independent solution in course note,independent derivation; boundary and small-case checks in course note
class-S07-p3,in_class,7,1,05_In_Class_Questions/MIT6_042JS15_cp7.pdf,1,3,,no,01_Proofs.md,#Session 7 — Binary Relations,integrated; complete independent solution in course note,independent derivation; boundary and small-case checks in course note
class-S07-p4,in_class,7,1,05_In_Class_Questions/MIT6_042JS15_cp7.pdf,2,4,,no,01_Proofs.md,#Session 7 — Binary Relations,integrated; complete independent solution in course note,independent derivation; boundary and small-case checks in course note
class-S07-p5,in_class,7,1,05_In_Class_Questions/MIT6_042JS15_cp7.pdf,2,5,,no,01_Proofs.md,#Session 7 — Binary Relations,integrated; complete independent solution in course note,independent derivation; boundary and small-case checks in course note
class-S08-p1,in_class,8,1,05_In_Class_Questions/MIT6_042JS15_cp8.pdf,1,1,,no,01_Proofs.md,#Session 8 — Induction,integrated; complete independent solution in course note,independent derivation; boundary and small-case checks in course note
class-S08-p2,in_class,8,1,05_In_Class_Questions/MIT6_042JS15_cp8.pdf,1,2,,no,01_Proofs.md,#Session 8 — Induction,integrated; complete independent solution in course note,independent derivation; boundary and small-case checks in course note
class-S08-p3,in_class,8,1,05_In_Class_Questions/MIT6_042JS15_cp8.pdf,1,3,,no,01_Proofs.md,#Session 8 — Induction,integrated; complete independent solution in course note,independent derivation; boundary and small-case checks in course note
class-S08-p4,in_class,8,1,05_In_Class_Questions/MIT6_042JS15_cp8.pdf,1,4,,no,01_Proofs.md,#Session 8 — Induction,integrated; complete independent solution in course note,independent derivation; boundary and small-case checks in course note
class-S09-p1,in_class,9,1,05_In_Class_Questions/MIT6_042JS15_cp9.pdf,1,1,,no,01_Proofs.md,#Session 9 — State Machines and Invariants,integrated; complete independent solution in course note,independent derivation; boundary and small-case checks in course note
class-S09-p2,in_class,9,1,05_In_Class_Questions/MIT6_042JS15_cp9.pdf,1,2,,no,01_Proofs.md,#Session 9 — State Machines and Invariants,integrated; complete independent solution in course note,independent derivation; boundary and small-case checks in course note
class-S09-p3,in_class,9,1,05_In_Class_Questions/MIT6_042JS15_cp9.pdf,2,3,,no,01_Proofs.md,#Session 9 — State Machines and Invariants,integrated; complete independent solution in course note,independent derivation; boundary and small-case checks in course note
class-S09-p4,in_class,9,1,05_In_Class_Questions/MIT6_042JS15_cp9.pdf,4,4,,no,01_Proofs.md,#Session 9 — State Machines and Invariants,integrated; complete independent solution in course note,independent derivation; boundary and small-case checks in course note
class-S10-p1,in_class,10,1,05_In_Class_Questions/MIT6_042JS15_cp10.pdf,1,1,,no,01_Proofs.md,#Session 10 — Recursive Definitions,integrated; complete independent solution in course note,independent derivation; boundary and small-case checks in course note
class-S10-p2,in_class,10,1,05_In_Class_Questions/MIT6_042JS15_cp10.pdf,1,2,,no,01_Proofs.md,#Session 10 — Recursive Definitions,integrated; complete independent solution in course note,independent derivation; boundary and small-case checks in course note
class-S10-p3,in_class,10,1,05_In_Class_Questions/MIT6_042JS15_cp10.pdf,2,3,,no,01_Proofs.md,#Session 10 — Recursive Definitions,integrated; complete independent solution in course note,independent derivation; boundary and small-case checks in course note
class-S10-p4,in_class,10,1,05_In_Class_Questions/MIT6_042JS15_cp10.pdf,3,4,,no,01_Proofs.md,#Session 10 — Recursive Definitions,integrated; complete independent solution in course note,independent derivation; boundary and small-case checks in course note
class-S11-p1,in_class,11,1,05_In_Class_Questions/MIT6_042JS15_cp11.pdf,1,1,,no,01_Proofs.md,#Session 11 — Infinite Sets,integrated; complete independent solution in course note,independent derivation; boundary and small-case checks in course note
class-S11-p2,in_class,11,1,05_In_Class_Questions/MIT6_042JS15_cp11.pdf,1,2,,no,01_Proofs.md,#Session 11 — Infinite Sets,integrated; complete independent solution in course note,independent derivation; boundary and small-case checks in course note
class-S11-p3,in_class,11,1,05_In_Class_Questions/MIT6_042JS15_cp11.pdf,1,3,,no,01_Proofs.md,#Session 11 — Infinite Sets,integrated; complete independent solution in course note,independent derivation; boundary and small-case checks in course note
class-S11-p4,in_class,11,1,05_In_Class_Questions/MIT6_042JS15_cp11.pdf,2,4,,no,01_Proofs.md,#Session 11 — Infinite Sets,integrated; complete independent solution in course note,independent derivation; boundary and small-case checks in course note
class-S12-p1,in_class,12,2,05_In_Class_Questions/MIT6_042JS15_cp12.pdf,1,1,,no,02_Structures.md,#Session 12 — GCDs,integrated; complete independent solution in course note,independent derivation; boundary and small-case checks in course note
class-S12-p2,in_class,12,2,05_In_Class_Questions/MIT6_042JS15_cp12.pdf,1,2,,no,02_Structures.md,#Session 12 — GCDs,integrated; complete independent solution in course note,independent derivation; boundary and small-case checks in course note
class-S12-p3,in_class,12,2,05_In_Class_Questions/MIT6_042JS15_cp12.pdf,1,3,,no,02_Structures.md,#Session 12 — GCDs,integrated; complete independent solution in course note,independent derivation; boundary and small-case checks in course note
class-S12-p4,in_class,12,2,05_In_Class_Questions/MIT6_042JS15_cp12.pdf,2,4,,no,02_Structures.md,#Session 12 — GCDs,integrated; complete independent solution in course note,independent derivation; boundary and small-case checks in course note
class-S13-p1,in_class,13,2,05_In_Class_Questions/MIT6_042JS15_cp13.pdf,1,1,,no,02_Structures.md,#Session 13 — Congruences,integrated; complete independent solution in course note,independent derivation; boundary and small-case checks in course note
class-S13-p2,in_class,13,2,05_In_Class_Questions/MIT6_042JS15_cp13.pdf,1,2,,no,02_Structures.md,#Session 13 — Congruences,integrated; complete independent solution in course note,independent derivation; boundary and small-case checks in course note
class-S13-p3,in_class,13,2,05_In_Class_Questions/MIT6_042JS15_cp13.pdf,1,3,,no,02_Structures.md,#Session 13 — Congruences,integrated; complete independent solution in course note,independent derivation; boundary and small-case checks in course note
class-S14-p1,in_class,14,2,05_In_Class_Questions/MIT6_042JS15_cp14.pdf,1,1,,no,02_Structures.md,#Session 14 — Euler's Theorem,integrated; complete independent solution in course note,independent derivation; boundary and small-case checks in course note
class-S14-p2,in_class,14,2,05_In_Class_Questions/MIT6_042JS15_cp14.pdf,1,2,,no,02_Structures.md,#Session 14 — Euler's Theorem,integrated; complete independent solution in course note,independent derivation; boundary and small-case checks in course note
class-S14-p3,in_class,14,2,05_In_Class_Questions/MIT6_042JS15_cp14.pdf,1,3,,no,02_Structures.md,#Session 14 — Euler's Theorem,integrated; complete independent solution in course note,independent derivation; boundary and small-case checks in course note
class-S14-p4,in_class,14,2,05_In_Class_Questions/MIT6_042JS15_cp14.pdf,1,4,,no,02_Structures.md,#Session 14 — Euler's Theorem,integrated; complete independent solution in course note,independent derivation; boundary and small-case checks in course note
class-S15-p1,in_class,15,2,05_In_Class_Questions/MIT6_042JS15_cp15.pdf,1,1,,no,02_Structures.md,#Session 15 — RSA Encryption,integrated; complete independent solution in course note,independent derivation; boundary and small-case checks in course note
class-S15-p2,in_class,15,2,05_In_Class_Questions/MIT6_042JS15_cp15.pdf,1,2,,no,02_Structures.md,#Session 15 — RSA Encryption,integrated; complete independent solution in course note,independent derivation; boundary and small-case checks in course note
class-S15-p3,in_class,15,2,05_In_Class_Questions/MIT6_042JS15_cp15.pdf,1,3,,no,02_Structures.md,#Session 15 — RSA Encryption,integrated; complete independent solution in course note,independent derivation; boundary and small-case checks in course note
class-S16-p1,in_class,16,2,05_In_Class_Questions/MIT6_042JS15_cp16.pdf,1,1,,no,02_Structures.md,#Session 16 — Digraphs Walks and Paths,integrated; complete independent solution in course note,independent derivation; boundary and small-case checks in course note
class-S16-p2,in_class,16,2,05_In_Class_Questions/MIT6_042JS15_cp16.pdf,1,2,,no,02_Structures.md,#Session 16 — Digraphs Walks and Paths,integrated; complete independent solution in course note,independent derivation; boundary and small-case checks in course note
class-S16-p3,in_class,16,2,05_In_Class_Questions/MIT6_042JS15_cp16.pdf,1,3,,no,02_Structures.md,#Session 16 — Digraphs Walks and Paths,integrated; complete independent solution in course note,independent derivation; boundary and small-case checks in course note
class-S16-p4,in_class,16,2,05_In_Class_Questions/MIT6_042JS15_cp16.pdf,2,4,,no,02_Structures.md,#Session 16 — Digraphs Walks and Paths,integrated; complete independent solution in course note,independent derivation; boundary and small-case checks in course note
class-S17-p1,in_class,17,2,05_In_Class_Questions/MIT6_042JS15_cp17.pdf,1,1,,no,02_Structures.md,#Session 17 — Directed Acyclic Graphs,integrated; complete independent solution in course note,independent derivation; boundary and small-case checks in course note
class-S17-p2,in_class,17,2,05_In_Class_Questions/MIT6_042JS15_cp17.pdf,1,2,,no,02_Structures.md,#Session 17 — Directed Acyclic Graphs,integrated; complete independent solution in course note,independent derivation; boundary and small-case checks in course note
class-S17-p3,in_class,17,2,05_In_Class_Questions/MIT6_042JS15_cp17.pdf,3,3,,no,02_Structures.md,#Session 17 — Directed Acyclic Graphs,integrated; complete independent solution in course note,independent derivation; boundary and small-case checks in course note
class-S17-p4,in_class,17,2,05_In_Class_Questions/MIT6_042JS15_cp17.pdf,3,4,,no,02_Structures.md,#Session 17 — Directed Acyclic Graphs,integrated; complete independent solution in course note,independent derivation; boundary and small-case checks in course note
class-S18-p1,in_class,18,2,05_In_Class_Questions/MIT6_042JS15_cp18.pdf,1,1,,no,02_Structures.md,#Session 18 — Partial Orders and Equivalence,integrated; complete independent solution in course note,independent derivation; boundary and small-case checks in course note
class-S18-p2,in_class,18,2,05_In_Class_Questions/MIT6_042JS15_cp18.pdf,1,2,,no,02_Structures.md,#Session 18 — Partial Orders and Equivalence,integrated; complete independent solution in course note,independent derivation; boundary and small-case checks in course note
class-S18-p3,in_class,18,2,05_In_Class_Questions/MIT6_042JS15_cp18.pdf,1,3,,no,02_Structures.md,#Session 18 — Partial Orders and Equivalence,integrated; complete independent solution in course note,independent derivation; boundary and small-case checks in course note
class-S18-p4,in_class,18,2,05_In_Class_Questions/MIT6_042JS15_cp18.pdf,2,4,,no,02_Structures.md,#Session 18 — Partial Orders and Equivalence,integrated; complete independent solution in course note,independent derivation; boundary and small-case checks in course note
class-S19-p1,in_class,19,2,05_In_Class_Questions/MIT6_042JS15_cp19.pdf,1,1,,no,02_Structures.md,#Session 19 — Degrees and Isomorphism,integrated; complete independent solution in course note,independent derivation; boundary and small-case checks in course note
class-S19-p2,in_class,19,2,05_In_Class_Questions/MIT6_042JS15_cp19.pdf,1,2,,no,02_Structures.md,#Session 19 — Degrees and Isomorphism,integrated; complete independent solution in course note,independent derivation; boundary and small-case checks in course note
class-S19-p3,in_class,19,2,05_In_Class_Questions/MIT6_042JS15_cp19.pdf,1,3,,no,02_Structures.md,#Session 19 — Degrees and Isomorphism,integrated; complete independent solution in course note,independent derivation; boundary and small-case checks in course note
class-S19-p4,in_class,19,2,05_In_Class_Questions/MIT6_042JS15_cp19.pdf,1,4,,no,02_Structures.md,#Session 19 — Degrees and Isomorphism,integrated; complete independent solution in course note,independent derivation; boundary and small-case checks in course note
class-S19-p5,in_class,19,2,05_In_Class_Questions/MIT6_042JS15_cp19.pdf,2,5,,no,02_Structures.md,#Session 19 — Degrees and Isomorphism,integrated; complete independent solution in course note,independent derivation; boundary and small-case checks in course note
class-S20-p1,in_class,20,2,05_In_Class_Questions/MIT6_042JS15_cp20.pdf,1,1,,no,02_Structures.md,#Session 20 — Coloring and Connectivity,integrated; complete independent solution in course note,independent derivation; boundary and small-case checks in course note
class-S20-p2,in_class,20,2,05_In_Class_Questions/MIT6_042JS15_cp20.pdf,2,2,,no,02_Structures.md,#Session 20 — Coloring and Connectivity,integrated; complete independent solution in course note,independent derivation; boundary and small-case checks in course note
class-S20-p3,in_class,20,2,05_In_Class_Questions/MIT6_042JS15_cp20.pdf,2,3,,no,02_Structures.md,#Session 20 — Coloring and Connectivity,integrated; complete independent solution in course note,independent derivation; boundary and small-case checks in course note
class-S20-p4,in_class,20,2,05_In_Class_Questions/MIT6_042JS15_cp20.pdf,3,4,,no,02_Structures.md,#Session 20 — Coloring and Connectivity,integrated; complete independent solution in course note,independent derivation; boundary and small-case checks in course note
class-S21-p1,in_class,21,2,05_In_Class_Questions/MIT6_042JS15_cp21.pdf,1,1,,no,02_Structures.md,#Session 21 — Trees and Minimum Spanning Trees,integrated; complete independent solution in course note,independent derivation; boundary and small-case checks in course note
class-S21-p2,in_class,21,2,05_In_Class_Questions/MIT6_042JS15_cp21.pdf,1,2,,no,02_Structures.md,#Session 21 — Trees and Minimum Spanning Trees,integrated; complete independent solution in course note,independent derivation; boundary and small-case checks in course note
class-S21-p3,in_class,21,2,05_In_Class_Questions/MIT6_042JS15_cp21.pdf,1,3,,no,02_Structures.md,#Session 21 — Trees and Minimum Spanning Trees,integrated; complete independent solution in course note,independent derivation; boundary and small-case checks in course note
class-S21-p4,in_class,21,2,05_In_Class_Questions/MIT6_042JS15_cp21.pdf,2,4,,no,02_Structures.md,#Session 21 — Trees and Minimum Spanning Trees,integrated; complete independent solution in course note,independent derivation; boundary and small-case checks in course note
class-S22-p1,in_class,22,2,05_In_Class_Questions/MIT6_042JS15_cp22.pdf,1,1,,no,02_Structures.md,#Session 22 — Stable Matching and Hall's Theorem,integrated; complete independent solution in course note,independent derivation; boundary and small-case checks in course note
class-S22-p2,in_class,22,2,05_In_Class_Questions/MIT6_042JS15_cp22.pdf,1,2,,no,02_Structures.md,#Session 22 — Stable Matching and Hall's Theorem,integrated; complete independent solution in course note,independent derivation; boundary and small-case checks in course note
class-S22-p3,in_class,22,2,05_In_Class_Questions/MIT6_042JS15_cp22.pdf,1,3,,no,02_Structures.md,#Session 22 — Stable Matching and Hall's Theorem,integrated; complete independent solution in course note,independent derivation; boundary and small-case checks in course note
class-S22-p4,in_class,22,2,05_In_Class_Questions/MIT6_042JS15_cp22.pdf,2,4,,no,02_Structures.md,#Session 22 — Stable Matching and Hall's Theorem,integrated; complete independent solution in course note,independent derivation; boundary and small-case checks in course note
class-S23-p1,in_class,23,3,05_In_Class_Questions/MIT6_042JS15_cp23.pdf,1,1,,no,03_Counting.md,#Session 23 — Sums & Products,integrated; complete independent solution in course note,independent derivation; boundary and small-case checks in course note
class-S23-p2,in_class,23,3,05_In_Class_Questions/MIT6_042JS15_cp23.pdf,1,2,,no,03_Counting.md,#Session 23 — Sums & Products,integrated; complete independent solution in course note,independent derivation; boundary and small-case checks in course note
class-S23-p3,in_class,23,3,05_In_Class_Questions/MIT6_042JS15_cp23.pdf,2,3,,no,03_Counting.md,#Session 23 — Sums & Products,integrated; complete independent solution in course note,independent derivation; boundary and small-case checks in course note
class-S23-p4,in_class,23,3,05_In_Class_Questions/MIT6_042JS15_cp23.pdf,2,4,,no,03_Counting.md,#Session 23 — Sums & Products,integrated; complete independent solution in course note,independent derivation; boundary and small-case checks in course note
class-S23-p5,in_class,23,3,05_In_Class_Questions/MIT6_042JS15_cp23.pdf,2,5,,no,03_Counting.md,#Session 23 — Sums & Products,integrated; complete independent solution in course note,independent derivation; boundary and small-case checks in course note
class-S24-p1,in_class,24,3,05_In_Class_Questions/MIT6_042JS15_cp24.pdf,1,1,,no,03_Counting.md,#Session 24 — Asymptotics,integrated; complete independent solution in course note,independent derivation; boundary and small-case checks in course note
class-S24-p2,in_class,24,3,05_In_Class_Questions/MIT6_042JS15_cp24.pdf,1,2,,no,03_Counting.md,#Session 24 — Asymptotics,integrated; complete independent solution in course note,independent derivation; boundary and small-case checks in course note
class-S24-p3,in_class,24,3,05_In_Class_Questions/MIT6_042JS15_cp24.pdf,1,3,,no,03_Counting.md,#Session 24 — Asymptotics,integrated; complete independent solution in course note,independent derivation; boundary and small-case checks in course note
class-S24-p4,in_class,24,3,05_In_Class_Questions/MIT6_042JS15_cp24.pdf,2,4,,no,03_Counting.md,#Session 24 — Asymptotics,integrated; complete independent solution in course note,independent derivation; boundary and small-case checks in course note
class-S24-p5,in_class,24,3,05_In_Class_Questions/MIT6_042JS15_cp24.pdf,2,5,,no,03_Counting.md,#Session 24 — Asymptotics,integrated; complete independent solution in course note,independent derivation; boundary and small-case checks in course note
class-S25-p1,in_class,25,3,05_In_Class_Questions/MIT6_042JS15_cp25.pdf,1,1,,no,03_Counting.md,#Session 25 — Counting with Bijections,integrated; complete independent solution in course note,independent derivation; boundary and small-case checks in course note
class-S25-p2,in_class,25,3,05_In_Class_Questions/MIT6_042JS15_cp25.pdf,1,2,,no,03_Counting.md,#Session 25 — Counting with Bijections,integrated; complete independent solution in course note,independent derivation; boundary and small-case checks in course note
class-S25-p3,in_class,25,3,05_In_Class_Questions/MIT6_042JS15_cp25.pdf,2,3,,no,03_Counting.md,#Session 25 — Counting with Bijections,integrated; complete independent solution in course note,independent derivation; boundary and small-case checks in course note
class-S25-p4,in_class,25,3,05_In_Class_Questions/MIT6_042JS15_cp25.pdf,2,4,,no,03_Counting.md,#Session 25 — Counting with Bijections,integrated; complete independent solution in course note,independent derivation; boundary and small-case checks in course note
class-S26-p1,in_class,26,3,05_In_Class_Questions/MIT6_042JS15_cp26.pdf,1,1,,no,03_Counting.md,#Session 26 — Repetitions & Binomial Theorem,integrated; complete independent solution in course note,independent derivation; boundary and small-case checks in course note
class-S26-p2,in_class,26,3,05_In_Class_Questions/MIT6_042JS15_cp26.pdf,1,2,,no,03_Counting.md,#Session 26 — Repetitions & Binomial Theorem,integrated; complete independent solution in course note,independent derivation; boundary and small-case checks in course note
class-S26-p3,in_class,26,3,05_In_Class_Questions/MIT6_042JS15_cp26.pdf,1,3,,no,03_Counting.md,#Session 26 — Repetitions & Binomial Theorem,integrated; complete independent solution in course note,independent derivation; boundary and small-case checks in course note
class-S26-p4,in_class,26,3,05_In_Class_Questions/MIT6_042JS15_cp26.pdf,2,4,,no,03_Counting.md,#Session 26 — Repetitions & Binomial Theorem,integrated; complete independent solution in course note,independent derivation; boundary and small-case checks in course note
class-S26-p5,in_class,26,3,05_In_Class_Questions/MIT6_042JS15_cp26.pdf,3,5,,no,03_Counting.md,#Session 26 — Repetitions & Binomial Theorem,integrated; complete independent solution in course note,independent derivation; boundary and small-case checks in course note
class-S27-p1,in_class,27,3,05_In_Class_Questions/MIT6_042JS15_cp27.pdf,1,1,,no,03_Counting.md,#Session 27 — Pigeonhole Principle & Inclusion–Exclusion,integrated; complete independent solution in course note,independent derivation; boundary and small-case checks in course note
class-S27-p2,in_class,27,3,05_In_Class_Questions/MIT6_042JS15_cp27.pdf,1,2,,no,03_Counting.md,#Session 27 — Pigeonhole Principle & Inclusion–Exclusion,integrated; complete independent solution in course note,independent derivation; boundary and small-case checks in course note
class-S27-p3,in_class,27,3,05_In_Class_Questions/MIT6_042JS15_cp27.pdf,1,3,,no,03_Counting.md,#Session 27 — Pigeonhole Principle & Inclusion–Exclusion,integrated; complete independent solution in course note,independent derivation; boundary and small-case checks in course note
class-S27-p4,in_class,27,3,05_In_Class_Questions/MIT6_042JS15_cp27.pdf,2,4,,no,03_Counting.md,#Session 27 — Pigeonhole Principle & Inclusion–Exclusion,integrated; complete independent solution in course note,independent derivation; boundary and small-case checks in course note
class-S27-p5,in_class,27,3,05_In_Class_Questions/MIT6_042JS15_cp27.pdf,2,5,,no,03_Counting.md,#Session 27 — Pigeonhole Principle & Inclusion–Exclusion,integrated; complete independent solution in course note,independent derivation; boundary and small-case checks in course note
class-S28-p1,in_class,28,4,05_In_Class_Questions/MIT6_042JS15_cp28.pdf,1,1,,no,04_Probability.md,#Session 28 — Intro to Discrete Probability,integrated; complete independent solution in course note,independent derivation; boundary and small-case checks in course note
class-S28-p2,in_class,28,4,05_In_Class_Questions/MIT6_042JS15_cp28.pdf,1,2,,no,04_Probability.md,#Session 28 — Intro to Discrete Probability,integrated; complete independent solution in course note,independent derivation; boundary and small-case checks in course note
class-S28-p3,in_class,28,4,05_In_Class_Questions/MIT6_042JS15_cp28.pdf,2,3,,no,04_Probability.md,#Session 28 — Intro to Discrete Probability,integrated; complete independent solution in course note,independent derivation; boundary and small-case checks in course note
class-S28-p4,in_class,28,4,05_In_Class_Questions/MIT6_042JS15_cp28.pdf,2,4,,no,04_Probability.md,#Session 28 — Intro to Discrete Probability,integrated; complete independent solution in course note,independent derivation; boundary and small-case checks in course note
class-S28-p5,in_class,28,4,05_In_Class_Questions/MIT6_042JS15_cp28.pdf,2,5,,no,04_Probability.md,#Session 28 — Intro to Discrete Probability,integrated; complete independent solution in course note,independent derivation; boundary and small-case checks in course note
class-S28-p6,in_class,28,4,05_In_Class_Questions/MIT6_042JS15_cp28.pdf,3,6,,no,04_Probability.md,#Session 28 — Intro to Discrete Probability,integrated; complete independent solution in course note,independent derivation; boundary and small-case checks in course note
class-S29-p1,in_class,29,4,05_In_Class_Questions/MIT6_042JS15_cp29.pdf,1,1,,no,04_Probability.md,#Session 29 — Conditional Probability,integrated; complete independent solution in course note,independent derivation; boundary and small-case checks in course note
class-S29-p2,in_class,29,4,05_In_Class_Questions/MIT6_042JS15_cp29.pdf,2,2,,no,04_Probability.md,#Session 29 — Conditional Probability,integrated; complete independent solution in course note,independent derivation; boundary and small-case checks in course note
class-S29-p3,in_class,29,4,05_In_Class_Questions/MIT6_042JS15_cp29.pdf,2,3,,no,04_Probability.md,#Session 29 — Conditional Probability,integrated; complete independent solution in course note,independent derivation; boundary and small-case checks in course note
class-S29-p4,in_class,29,4,05_In_Class_Questions/MIT6_042JS15_cp29.pdf,2,4,,no,04_Probability.md,#Session 29 — Conditional Probability,integrated; complete independent solution in course note,independent derivation; boundary and small-case checks in course note
class-S30-p1,in_class,30,4,05_In_Class_Questions/MIT6_042JS15_cp30.pdf,1,1,,no,04_Probability.md,#Session 30 — Independence & Causality,integrated; complete independent solution in course note,independent derivation; boundary and small-case checks in course note
class-S30-p2,in_class,30,4,05_In_Class_Questions/MIT6_042JS15_cp30.pdf,1,2,,no,04_Probability.md,#Session 30 — Independence & Causality,integrated; complete independent solution in course note,independent derivation; boundary and small-case checks in course note
class-S30-p3,in_class,30,4,05_In_Class_Questions/MIT6_042JS15_cp30.pdf,2,3,,no,04_Probability.md,#Session 30 — Independence & Causality,integrated; complete independent solution in course note,independent derivation; boundary and small-case checks in course note
class-S30-p4,in_class,30,4,05_In_Class_Questions/MIT6_042JS15_cp30.pdf,2,4,,no,04_Probability.md,#Session 30 — Independence & Causality,integrated; complete independent solution in course note,independent derivation; boundary and small-case checks in course note
class-S31-p1,in_class,31,4,05_In_Class_Questions/MIT6_042JS15_cp31.pdf,1,1,,no,04_Probability.md,#Session 31 — Random Variables & Density Functions,integrated; complete independent solution in course note,independent derivation; boundary and small-case checks in course note
class-S31-p2,in_class,31,4,05_In_Class_Questions/MIT6_042JS15_cp31.pdf,1,2,,no,04_Probability.md,#Session 31 — Random Variables & Density Functions,integrated; complete independent solution in course note,independent derivation; boundary and small-case checks in course note
class-S31-p3,in_class,31,4,05_In_Class_Questions/MIT6_042JS15_cp31.pdf,1,3,,no,04_Probability.md,#Session 31 — Random Variables & Density Functions,integrated; complete independent solution in course note,independent derivation; boundary and small-case checks in course note
class-S31-p4,in_class,31,4,05_In_Class_Questions/MIT6_042JS15_cp31.pdf,2,4,,no,04_Probability.md,#Session 31 — Random Variables & Density Functions,integrated; complete independent solution in course note,independent derivation; boundary and small-case checks in course note
class-S31-p5,in_class,31,4,05_In_Class_Questions/MIT6_042JS15_cp31.pdf,2,5,,no,04_Probability.md,#Session 31 — Random Variables & Density Functions,integrated; complete independent solution in course note,independent derivation; boundary and small-case checks in course note
class-S32-p1,in_class,32,4,05_In_Class_Questions/MIT6_042JS15_cp32.pdf,1,1,,no,04_Probability.md,#Session 32 — Expectation,integrated; complete independent solution in course note,independent derivation; boundary and small-case checks in course note
class-S32-p2,in_class,32,4,05_In_Class_Questions/MIT6_042JS15_cp32.pdf,1,2,,no,04_Probability.md,#Session 32 — Expectation,integrated; complete independent solution in course note,independent derivation; boundary and small-case checks in course note
class-S32-p3,in_class,32,4,05_In_Class_Questions/MIT6_042JS15_cp32.pdf,1,3,,no,04_Probability.md,#Session 32 — Expectation,integrated; complete independent solution in course note,independent derivation; boundary and small-case checks in course note
class-S32-p4,in_class,32,4,05_In_Class_Questions/MIT6_042JS15_cp32.pdf,1,4,,no,04_Probability.md,#Session 32 — Expectation,integrated; complete independent solution in course note,independent derivation; boundary and small-case checks in course note
class-S32-p5,in_class,32,4,05_In_Class_Questions/MIT6_042JS15_cp32.pdf,2,5,,no,04_Probability.md,#Session 32 — Expectation,integrated; complete independent solution in course note,independent derivation; boundary and small-case checks in course note
class-S33-p1,in_class,33,4,05_In_Class_Questions/MIT6_042JS15_cp33.pdf,1,1,,no,04_Probability.md,#Session 33 — Deviation: Markov & Chebyshev Bounds,integrated; complete independent solution in course note,independent derivation; boundary and small-case checks in course note
class-S33-p2,in_class,33,4,05_In_Class_Questions/MIT6_042JS15_cp33.pdf,1,2,,no,04_Probability.md,#Session 33 — Deviation: Markov & Chebyshev Bounds,integrated; complete independent solution in course note,independent derivation; boundary and small-case checks in course note
class-S33-p3,in_class,33,4,05_In_Class_Questions/MIT6_042JS15_cp33.pdf,2,3,,no,04_Probability.md,#Session 33 — Deviation: Markov & Chebyshev Bounds,integrated; complete independent solution in course note,independent derivation; boundary and small-case checks in course note
class-S33-p4,in_class,33,4,05_In_Class_Questions/MIT6_042JS15_cp33.pdf,2,4,,no,04_Probability.md,#Session 33 — Deviation: Markov & Chebyshev Bounds,integrated; complete independent solution in course note,independent derivation; boundary and small-case checks in course note
class-S33-p5,in_class,33,4,05_In_Class_Questions/MIT6_042JS15_cp33.pdf,3,5,,no,04_Probability.md,#Session 33 — Deviation: Markov & Chebyshev Bounds,integrated; complete independent solution in course note,independent derivation; boundary and small-case checks in course note
class-S34-p1,in_class,34,4,05_In_Class_Questions/MIT6_042JS15_cp34.pdf,1,1,,no,04_Probability.md,#Session 34 — Sampling & Confidence,integrated; complete independent solution in course note,independent derivation; boundary and small-case checks in course note
class-S34-p2,in_class,34,4,05_In_Class_Questions/MIT6_042JS15_cp34.pdf,1,2,,no,04_Probability.md,#Session 34 — Sampling & Confidence,integrated; complete independent solution in course note,independent derivation; boundary and small-case checks in course note
class-S34-p3,in_class,34,4,05_In_Class_Questions/MIT6_042JS15_cp34.pdf,1,3,,no,04_Probability.md,#Session 34 — Sampling & Confidence,integrated; complete independent solution in course note,independent derivation; boundary and small-case checks in course note
class-S34-p4,in_class,34,4,05_In_Class_Questions/MIT6_042JS15_cp34.pdf,2,4,,no,04_Probability.md,#Session 34 — Sampling & Confidence,integrated; complete independent solution in course note,independent derivation; boundary and small-case checks in course note
class-S34-p5,in_class,34,4,05_In_Class_Questions/MIT6_042JS15_cp34.pdf,2,5,,no,04_Probability.md,#Session 34 — Sampling & Confidence,integrated; complete independent solution in course note,independent derivation; boundary and small-case checks in course note
class-S34-p6,in_class,34,4,05_In_Class_Questions/MIT6_042JS15_cp34.pdf,2,6,,no,04_Probability.md,#Session 34 — Sampling & Confidence,integrated; complete independent solution in course note,independent derivation; boundary and small-case checks in course note
class-S35-p1,in_class,35,4,05_In_Class_Questions/MIT6_042JS15_cp35.pdf,1,1,,no,04_Probability.md,#Session 35 — Random Walks & PageRank,integrated; complete independent solution in course note,independent derivation; boundary and small-case checks in course note
class-S35-p2,in_class,35,4,05_In_Class_Questions/MIT6_042JS15_cp35.pdf,2,2,,no,04_Probability.md,#Session 35 — Random Walks & PageRank,integrated; complete independent solution in course note,independent derivation; boundary and small-case checks in course note
class-S35-p3,in_class,35,4,05_In_Class_Questions/MIT6_042JS15_cp35.pdf,2,3,,no,04_Probability.md,#Session 35 — Random Walks & PageRank,integrated; complete independent solution in course note,independent derivation; boundary and small-case checks in course note
midterm-1-p1,exam,8,1,07_Exams/MIT6_042JS15_midterm1.pdf,2,1,,no,01_Proofs.md,#Midterm 1 — Sessions 1–8,integrated; complete independent solution in course note,independent derivation; full-exam consistency check in course note
midterm-1-p2,exam,8,1,07_Exams/MIT6_042JS15_midterm1.pdf,3,2,,no,01_Proofs.md,#Midterm 1 — Sessions 1–8,integrated; complete independent solution in course note,independent derivation; full-exam consistency check in course note
midterm-1-p3,exam,8,1,07_Exams/MIT6_042JS15_midterm1.pdf,4,3,,no,01_Proofs.md,#Midterm 1 — Sessions 1–8,integrated; complete independent solution in course note,independent derivation; full-exam consistency check in course note
midterm-1-p4,exam,8,1,07_Exams/MIT6_042JS15_midterm1.pdf,5,4,,no,01_Proofs.md,#Midterm 1 — Sessions 1–8,integrated; complete independent solution in course note,independent derivation; full-exam consistency check in course note
midterm-1-p5,exam,8,1,07_Exams/MIT6_042JS15_midterm1.pdf,6,5,,no,01_Proofs.md,#Midterm 1 — Sessions 1–8,integrated; complete independent solution in course note,independent derivation; full-exam consistency check in course note
midterm-2-p1,exam,16,2,07_Exams/MIT6_042JS15_midterm2.pdf,2,1,,no,02_Structures.md,#Midterm 2,integrated; complete independent solution in course note,independent derivation; full-exam consistency check in course note
midterm-2-p2,exam,16,2,07_Exams/MIT6_042JS15_midterm2.pdf,3,2,,no,02_Structures.md,#Midterm 2,integrated; complete independent solution in course note,independent derivation; full-exam consistency check in course note
midterm-2-p3,exam,16,2,07_Exams/MIT6_042JS15_midterm2.pdf,4,3,,no,02_Structures.md,#Midterm 2,integrated; complete independent solution in course note,independent derivation; full-exam consistency check in course note
midterm-2-p4,exam,16,2,07_Exams/MIT6_042JS15_midterm2.pdf,5,4,,no,02_Structures.md,#Midterm 2,integrated; complete independent solution in course note,independent derivation; full-exam consistency check in course note
midterm-2-p5,exam,16,2,07_Exams/MIT6_042JS15_midterm2.pdf,6,5,,no,02_Structures.md,#Midterm 2,integrated; complete independent solution in course note,independent derivation; full-exam consistency check in course note
midterm-2-p6,exam,16,2,07_Exams/MIT6_042JS15_midterm2.pdf,7,6,,no,02_Structures.md,#Midterm 2,integrated; complete independent solution in course note,independent derivation; full-exam consistency check in course note
midterm-3-p1,exam,24,3,07_Exams/MIT6_042JS15_midterm3.pdf,2,1,,no,03_Counting.md,#Midterm 3 — after Session 24,integrated; complete independent solution in course note,independent derivation; full-exam consistency check in course note
midterm-3-p2,exam,24,3,07_Exams/MIT6_042JS15_midterm3.pdf,3,2,,no,03_Counting.md,#Midterm 3 — after Session 24,integrated; complete independent solution in course note,independent derivation; full-exam consistency check in course note
midterm-3-p3,exam,24,3,07_Exams/MIT6_042JS15_midterm3.pdf,4,3,,no,03_Counting.md,#Midterm 3 — after Session 24,integrated; complete independent solution in course note,independent derivation; full-exam consistency check in course note
midterm-3-p4,exam,24,3,07_Exams/MIT6_042JS15_midterm3.pdf,5,4,,no,03_Counting.md,#Midterm 3 — after Session 24,integrated; complete independent solution in course note,independent derivation; full-exam consistency check in course note
midterm-3-p5,exam,24,3,07_Exams/MIT6_042JS15_midterm3.pdf,6,5,,no,03_Counting.md,#Midterm 3 — after Session 24,integrated; complete independent solution in course note,independent derivation; full-exam consistency check in course note
midterm-3-p6,exam,24,3,07_Exams/MIT6_042JS15_midterm3.pdf,7,6,,no,03_Counting.md,#Midterm 3 — after Session 24,integrated; complete independent solution in course note,independent derivation; full-exam consistency check in course note
final-exam-p1,exam,35,4,07_Exams/MIT6_042JS15_finalexam.pdf,2,1,,no,05_Review and exam roadmap.md,#三、Final Exam 完整题解,integrated; complete independent solution in course note,independent derivation; full-exam consistency check in course note
final-exam-p2,exam,35,4,07_Exams/MIT6_042JS15_finalexam.pdf,3,2,,no,05_Review and exam roadmap.md,#三、Final Exam 完整题解,integrated; complete independent solution in course note,independent derivation; full-exam consistency check in course note
final-exam-p3,exam,35,4,07_Exams/MIT6_042JS15_finalexam.pdf,4,3,,no,05_Review and exam roadmap.md,#三、Final Exam 完整题解,integrated; complete independent solution in course note,independent derivation; full-exam consistency check in course note
final-exam-p4,exam,35,4,07_Exams/MIT6_042JS15_finalexam.pdf,5,4,,no,05_Review and exam roadmap.md,#三、Final Exam 完整题解,integrated; complete independent solution in course note,independent derivation; full-exam consistency check in course note
final-exam-p5,exam,35,4,07_Exams/MIT6_042JS15_finalexam.pdf,6,5,,no,05_Review and exam roadmap.md,#三、Final Exam 完整题解,integrated; complete independent solution in course note,independent derivation; full-exam consistency check in course note
final-exam-p6,exam,35,4,07_Exams/MIT6_042JS15_finalexam.pdf,7,6,,no,05_Review and exam roadmap.md,#三、Final Exam 完整题解,integrated; complete independent solution in course note,independent derivation; full-exam consistency check in course note
final-exam-p7,exam,35,4,07_Exams/MIT6_042JS15_finalexam.pdf,8,7,,no,05_Review and exam roadmap.md,#三、Final Exam 完整题解,integrated; complete independent solution in course note,independent derivation; full-exam consistency check in course note
final-exam-p8,exam,35,4,07_Exams/MIT6_042JS15_finalexam.pdf,9,8,,no,05_Review and exam roadmap.md,#三、Final Exam 完整题解,integrated; complete independent solution in course note,independent derivation; full-exam consistency check in course note
final-exam-p9,exam,35,4,07_Exams/MIT6_042JS15_finalexam.pdf,10,9,,no,05_Review and exam roadmap.md,#三、Final Exam 完整题解,integrated; complete independent solution in course note,independent derivation; full-exam consistency check in course note
final-exam-p10,exam,35,4,07_Exams/MIT6_042JS15_finalexam.pdf,11,10,,no,05_Review and exam roadmap.md,#三、Final Exam 完整题解,integrated; complete independent solution in course note,independent derivation; full-exam consistency check in course note
final-exam-p11,exam,35,4,07_Exams/MIT6_042JS15_finalexam.pdf,12,11,,no,05_Review and exam roadmap.md,#三、Final Exam 完整题解,integrated; complete independent solution in course note,independent derivation; full-exam consistency check in course note
final-exam-p12,exam,35,4,07_Exams/MIT6_042JS15_finalexam.pdf,13,12,,no,05_Review and exam roadmap.md,#三、Final Exam 完整题解,integrated; complete independent solution in course note,independent derivation; full-exam consistency check in course note
